Timestamp,Line,Event_Type,Downtime_Hours,Output_Units,Good_Units,Operator,Shift
2024-03-15 09:26:00,L9,No issue,0.0,2679,2463,Ben,Night
2024-02-04 15:32:00,L9,PM,0.0,585,574,Ben,Day
2024-04-27 03:38:00,T1,Breakdown,0.0,11121,10619,Chen,Day
2024-05-30 23:00:00,P1,Quality stop,0.0,9567,8933,Evan,Day
2024-04-01 21:11:00,T2,PM,4.0,5106,4407,Chen,Day
2024-01-09 20:24:00,L8,Breakdown,0.0,4258,3663,Ben,Night
2024-06-06 15:16:00,L9,No issue,0.0,2048,1920,Asha,Night
2024-10-18 13:05:00,T2,Breakdown,2.0,6647,5995,Chen,Day
2024-11-14 05:14:00,T1,Breakdown,3.0,6331,5668,Chen,Night
2024-06-17 13:42:00,T1,Breakdown,0.0,4341,3891,Asha,Day
2024-07-26 05:07:00,L8,No issue,0.0,9070,8688,Ben,Night
2024-02-18 09:56:00,T1,No issue,0.0,6655,6101,Diya,Day
2024-10-28 03:58:00,T2,No issue,0.0,2832,2408,Asha,Day
2024-02-06 13:19:00,P1,Quality stop,0.0,10954,10914,Asha,Day
2024-06-04 16:16:00,L8,PM,0.0,4655,4348,Ben,Night
2024-06-10 13:55:00,T1,Breakdown,0.0,9624,8623,Evan,Day
2024-01-15 08:45:00,P1,Breakdown,3.0,5643,5296,Chen,Day
2024-06-08 01:54:00,L8,PM,0.0,11701,11181,Ben,Night
2024-05-15 20:53:00,T2,Breakdown,1.0,2913,2808,Ben,Night
2024-02-11 10:21:00,T1,No issue,0.0,539,522,Diya,Night
2024-11-05 06:51:00,T2,PM,0.0,250,233,Ben,Day
2024-01-03 11:19:00,L8,Changeover,1.0,41,37,Ben,Night
2024-01-25 17:40:00,L8,No issue,0.0,4841,4344,Chen,Night
2024-06-25 22:39:00,T1,No issue,0.0,9153,7859,Diya,Day
2024-07-25 01:33:00,L9,No issue,0.0,4922,4713,Chen,Day
2024-10-16 06:10:00,P1,Breakdown,0.0,5480,5459,Asha,Day
2024-12-28 22:34:00,T2,No issue,0.0,582,512,Ben,Day
2024-07-02 09:26:00,P1,No issue,0.0,1452,1311,Evan,Night
2024-07-16 15:58:00,T2,Breakdown,0.0,10805,9590,Asha,Day
2024-05-29 15:05:00,L9,No issue,0.0,11938,11810,Ben,Day
2024-08-31 09:12:00,L9,Quality stop,1.0,10251,9161,Evan,Day
2024-06-07 04:36:00,P1,No issue,0.0,3380,2888,Chen,Night
2024-07-13 23:13:00,T2,No issue,0.0,84,77,Ben,Day
2024-01-13 07:31:00,T2,PM,0.0,8883,7616,Evan,Day
2024-07-05 09:29:00,L8,No issue,0.0,787,719,Chen,Day
2024-11-30 04:59:00,L8,Breakdown,0.0,11291,9782,Ben,Day
2024-09-30 08:43:00,T1,PM,0.0,4177,3701,Chen,Night
2024-04-03 23:39:00,T1,No issue,0.0,4233,4043,Evan,Night
2024-01-24 11:09:00,L8,No issue,0.0,11747,11486,Ben,Night
2024-12-23 00:14:00,L9,No issue,0.0,7384,7148,Diya,Day
2024-07-30 01:40:00,T2,Breakdown,2.0,11971,11764,Asha,Night
2024-05-29 06:55:00,L9,No issue,0.0,7065,6233,Ben,Day
2024-10-12 03:53:00,L9,Breakdown,2.0,1921,1890,Evan,Day
2024-12-14 23:02:00,L8,No issue,0.0,1239,1137,Asha,Night
2024-08-10 15:42:00,L8,No issue,0.0,6630,6163,Asha,Day
2024-08-14 01:11:00,L9,PM,0.0,7565,6499,Asha,Day
2024-03-15 18:43:00,L8,No issue,0.0,316,304,Asha,Night
2024-07-03 03:46:00,L9,PM,0.0,10379,10038,Evan,Night
2024-05-03 06:13:00,T2,No issue,0.0,961,889,Chen,Night
2024-08-24 16:36:00,P1,PM,2.0,7529,7307,Asha,Day
2024-06-17 06:39:00,T1,Quality stop,3.0,8239,7546,Ben,Day
2024-10-26 11:48:00,L8,No issue,0.0,4089,3480,Diya,Day
2024-09-15 20:36:00,L9,PM,0.0,6102,5773,Unknown,Day
2024-08-07 20:03:00,T1,No issue,0.0,1743,1544,Asha,Day
2024-04-03 05:17:00,L9,No issue,0.0,2384,2083,Evan,Day
2024-09-18 04:57:00,L8,No issue,0.0,20,19,Evan,Day
2024-04-04 09:13:00,L8,No issue,0.0,8148,7925,Chen,Day
2024-11-03 11:29:00,L8,Changeover,1.0,10467,9240,Ben,Night
2024-05-23 02:12:00,L8,No issue,0.0,7045,6510,Asha,Day
2024-11-16 12:46:00,T1,No issue,0.0,3384,3265,Ben,Night
2024-06-13 05:11:00,L8,Breakdown,0.0,2358,2227,Asha,Day
2024-01-08 06:47:00,T1,Changeover,2.0,3739,3633,Diya,Day
2024-10-26 07:39:00,L9,PM,3.0,8209,7279,Asha,Day
2024-12-18 18:38:00,P1,No issue,0.0,8013,7449,Chen,Day
2024-12-24 18:31:00,T1,No issue,0.0,6928,6424,Ben,Day
2024-05-16 21:05:00,L9,No issue,0.0,11640,10799,Chen,Day
2024-02-02 09:00:00,L8,Quality stop,0.0,6363,5738,Asha,Day
2024-07-15 12:14:00,T2,Changeover,3.0,1236,1232,Asha,Night
2024-04-07 11:25:00,L8,Quality stop,0.0,9259,9240,Evan,Day
2024-11-27 09:39:00,P1,No issue,0.0,1311,1116,Ben,Night
2024-10-29 19:49:00,T2,PM,1.0,7696,6988,Asha,Night
2024-05-24 03:55:00,T2,PM,2.0,2037,1834,Asha,Day
2024-07-08 21:52:00,P1,Quality stop,0.0,1548,1352,Diya,Night
2024-09-03 02:12:00,L8,No issue,0.0,9254,9095,Ben,Night
2024-02-25 15:34:00,T2,No issue,0.0,1488,1335,Chen,Night
2024-11-13 06:21:00,L8,No issue,0.0,9500,8451,Evan,Day
2024-09-23 21:00:00,L8,Breakdown,1.0,458,448,Diya,Night
2024-12-30 16:58:00,L9,Breakdown,0.0,8033,7051,Chen,Day
2024-03-05 06:57:00,L9,No issue,0.0,8761,7492,Diya,Day
2024-11-04 05:49:00,L9,No issue,0.0,9753,9015,Ben,Day
2024-06-23 08:30:00,L8,PM,1.0,8829,7887,Chen,Day
2024-03-31 00:48:00,T2,No issue,0.0,3618,3147,Asha,Night
2024-10-09 20:26:00,L8,No issue,0.0,519,514,Asha,Day
2024-11-08 07:16:00,L9,Quality stop,2.0,9638,9008,Asha,Night
2024-03-07 06:46:00,P1,No issue,0.0,10196,9768,Chen,Night
2024-08-20 10:44:00,L8,Changeover,0.0,2728,2323,Asha,Night
2024-04-24 16:41:00,L9,No issue,0.0,7496,7366,Unknown,Night
2024-06-28 20:37:00,T2,No issue,0.0,11114,10883,Evan,Day
2024-11-23 16:47:00,L8,Breakdown,1.0,5657,5141,Chen,Day
2024-04-03 08:48:00,T2,Breakdown,1.0,7937,7821,Asha,Night
2024-03-09 09:47:00,L8,No issue,0.0,6709,6193,Diya,Day
2024-01-04 15:38:00,L8,Breakdown,1.0,4673,4563,Evan,Night
2024-03-13 14:19:00,T2,Quality stop,1.0,3828,3777,Chen,Day
2024-02-24 01:27:00,L9,PM,1.0,3833,3614,Diya,Night
2024-11-11 09:27:00,L9,Breakdown,1.0,5258,5258,Asha,Day
2024-01-29 19:49:00,P1,Changeover,0.0,239,209,Ben,Day
2024-07-17 22:57:00,L8,PM,2.0,10176,8672,Chen,Night
2024-05-13 07:02:00,T1,Quality stop,3.0,10798,9946,Ben,Night
2024-03-01 17:51:00,P1,Breakdown,0.0,9283,8555,Asha,Day
2024-01-30 00:11:00,P1,No issue,0.0,49,45,Evan,Day
2024-03-25 06:25:00,L8,Quality stop,0.0,1470,1454,Ben,Night
2024-05-31 17:08:00,T1,No issue,0.0,8259,7985,Diya,Day
2024-03-03 21:42:00,P1,No issue,0.0,11650,11421,Diya,Day
2024-12-17 09:08:00,L8,No issue,0.0,6946,6413,Asha,Day
2024-08-02 00:47:00,P1,Breakdown,1.0,9721,9676,Diya,Night
2024-11-26 07:12:00,P1,Breakdown,1.0,11879,10218,Ben,Night
2024-04-02 19:23:00,L8,Breakdown,2.0,6469,5893,Chen,Day
2024-08-05 14:23:00,L9,No issue,0.0,2167,2001,Unknown,Day
2024-06-02 15:05:00,T1,No issue,0.0,9793,9224,Chen,Day
2024-04-11 19:15:00,T2,Breakdown,0.0,2340,2254,Ben,Night
2024-05-27 12:36:00,T1,Quality stop,0.0,8625,7803,Ben,Day
2024-04-28 17:11:00,L8,No issue,0.0,4847,4694,Asha,Day
2024-03-17 18:13:00,P1,No issue,0.0,266,237,Chen,Day
2024-09-15 00:09:00,T1,Breakdown,2.0,5794,5348,Asha,Night
2024-06-19 09:29:00,P1,No issue,0.0,2670,2462,Evan,Day
2024-09-08 04:39:00,L9,Breakdown,3.0,10118,8949,Evan,Day
2024-02-11 02:07:00,L9,No issue,0.0,6375,6231,Chen,Night
2024-03-03 03:35:00,P1,PM,2.0,5248,4523,Chen,Night
2024-11-29 16:56:00,L8,Quality stop,2.0,9125,7782,Chen,Night
2024-07-06 18:58:00,P1,Breakdown,1.0,2092,1947,Chen,Day
2024-03-24 12:07:00,L8,No issue,0.0,4154,3966,Asha,Night
2024-09-07 02:27:00,P1,No issue,0.0,1382,1372,Diya,Day
2024-06-07 23:44:00,P1,Breakdown,0.0,6587,6040,Ben,Day
2024-04-13 15:36:00,T1,PM,2.0,814,813,Unknown,Night
2024-05-22 00:10:00,T2,No issue,0.0,6260,5664,Chen,Day
2024-12-28 08:28:00,T1,Quality stop,2.0,2786,2722,Ben,Day
2024-10-22 11:51:00,P1,No issue,0.0,9814,8881,Evan,Night
2024-11-29 05:13:00,T2,No issue,0.0,8702,8309,Asha,Night
2024-05-26 08:17:00,P1,No issue,0.0,1484,1269,Asha,Day
2024-12-17 03:28:00,T1,No issue,0.0,8898,8858,Evan,Night
2024-04-20 16:34:00,T2,Breakdown,1.0,4352,3774,Asha,Day
2024-03-09 17:15:00,T1,No issue,0.0,2553,2180,Asha,Day
2024-10-24 16:18:00,P1,PM,0.0,7582,6660,Chen,Day
2024-12-13 00:17:00,P1,Quality stop,0.0,11676,10588,Ben,Day
2024-08-24 08:52:00,T2,No issue,0.0,3845,3453,Evan,Day
2024-08-22 08:19:00,L9,No issue,0.0,11305,9859,Diya,Day
2024-03-23 08:04:00,P1,PM,0.0,1929,1778,Asha,Day
2024-09-25 09:29:00,T2,No issue,0.0,3691,3228,Asha,Night
2024-04-08 03:41:00,T1,PM,0.0,7955,7013,Evan,Night
2024-06-12 12:59:00,L9,Breakdown,0.0,61,56,Asha,Day
2024-08-16 20:06:00,P1,No issue,0.0,11936,11279,Diya,Night
2024-01-13 18:38:00,T2,Breakdown,3.0,8390,7196,Asha,Day
2024-04-20 02:54:00,T1,PM,4.0,1420,1265,Asha,Night
2024-04-07 02:41:00,T2,Breakdown,0.0,7242,7220,Ben,Night
2024-01-16 07:58:00,P1,No issue,0.0,5691,5649,Evan,Night
2024-05-03 17:57:00,T2,No issue,0.0,8354,7777,Ben,Day
2024-10-19 11:47:00,L8,PM,1.0,333,284,Chen,Day
2024-04-29 04:47:00,P1,No issue,0.0,2387,2058,Chen,Day
2024-08-21 14:33:00,L8,PM,1.0,943,809,Asha,Night
2024-12-26 01:20:00,T1,Breakdown,0.0,3575,3170,Evan,Day
2024-12-02 01:12:00,T1,PM,3.0,1921,1852,Unknown,Day
2024-01-19 20:18:00,T2,No issue,0.0,9689,8320,Ben,Day
2024-12-20 08:40:00,T2,PM,4.0,3297,2886,Evan,Day
2024-03-12 08:30:00,T2,Breakdown,1.0,162,158,Evan,Day
2024-05-24 03:04:00,P1,Breakdown,1.0,10676,9867,Ben,Night
2024-07-17 09:54:00,L8,No issue,0.0,3361,3323,Chen,Night
2024-02-10 05:28:00,L9,Changeover,1.0,10310,9339,Asha,Day
2024-10-02 08:01:00,P1,Breakdown,0.0,10598,10131,Diya,Day
2024-11-04 14:13:00,T2,PM,0.0,1392,1276,Ben,Night
2024-07-21 22:45:00,T1,Quality stop,4.0,5777,5265,Chen,Night
2024-01-14 12:53:00,P1,Quality stop,0.0,11564,10404,Chen,Night
2024-06-06 13:43:00,T2,No issue,0.0,10822,9227,Unknown,Day
2024-09-08 17:02:00,T2,Breakdown,0.0,3838,3618,Diya,Day
2024-12-10 12:39:00,T2,PM,0.0,1355,1260,Evan,Day
2024-11-03 00:45:00,T2,Quality stop,3.0,7354,7283,Evan,Day
2024-03-09 10:12:00,L8,PM,0.0,3195,3169,Chen,Day
2024-02-09 19:55:00,L8,No issue,0.0,10621,9258,Diya,Day
2024-05-17 14:52:00,L9,Breakdown,0.0,8449,8093,Asha,Night
2024-01-18 06:30:00,P1,No issue,0.0,11377,10035,Diya,Night
2024-04-17 10:27:00,T2,PM,0.0,1369,1201,Evan,Day
2024-04-27 08:45:00,L8,Quality stop,0.0,7791,7555,Ben,Day
2024-02-11 04:23:00,L9,Breakdown,4.0,3031,2757,Chen,Day
2024-11-19 05:14:00,L8,No issue,0.0,10708,10353,Chen,Day
2024-04-29 19:00:00,P1,Breakdown,0.0,9805,9784,Chen,Day
2024-12-22 08:09:00,T1,Breakdown,1.0,8078,7894,Evan,Day
2024-04-23 18:40:00,L9,No issue,0.0,4680,4117,Chen,Night
2024-03-14 15:25:00,P1,No issue,0.0,3354,3109,Ben,Day
2024-07-01 07:58:00,T1,Breakdown,1.0,10806,9659,Ben,Day
2024-02-08 20:33:00,L9,No issue,0.0,777,736,Chen,Day
2024-11-03 12:31:00,L9,No issue,0.0,6916,5971,Asha,Day
2024-06-13 02:54:00,T2,No issue,0.0,7632,6869,Unknown,Day
2024-04-15 12:52:00,T1,No issue,0.0,4174,3552,Chen,Day
2024-10-31 04:35:00,L8,Changeover,0.0,11452,11083,Diya,Night
2024-05-24 03:11:00,P1,No issue,0.0,9592,8245,Unknown,Day
2024-03-23 08:24:00,L9,No issue,0.0,10777,9620,Asha,Night
2024-12-21 11:45:00,T1,Changeover,4.0,1220,1069,Asha,Night
2024-01-12 18:00:00,T2,PM,4.0,10704,9602,Unknown,Day
2024-09-22 02:54:00,T2,Breakdown,1.0,7769,7227,Diya,Day
2024-06-30 19:40:00,T2,No issue,0.0,9786,9699,Asha,Day
2024-09-30 05:20:00,P1,Breakdown,3.0,4937,4494,Asha,Day
2024-06-07 20:00:00,P1,Breakdown,1.0,6995,6827,Diya,Night
2024-12-07 01:02:00,P1,No issue,0.0,5861,5137,Diya,Night
2024-10-01 15:39:00,L8,Breakdown,0.0,8812,7670,Ben,Day
2024-05-06 23:16:00,T2,No issue,0.0,7061,6516,Diya,Night
2024-12-10 23:30:00,T1,No issue,0.0,2842,2724,Ben,Day
2024-02-03 09:48:00,L9,Breakdown,0.0,6491,6154,Asha,Night
2024-07-11 23:37:00,T1,Breakdown,2.0,3349,3034,Ben,Day
2024-11-08 01:49:00,L8,Quality stop,2.0,1486,1434,Diya,Day
2024-02-22 17:41:00,L9,Breakdown,0.0,263,250,Chen,Day
2024-10-18 22:14:00,T1,Changeover,0.0,7480,6940,Evan,Day
2024-03-01 13:15:00,L9,Quality stop,0.0,1201,1096,Diya,Night
2024-12-21 05:36:00,P1,No issue,0.0,2190,1937,Asha,Day
2024-03-30 04:41:00,L9,PM,0.0,6190,5578,Evan,Day
2024-03-09 05:27:00,P1,PM,0.0,7325,6294,Ben,Day
2024-12-18 16:05:00,L8,Breakdown,0.0,11751,10235,Diya,Night
2024-11-16 15:49:00,T1,Breakdown,0.0,7566,7005,Ben,Night
2024-08-16 21:12:00,L8,PM,0.0,4756,4482,Chen,Night
2024-09-10 13:27:00,P1,No issue,0.0,5967,5615,Asha,Day
2024-12-15 17:42:00,L9,PM,0.0,7155,6992,Chen,Day
2024-01-27 01:29:00,P1,Breakdown,0.0,6681,5937,Asha,Day
2024-05-13 01:46:00,L9,No issue,0.0,6425,5704,Ben,Day
2024-03-18 08:24:00,P1,PM,2.0,1023,925,Chen,Day
2024-10-13 19:51:00,L8,No issue,0.0,1983,1713,Unknown,Day
2024-05-12 19:13:00,L8,Breakdown,0.0,4273,3845,Diya,Day
2024-05-29 12:43:00,P1,No issue,0.0,5395,4966,Diya,Day
2024-02-04 02:01:00,T1,Breakdown,0.0,9059,8171,Diya,Day
2024-08-22 20:56:00,T1,No issue,0.0,6596,6368,Asha,Day
2024-03-30 07:11:00,T1,Breakdown,2.0,10742,9589,Diya,Night
2024-12-21 22:10:00,T1,Quality stop,1.0,296,259,Diya,Day
2024-09-24 03:33:00,L8,Breakdown,0.0,10635,10427,Diya,Day
2024-11-21 17:55:00,L9,PM,4.0,316,273,Diya,Night
2024-12-27 23:29:00,T2,PM,1.0,620,559,Diya,Day
2024-11-25 12:30:00,T1,Changeover,0.0,1627,1615,Diya,Night
2024-03-10 06:45:00,L9,No issue,0.0,2185,2147,Asha,Day
2024-11-02 20:03:00,T2,PM,1.0,11616,10369,Ben,Day
2024-03-14 18:01:00,P1,PM,1.0,9990,9040,Diya,Day
2024-08-09 22:44:00,L9,No issue,0.0,7123,6132,Evan,Day
2024-04-13 17:38:00,T2,No issue,0.0,7845,7040,Evan,Day
2024-10-02 16:31:00,T2,Breakdown,1.0,3161,2864,Evan,Day
2024-10-29 12:19:00,T1,Breakdown,0.0,6163,5826,Ben,Day
2024-06-11 14:22:00,P1,PM,0.0,6013,5613,Diya,Day
2024-12-09 00:56:00,L9,Breakdown,1.0,5600,5144,Diya,Day
2024-03-13 20:54:00,L8,Quality stop,2.0,1934,1679,Ben,Day
2024-02-21 02:50:00,T1,No issue,0.0,7220,6831,Ben,Night
2024-05-10 14:33:00,P1,No issue,0.0,8402,8263,Ben,Day
2024-05-25 21:34:00,P1,Quality stop,0.0,7006,6017,Ben,Day
2024-12-17 05:50:00,T2,PM,3.0,9466,8426,Ben,Day
2024-06-14 13:08:00,L8,No issue,0.0,2352,2155,Ben,Day
2024-04-08 16:08:00,L8,Breakdown,0.0,11726,10390,Diya,Night
2024-07-25 11:54:00,L8,PM,1.0,11660,11579,Diya,Night
2024-11-29 00:24:00,L8,Breakdown,0.0,1747,1668,Diya,Day
2024-01-07 12:44:00,L9,No issue,0.0,1111,964,Chen,Day
2024-04-15 17:21:00,L8,No issue,0.0,8040,7013,Asha,Day
2024-05-26 18:06:00,L8,No issue,0.0,10538,9964,Evan,Night
2024-01-14 20:56:00,P1,PM,1.0,10523,9087,Diya,Day
2024-08-07 08:31:00,T1,Changeover,2.0,6916,6540,Ben,Night
2024-03-30 19:05:00,P1,PM,0.0,6328,5983,Chen,Day
2024-03-01 12:05:00,T2,No issue,0.0,10209,8691,Chen,Day
2024-12-19 00:54:00,T2,Breakdown,1.0,6966,6721,Asha,Night
2024-02-28 12:58:00,T1,Breakdown,1.0,10171,9242,Asha,Day
2024-05-07 03:30:00,T2,No issue,0.0,3445,3250,Chen,Day
2024-12-01 05:58:00,L8,Breakdown,0.0,9783,8980,Diya,Day
2024-11-09 13:39:00,L9,Quality stop,1.0,7121,6833,Diya,Night
2024-09-14 23:49:00,T2,Breakdown,0.0,451,422,Asha,Day
2024-05-17 21:31:00,T1,Quality stop,0.0,11069,10340,Ben,Day
2024-11-16 06:41:00,L9,No issue,0.0,8122,7515,Diya,Day
2024-03-17 02:18:00,T2,Quality stop,0.0,4688,4655,Diya,Day
2024-01-28 05:23:00,L9,Breakdown,0.0,5837,5011,Ben,Day
2024-12-18 17:41:00,L8,No issue,0.0,954,906,Chen,Day
2024-09-03 02:09:00,L9,PM,1.0,7782,7428,Diya,Day
2024-09-18 13:28:00,P1,No issue,0.0,7544,7403,Diya,Night
2024-08-23 05:47:00,T2,Breakdown,1.0,9000,8274,Diya,Night
2024-03-13 07:19:00,T2,PM,3.0,8146,7750,Evan,Night
2024-09-23 09:12:00,L9,Breakdown,2.0,922,900,Ben,Night
2024-08-13 01:33:00,T2,Quality stop,1.0,3199,2777,Chen,Day
2024-02-03 14:53:00,L9,No issue,0.0,9747,9031,Asha,Day
2024-06-20 07:52:00,T2,No issue,0.0,10945,9839,Diya,Day
2024-12-29 05:52:00,T2,No issue,0.0,42,37,Asha,Day
2024-04-03 21:26:00,T2,No issue,0.0,4121,3657,Asha,Day
2024-08-10 03:14:00,T1,Breakdown,3.0,7562,7529,Evan,Day
2024-05-27 04:23:00,T2,PM,0.0,7650,6547,Evan,Night
2024-04-06 03:53:00,L8,Breakdown,1.0,7639,6810,Unknown,Day
2024-08-13 22:23:00,T2,Changeover,1.0,7681,7319,Diya,Day
2024-03-21 09:52:00,L8,No issue,0.0,282,249,Asha,Day
2024-11-17 21:17:00,P1,No issue,0.0,6830,6190,Asha,Night
2024-02-18 05:49:00,T2,PM,1.0,1300,1268,Evan,Day
2024-10-19 19:49:00,P1,No issue,0.0,10814,9991,Chen,Day
2024-05-06 02:51:00,L9,Quality stop,1.0,6641,6233,Chen,Day
2024-10-05 05:11:00,L9,Changeover,1.0,6387,5782,Chen,Day
2024-03-08 05:06:00,T2,No issue,0.0,8831,7871,Chen,Night
2024-05-26 11:03:00,L9,No issue,0.0,8710,7892,Evan,Day
2024-08-13 12:34:00,T1,No issue,0.0,58,56,Ben,Day
2024-07-12 14:19:00,L9,Quality stop,0.0,196,179,Diya,Day
2024-07-30 12:09:00,P1,Breakdown,1.0,7455,7059,Chen,Day
2024-06-29 11:20:00,T2,No issue,0.0,6658,5914,Diya,Night
2024-04-01 03:12:00,T2,No issue,0.0,245,216,Diya,Day
2024-07-19 23:49:00,T1,Breakdown,4.0,9782,8460,Ben,Day
2024-11-15 14:43:00,L8,No issue,0.0,6901,6136,Evan,Day
2024-01-23 11:17:00,L8,No issue,0.0,11560,10680,Asha,Night
2024-04-24 03:19:00,P1,Quality stop,1.0,7752,7239,Evan,Day
2024-05-12 15:44:00,T2,No issue,0.0,7000,6968,Ben,Day
2024-08-30 04:27:00,L9,No issue,0.0,5745,5202,Asha,Day
2024-12-12 21:01:00,T2,PM,1.0,8417,7924,Diya,Night
2024-02-14 19:17:00,L8,PM,2.0,10181,9223,Evan,Night
2024-09-11 01:02:00,P1,No issue,0.0,7856,7172,Chen,Night
2024-04-25 05:11:00,L9,No issue,0.0,2638,2595,Chen,Night
2024-05-22 13:39:00,L9,No issue,0.0,1429,1394,Diya,Day
2024-11-02 05:08:00,P1,Changeover,0.0,4869,4787,Asha,Night
2024-03-01 22:25:00,P1,Breakdown,4.0,6797,6364,Diya,Night
2024-09-04 19:41:00,L8,No issue,0.0,1986,1925,Diya,Day
2024-12-30 13:12:00,L8,No issue,0.0,2940,2513,Evan,Night
2024-05-12 23:54:00,L8,Breakdown,2.0,8989,8504,Diya,Night
2024-07-11 09:03:00,L8,No issue,0.0,3080,3013,Diya,Night
2024-08-23 07:13:00,L9,No issue,0.0,11441,11213,Ben,Day
2024-08-26 11:14:00,T2,No issue,0.0,10877,10754,Diya,Night
2024-03-23 17:27:00,P1,No issue,0.0,7458,6934,Diya,Night
2024-05-18 12:25:00,T2,Breakdown,1.0,44,40,Asha,Night
2024-09-07 06:05:00,T2,Changeover,2.0,4144,3545,Diya,Day
2024-01-24 18:36:00,L9,No issue,0.0,4833,4140,Chen,Day
2024-04-24 22:17:00,L8,PM,1.0,6159,5597,Diya,Day
2024-09-23 13:17:00,T2,No issue,0.0,5652,5107,Asha,Night
2024-02-05 05:42:00,T1,Breakdown,0.0,87,82,Chen,Night
2024-03-03 13:51:00,L9,No issue,0.0,4993,4984,Diya,Night
2024-10-13 23:13:00,T1,No issue,0.0,7322,7229,Evan,Night
2024-11-08 15:12:00,L9,No issue,0.0,4885,4242,Asha,Day
2024-07-21 13:49:00,T2,No issue,0.0,9029,8332,Chen,Day
2024-01-29 10:49:00,L8,No issue,0.0,984,934,Evan,Day
2024-10-21 15:43:00,L9,Breakdown,4.0,6267,6144,Asha,Night
2024-01-09 02:16:00,P1,Breakdown,2.0,3464,2946,Chen,Night
2024-09-22 13:31:00,P1,Breakdown,1.0,2705,2339,Diya,Night
2024-05-06 00:49:00,T2,No issue,0.0,9882,9579,Diya,Day
2024-11-24 19:40:00,P1,No issue,0.0,4867,4609,Ben,Night
2024-05-30 20:37:00,L9,Quality stop,4.0,5369,4970,Diya,Day
2024-11-02 11:49:00,L8,No issue,0.0,7352,6816,Asha,Night
2024-01-24 04:51:00,L8,Quality stop,1.0,8766,7546,Ben,Night
2024-02-04 00:25:00,T1,Changeover,0.0,4815,4544,Diya,Day
2024-07-14 02:56:00,L8,No issue,0.0,3708,3665,Asha,Night
2024-02-19 21:28:00,T2,No issue,0.0,11019,9533,Chen,Day
2024-05-05 04:43:00,T2,Quality stop,4.0,325,312,Asha,Day
2024-09-06 17:26:00,L9,No issue,0.0,9723,8657,Diya,Day
2024-06-13 21:31:00,P1,No issue,0.0,6720,5788,Chen,Day
2024-05-12 11:50:00,L9,Breakdown,1.0,10273,8842,Ben,Night
2024-06-07 06:37:00,T1,No issue,0.0,9537,8494,Ben,Day
2024-11-09 09:08:00,P1,PM,1.0,2380,2052,Ben,Day
2024-03-29 03:54:00,T2,Breakdown,1.0,5181,5024,Asha,Day
2024-09-01 03:44:00,T1,PM,3.0,4261,4112,Asha,Day
2024-06-19 23:56:00,P1,No issue,0.0,11386,10828,Evan,Day
2024-07-11 06:13:00,P1,No issue,0.0,771,737,Diya,Day
2024-03-20 07:05:00,T1,No issue,0.0,693,683,Asha,Night
2024-01-17 03:03:00,L8,No issue,0.0,10500,10227,Diya,Day
2024-09-17 09:18:00,P1,No issue,0.0,10501,9649,Asha,Night
2024-12-23 14:57:00,L8,Changeover,0.0,7419,6928,Evan,Day
2024-01-15 09:09:00,P1,Breakdown,0.0,9618,8777,Chen,Day
2024-04-18 05:23:00,L9,Breakdown,4.0,7805,7155,Chen,Day
2024-06-29 16:01:00,T1,No issue,0.0,5115,4664,Evan,Day
2024-08-13 04:38:00,T2,Changeover,2.0,9781,8908,Ben,Day
2024-01-05 02:02:00,T2,No issue,0.0,640,583,Evan,Day
2024-08-09 04:06:00,T1,No issue,0.0,2464,2287,Chen,Night
2024-05-05 21:42:00,L8,Quality stop,0.0,6410,5702,Ben,Day
2024-08-31 07:26:00,L8,PM,0.0,5380,4962,Ben,Day
2024-10-23 08:08:00,T2,PM,1.0,9013,8399,Evan,Day
2024-03-06 18:29:00,T2,No issue,0.0,10709,10350,Asha,Day
2024-07-26 22:02:00,P1,No issue,0.0,3961,3490,Chen,Night
2024-02-29 02:51:00,P1,No issue,0.0,7087,6758,Chen,Day
2024-05-01 06:37:00,P1,Quality stop,3.0,2274,1945,Unknown,Night
2024-05-14 17:04:00,L9,PM,1.0,370,342,Diya,Day
2024-06-07 16:37:00,T2,Breakdown,0.0,4022,3848,Ben,Day
2024-02-09 10:35:00,L8,Changeover,2.0,4596,3971,Asha,Day
2024-08-06 00:41:00,P1,Changeover,0.0,7310,7155,Unknown,Day
2024-01-19 01:29:00,T1,Breakdown,0.0,47,43,Evan,Night
2024-11-10 19:12:00,L9,PM,2.0,7965,7331,Unknown,Day
2024-01-09 16:03:00,T2,Breakdown,1.0,3846,3455,Diya,Night
2024-02-17 21:23:00,T1,No issue,0.0,8340,7767,Evan,Day
2024-05-24 04:44:00,T1,No issue,0.0,11691,9974,Chen,Day
2024-08-11 10:41:00,T2,No issue,0.0,4969,4841,Diya,Day
2024-06-17 15:03:00,L8,No issue,0.0,1393,1276,Chen,Day
2024-04-27 05:11:00,P1,No issue,0.0,611,565,Chen,Night
2024-04-22 00:40:00,L9,No issue,0.0,9765,8602,Asha,Night
2024-12-26 21:26:00,T1,Breakdown,0.0,6905,6114,Diya,Day
2024-09-23 11:16:00,P1,No issue,0.0,8485,8021,Chen,Day
2024-04-20 12:25:00,T2,No issue,0.0,10837,9617,Chen,Day
2024-03-09 02:22:00,L8,No issue,0.0,4340,4288,Ben,Day
2024-04-27 07:56:00,P1,Breakdown,0.0,9656,8947,Diya,Day
2024-08-12 06:21:00,L9,Breakdown,0.0,10492,10074,Diya,Night
2024-01-27 12:27:00,T1,PM,4.0,10802,10765,Unknown,Day
2024-06-03 19:52:00,T2,Quality stop,0.0,1587,1429,Chen,Night
2024-05-26 09:08:00,L8,No issue,0.0,5759,5535,Asha,Night
2024-11-21 20:50:00,L8,Breakdown,0.0,1986,1718,Evan,Night
2024-01-12 22:58:00,T1,Breakdown,0.0,216,192,Ben,Day
2024-06-14 11:26:00,T2,Breakdown,0.0,7073,6719,Diya,Day
2024-05-01 02:50:00,L9,PM,0.0,1063,1049,Evan,Night
2024-09-14 13:24:00,T1,No issue,0.0,786,698,Asha,Day
2024-04-29 05:31:00,L8,PM,2.0,2759,2683,Chen,Day
2024-07-26 16:23:00,L8,No issue,0.0,7431,6337,Asha,Night
2024-08-10 08:22:00,L8,No issue,0.0,1750,1573,Chen,Day
2024-04-19 02:34:00,L8,Breakdown,0.0,5476,5381,Asha,Night
2024-03-06 23:33:00,T1,Changeover,3.0,2582,2292,Ben,Day
2024-10-04 15:27:00,P1,Breakdown,0.0,11150,9662,Chen,Day
2024-12-25 15:34:00,T2,No issue,0.0,8535,8186,Ben,Day
2024-03-24 01:38:00,L9,Breakdown,2.0,11009,9847,Diya,Day
2024-11-20 20:00:00,T1,Breakdown,1.0,1882,1818,Asha,Day
2024-08-09 15:56:00,L9,No issue,0.0,11268,9925,Asha,Night
2024-11-08 05:58:00,T1,Breakdown,2.0,8575,7665,Asha,Day
2024-08-21 01:50:00,L8,Breakdown,0.0,10526,9215,Asha,Night
2024-02-16 06:01:00,L8,No issue,0.0,10936,9964,Chen,Day
2024-03-27 22:07:00,L9,No issue,0.0,9776,8697,Asha,Day
2024-09-10 07:21:00,T1,Breakdown,0.0,4951,4410,Diya,Night
2024-02-08 14:40:00,T2,No issue,0.0,11170,10192,Chen,Day
2024-11-17 00:20:00,L8,PM,1.0,5339,4570,Diya,Night
2024-09-29 22:42:00,L9,Breakdown,1.0,7626,7517,Diya,Day
2024-07-28 13:12:00,T1,No issue,0.0,10440,9851,Evan,Night
2024-01-04 19:01:00,T2,No issue,0.0,2641,2486,Chen,Day
2024-05-07 20:34:00,P1,No issue,0.0,1926,1710,Ben,Day
2024-04-06 02:59:00,T2,Breakdown,0.0,2509,2206,Asha,Day
2024-11-26 11:27:00,L8,Quality stop,0.0,10535,9413,Ben,Day
2024-08-17 03:58:00,L9,No issue,0.0,6264,6158,Asha,Night
2024-11-30 19:02:00,T1,Breakdown,0.0,11846,10667,Asha,Night
2024-10-12 22:40:00,L8,No issue,0.0,9314,8704,Chen,Day
2024-05-19 06:24:00,L8,No issue,0.0,5627,4789,Diya,Day
2024-12-03 06:35:00,P1,Breakdown,1.0,10251,9474,Evan,Night
2024-11-08 21:00:00,T2,Breakdown,0.0,74,63,Diya,Day
2024-10-12 03:21:00,L8,No issue,0.0,10324,8916,Evan,Day
2024-12-22 14:30:00,L9,Breakdown,0.0,6359,5936,Asha,Day
2024-04-16 16:26:00,P1,No issue,0.0,6973,6289,Diya,Day
2024-10-10 21:52:00,T2,PM,0.0,5569,5368,Diya,Day
2024-02-10 07:44:00,P1,Breakdown,2.0,9671,9304,Asha,Day
2024-04-17 22:09:00,T1,Breakdown,2.0,5439,4982,Asha,Night
2024-12-26 03:40:00,T2,Quality stop,1.0,3616,3428,Chen,Day
2024-10-04 02:13:00,L9,Breakdown,0.0,3714,3519,Asha,Day
2024-07-08 18:43:00,T1,Breakdown,1.0,6438,5533,Chen,Day
2024-03-30 06:19:00,T1,Quality stop,0.0,6370,6012,Ben,Day
2024-07-22 14:07:00,L9,Breakdown,1.0,1172,1057,Ben,Day
2024-01-25 08:49:00,L9,Breakdown,0.0,11321,9877,Asha,Night
2024-11-07 00:25:00,L8,Changeover,0.0,63,54,Asha,Day
2024-07-14 16:04:00,T1,No issue,0.0,2563,2348,Chen,Day
2024-05-30 14:53:00,T2,Changeover,0.0,1016,914,Evan,Night
2024-12-10 06:55:00,L8,Breakdown,1.0,10249,8915,Chen,Night
2024-01-23 19:05:00,T1,No issue,0.0,7444,6416,Diya,Day
2024-12-19 16:13:00,P1,Breakdown,3.0,9871,9581,Ben,Day
2024-12-02 02:24:00,P1,Breakdown,0.0,4529,4494,Chen,Day
2024-07-20 00:58:00,T2,No issue,0.0,1752,1638,Evan,Day
2024-04-05 11:01:00,P1,Breakdown,1.0,3151,3092,Chen,Day
2024-02-02 07:05:00,L9,No issue,0.0,10883,9938,Asha,Day
2024-06-15 23:03:00,T2,No issue,0.0,5870,5236,Evan,Night
2024-09-16 13:19:00,L9,Quality stop,1.0,3742,3268,Asha,Day
2024-08-05 10:49:00,T2,No issue,0.0,5858,5847,Ben,Day
2024-07-20 08:23:00,T2,Quality stop,1.0,4747,4348,Diya,Day
2024-10-18 22:15:00,T1,PM,2.0,8327,7748,Diya,Day
2024-12-26 08:50:00,T2,Changeover,1.0,10561,9002,Unknown,Day
2024-02-24 09:36:00,T1,No issue,0.0,6037,5982,Evan,Day
2024-07-06 12:51:00,L8,Breakdown,0.0,9185,8856,Chen,Night
2024-09-08 00:40:00,L9,Breakdown,0.0,1343,1268,Evan,Day
2024-10-22 07:14:00,P1,No issue,0.0,5123,4415,Ben,Night
2024-07-26 17:26:00,P1,Breakdown,2.0,111,110,Asha,Day
2024-09-19 00:28:00,L9,Quality stop,1.0,4326,3990,Evan,Day
2024-05-10 20:34:00,L9,Breakdown,4.0,10741,9556,Chen,Day
2024-07-31 19:02:00,L8,Breakdown,0.0,1536,1368,Ben,Day
2024-07-23 22:03:00,P1,No issue,0.0,11590,10276,Ben,Day
2024-06-03 04:20:00,P1,No issue,0.0,3192,2935,Asha,Day
2024-09-07 11:56:00,T2,Breakdown,0.0,8731,8252,Asha,Day
2024-11-16 09:33:00,T1,No issue,0.0,11277,9937,Asha,Day
2024-10-12 12:26:00,L8,Breakdown,0.0,333,307,Asha,Day
2024-09-05 03:20:00,P1,No issue,0.0,7620,6698,Unknown,Day
2024-08-16 22:09:00,P1,Changeover,0.0,8428,8292,Chen,Night
2024-01-23 02:29:00,T1,Breakdown,1.0,6706,6042,Asha,Day
2024-12-23 07:32:00,L8,No issue,0.0,342,295,Evan,Day
2024-10-26 14:12:00,L9,No issue,0.0,4854,4659,Asha,Day
2024-10-12 03:02:00,L8,Breakdown,0.0,1463,1402,Chen,Day
2024-04-11 08:31:00,P1,Changeover,4.0,7907,6754,Evan,Day
2024-05-05 04:03:00,T2,No issue,0.0,7516,6404,Evan,Day
2024-11-07 01:36:00,T1,No issue,0.0,827,718,Evan,Day
2024-10-04 03:01:00,L8,No issue,0.0,3828,3480,Ben,Night
2024-03-22 11:52:00,T1,No issue,0.0,6754,6032,Ben,Day
2024-10-01 14:27:00,P1,Changeover,0.0,3931,3530,Chen,Day
2024-10-05 12:41:00,L9,No issue,0.0,801,783,Evan,Night
2024-11-23 05:41:00,L8,PM,0.0,9942,8767,Evan,Day
2024-03-02 18:26:00,P1,PM,1.0,6716,6311,Ben,Night
2024-09-27 02:58:00,P1,Changeover,2.0,8640,7687,Chen,Day
2024-08-22 09:48:00,T2,Breakdown,4.0,5834,5105,Asha,Day
2024-12-05 11:09:00,L9,No issue,0.0,6448,5761,Diya,Night
2024-04-13 00:21:00,P1,Quality stop,0.0,894,827,Chen,Day
2024-08-18 00:31:00,P1,No issue,0.0,7844,7633,Evan,Day
2024-11-18 20:27:00,P1,Breakdown,0.0,844,733,Diya,Night
2024-10-18 00:02:00,L8,No issue,0.0,7926,7301,Evan,Day
2024-12-03 00:51:00,T1,PM,0.0,6772,6012,Diya,Night
2024-08-06 21:39:00,L9,No issue,0.0,4796,4259,Diya,Day
2024-09-13 01:09:00,P1,Breakdown,0.0,4510,3844,Evan,Day
2024-01-17 16:53:00,L8,No issue,0.0,5390,4784,Diya,Day
2024-09-08 13:56:00,P1,Breakdown,1.0,6225,6143,Evan,Day
2024-08-06 04:44:00,L9,Breakdown,3.0,10995,9624,Evan,Day
2024-07-30 21:34:00,T1,Changeover,0.0,2930,2812,Evan,Night
2024-07-26 17:41:00,L9,Breakdown,1.0,6097,5315,Ben,Day
2024-04-02 15:18:00,T2,Quality stop,1.0,4332,3715,Diya,Day
2024-12-15 03:34:00,L9,Quality stop,0.0,4472,4329,Evan,Day
2024-08-11 09:15:00,T1,No issue,0.0,9783,9430,Chen,Day
2024-05-11 20:52:00,L9,Breakdown,0.0,11265,10815,Diya,Night
2024-08-10 03:21:00,P1,PM,2.0,4743,4664,Asha,Day
2024-06-23 03:33:00,T1,Quality stop,1.0,7024,6635,Ben,Night
2024-12-27 07:51:00,T1,No issue,0.0,945,893,Asha,Day
2024-09-19 05:24:00,L8,PM,2.0,6757,6389,Asha,Day
2024-02-08 10:37:00,T1,No issue,0.0,2042,2027,Asha,Night
2024-01-07 06:12:00,T1,Breakdown,2.0,4071,3629,Diya,Night
2024-05-19 04:58:00,L8,Quality stop,0.0,3994,3700,Chen,Day
2024-01-17 21:57:00,P1,Changeover,3.0,4829,4460,Ben,Night
2024-10-10 08:38:00,T2,Quality stop,4.0,10031,9339,Ben,Night
2024-09-12 01:18:00,T2,Breakdown,1.0,8271,7529,Evan,Night
2024-10-24 16:41:00,P1,Quality stop,3.0,7120,6907,Diya,Day
2024-03-04 01:02:00,T2,No issue,0.0,10022,9971,Ben,Day
2024-01-23 22:15:00,L9,PM,0.0,4573,4003,Chen,Night
2024-05-15 11:48:00,L9,Changeover,0.0,3397,3272,Chen,Night
2024-12-30 20:30:00,L8,No issue,0.0,9240,8083,Diya,Day
2024-05-29 11:08:00,P1,No issue,0.0,11229,9910,Chen,Night
2024-02-27 08:03:00,T1,No issue,0.0,5552,5073,Asha,Day
2024-03-29 09:24:00,T1,Changeover,2.0,1293,1239,Ben,Night
2024-09-13 15:42:00,T2,No issue,0.0,10297,9977,Evan,Night
2024-10-15 06:09:00,T2,PM,1.0,4599,4321,Asha,Night
2024-08-09 07:06:00,P1,Quality stop,1.0,1136,1089,Diya,Day
2024-11-01 20:02:00,L9,No issue,0.0,9110,8839,Chen,Night
2024-06-11 20:54:00,T2,No issue,0.0,5911,5139,Asha,Day
2024-12-19 12:18:00,T1,No issue,0.0,10606,9029,Evan,Night
2024-08-01 16:15:00,L8,No issue,0.0,9075,8486,Chen,Day
2024-07-26 00:11:00,T1,PM,1.0,4625,4557,Asha,Day
2024-11-09 23:36:00,L8,Breakdown,1.0,10307,9908,Asha,Day
2024-01-02 16:17:00,P1,Quality stop,1.0,11859,10773,Evan,Day
2024-07-22 10:47:00,L9,Breakdown,0.0,3246,2781,Ben,Night
2024-07-08 16:45:00,T2,Quality stop,0.0,8041,7307,Evan,Night
2024-12-27 21:08:00,P1,No issue,0.0,11607,10544,Evan,Night
2024-02-20 12:22:00,L8,No issue,0.0,11867,11269,Asha,Day
2024-04-28 14:50:00,L9,PM,1.0,11334,10311,Unknown,Night
2024-12-03 16:53:00,L8,PM,0.0,9313,9132,Chen,Day
2024-06-18 07:08:00,T1,Breakdown,1.0,11420,10525,Evan,Day
2024-09-18 20:50:00,L9,Changeover,3.0,11237,10413,Chen,Day
2024-10-28 19:23:00,L8,PM,0.0,2802,2588,Chen,Day
2024-04-08 14:55:00,L8,No issue,0.0,10548,10446,Evan,Day
2024-09-22 01:23:00,P1,Breakdown,2.0,3505,3104,Chen,Night
2024-08-15 13:45:00,L9,Breakdown,3.0,3763,3566,Diya,Day
2024-04-09 06:53:00,T1,Breakdown,0.0,2684,2645,Asha,Day
2024-07-11 12:28:00,L9,No issue,0.0,9748,8715,Asha,Night
2024-11-28 17:16:00,T2,Changeover,0.0,4788,4272,Chen,Day
2024-10-24 22:26:00,T2,Breakdown,1.0,2337,2169,Ben,Day
2024-01-09 05:46:00,L9,No issue,0.0,148,143,Chen,Day
2024-08-23 16:01:00,T2,PM,4.0,64,61,Chen,Day
2024-08-31 16:26:00,T2,PM,2.0,4345,3749,Ben,Night
2024-03-11 16:19:00,T1,No issue,0.0,10643,10275,Chen,Day
2024-08-28 04:50:00,T1,No issue,0.0,294,255,Evan,Night
2024-03-14 16:32:00,L9,No issue,0.0,8623,7771,Evan,Day
2024-10-16 17:26:00,L9,Breakdown,0.0,6430,5535,Diya,Night
2024-07-15 22:00:00,T2,No issue,0.0,9614,8973,Diya,Night
2024-02-19 17:17:00,T1,No issue,0.0,3618,3595,Asha,Day
2024-03-09 11:16:00,L9,Quality stop,0.0,1280,1130,Evan,Night
2024-06-18 21:39:00,L8,No issue,0.0,3250,2831,Asha,Night
2024-07-08 01:00:00,L8,No issue,0.0,10293,8925,Chen,Day
2024-03-25 03:35:00,T2,Changeover,1.0,1421,1213,Evan,Day
2024-07-21 02:52:00,L9,Breakdown,1.0,4949,4528,Diya,Day
2024-06-29 11:57:00,T1,No issue,0.0,9681,8241,Chen,Day
2024-04-20 09:55:00,T1,Breakdown,4.0,1533,1367,Unknown,Night
2024-05-01 13:21:00,L9,No issue,0.0,1772,1551,Chen,Day
2024-10-12 09:00:00,L8,PM,1.0,8177,7228,Diya,Night
2024-12-14 00:37:00,P1,PM,1.0,11168,11023,Chen,Day
2024-09-05 08:00:00,L8,PM,1.0,304,289,Evan,Day
2024-11-06 19:20:00,L9,Breakdown,2.0,11381,10825,Diya,Day
2024-08-03 21:49:00,T2,No issue,0.0,7956,7510,Ben,Night
2024-04-02 04:28:00,T1,Breakdown,1.0,3905,3446,Diya,Night
2024-11-18 12:59:00,L9,PM,0.0,7869,7571,Evan,Night
2024-03-09 14:55:00,T1,Quality stop,1.0,6599,6234,Chen,Day
2024-05-24 20:53:00,L9,Quality stop,2.0,4791,4177,Ben,Day
2024-08-16 23:44:00,T2,No issue,0.0,11131,10413,Asha,Day
2024-07-28 15:08:00,T1,No issue,0.0,322,280,Asha,Day
2024-11-01 19:32:00,L9,No issue,0.0,6015,5335,Chen,Day
2024-01-24 03:54:00,L8,No issue,0.0,5562,5393,Chen,Day
2024-02-19 02:02:00,T1,No issue,0.0,9189,9013,Ben,Day
2024-02-25 10:55:00,T2,Changeover,0.0,683,607,Ben,Night
2024-06-19 13:07:00,T2,Breakdown,1.0,6836,6033,Diya,Day
2024-05-06 00:54:00,P1,No issue,0.0,11813,11522,Ben,Day
2024-10-15 08:41:00,L8,No issue,0.0,4165,4053,Evan,Day
2024-03-07 03:03:00,T2,Breakdown,1.0,8933,7730,Chen,Night
2024-01-07 16:04:00,T2,No issue,0.0,6310,5948,Chen,Night
2024-10-23 14:37:00,P1,Quality stop,2.0,5405,5358,Asha,Night
2024-11-30 19:07:00,P1,No issue,0.0,3669,3638,Chen,Day
2024-07-25 22:25:00,P1,No issue,0.0,7731,6812,Asha,Night
2024-10-23 06:17:00,T2,No issue,0.0,548,503,Chen,Night
2024-01-16 02:28:00,L8,No issue,0.0,10285,10113,Chen,Day
2024-03-13 04:22:00,T2,No issue,0.0,10653,9960,Ben,Night
2024-03-31 10:00:00,L9,No issue,0.0,1438,1267,Asha,Night
2024-08-18 05:12:00,L9,Quality stop,0.0,6841,6678,Chen,Day
2024-04-08 14:57:00,P1,No issue,0.0,6689,6198,Evan,Day
2024-07-06 20:33:00,P1,Breakdown,0.0,4177,3614,Unknown,Day
2024-02-27 10:11:00,L9,No issue,0.0,9742,8794,Asha,Night
2024-06-22 06:21:00,P1,No issue,0.0,7718,6756,Evan,Day
2024-04-16 20:00:00,P1,Changeover,4.0,8229,8097,Chen,Day
2024-01-01 12:26:00,T2,Breakdown,1.0,4970,4813,Chen,Night
2024-01-11 14:19:00,L8,Breakdown,0.0,6642,6272,Chen,Day
2024-01-20 10:50:00,L8,Breakdown,0.0,380,373,Diya,Day
2024-04-13 10:02:00,L9,Breakdown,0.0,1984,1688,Ben,Day
2024-09-13 05:58:00,T1,Quality stop,3.0,2763,2440,Asha,Night
2024-02-07 23:19:00,L8,PM,1.0,160,151,Chen,Day
2024-04-11 10:27:00,L8,No issue,0.0,6576,5636,Diya,Night
2024-07-09 04:56:00,P1,Breakdown,0.0,2079,1811,Ben,Day
2024-07-14 20:15:00,P1,No issue,0.0,9341,8344,Evan,Day
2024-08-15 13:27:00,P1,Breakdown,0.0,861,739,Evan,Day
2024-06-04 15:07:00,T2,No issue,0.0,556,493,Ben,Day
2024-07-15 01:25:00,L9,Breakdown,2.0,5472,4859,Diya,Day
2024-05-03 09:20:00,L8,Breakdown,0.0,4319,3790,Ben,Day
2024-05-25 15:38:00,L8,No issue,0.0,1074,988,Chen,Night
2024-06-29 02:02:00,T2,PM,1.0,6319,5608,Asha,Day
2024-11-01 02:36:00,T1,Breakdown,1.0,4230,3915,Diya,Day
2024-01-07 22:02:00,T2,No issue,0.0,1248,1216,Asha,Day
2024-04-07 15:57:00,T1,PM,0.0,8838,8215,Chen,Day
2024-02-15 16:34:00,L8,Changeover,0.0,3661,3227,Chen,Day
2024-09-20 14:33:00,P1,Quality stop,0.0,7807,7627,Asha,Night
2024-12-04 15:14:00,T1,Changeover,0.0,10557,10045,Diya,Day
2024-10-11 13:42:00,L9,Breakdown,1.0,3546,3066,Diya,Day
2024-03-26 20:10:00,P1,No issue,0.0,2794,2711,Ben,Day
2024-08-18 03:26:00,L8,No issue,0.0,7755,6682,Diya,Night
2024-09-22 12:08:00,L9,PM,1.0,8679,7569,Diya,Day
2024-02-27 05:21:00,L9,No issue,0.0,9729,9224,Diya,Day
2024-11-17 04:47:00,L9,Breakdown,1.0,1351,1263,Chen,Night
2024-04-05 05:56:00,L8,Breakdown,3.0,845,745,Unknown,Day
2024-12-19 19:56:00,L8,No issue,0.0,9956,9182,Chen,Night
2024-06-16 23:00:00,P1,No issue,0.0,8575,8016,Ben,Night
2024-12-13 13:27:00,L8,PM,1.0,9089,7776,Ben,Day
2024-11-13 19:33:00,P1,Changeover,1.0,126,116,Chen,Day
2024-09-24 00:28:00,L8,No issue,0.0,6450,5824,Diya,Night
2024-07-20 02:51:00,T2,No issue,0.0,538,487,Unknown,Day
2024-09-16 02:50:00,P1,No issue,0.0,6977,6315,Chen,Night
2024-01-09 16:40:00,P1,Changeover,1.0,8476,7967,Asha,Night
2024-02-28 13:43:00,T2,Breakdown,3.0,1306,1257,Ben,Day
2024-08-13 10:51:00,L9,No issue,0.0,8045,6905,Asha,Day
2024-02-29 22:09:00,T1,No issue,0.0,4493,3944,Ben,Day
2024-07-24 21:17:00,P1,PM,0.0,4167,3698,Evan,Day
2024-06-17 21:22:00,L8,No issue,0.0,10866,9879,Asha,Day
2024-05-26 05:33:00,T2,No issue,0.0,7901,7623,Ben,Night
2024-06-09 00:33:00,T2,No issue,0.0,9022,8112,Evan,Night
2024-01-06 06:22:00,T2,No issue,0.0,8496,8230,Ben,Day
2024-02-28 03:16:00,T1,No issue,0.0,11747,10196,Ben,Day
2024-10-09 05:21:00,T1,Breakdown,0.0,773,767,Chen,Day
2024-05-05 05:35:00,L9,Breakdown,0.0,11442,10920,Evan,Day
2024-01-27 01:26:00,T2,No issue,0.0,2579,2253,Chen,Day
2024-03-24 23:37:00,T1,PM,1.0,8047,7830,Evan,Night
2024-01-01 22:29:00,L9,Breakdown,0.0,7425,6757,Chen,Night
2024-10-20 14:21:00,P1,No issue,0.0,4333,4296,Chen,Day
2024-09-30 03:04:00,P1,Changeover,1.0,10575,9564,Asha,Night
2024-06-01 09:04:00,P1,Changeover,0.0,8718,8092,Ben,Night
2024-02-07 02:13:00,L9,Breakdown,0.0,7782,7308,Asha,Day
2024-01-12 17:58:00,L8,Quality stop,1.0,11260,10858,Ben,Day
2024-12-05 06:57:00,T2,No issue,0.0,3535,3359,Diya,Day
2024-02-08 19:12:00,L8,Quality stop,0.0,9753,9699,Asha,Day
2024-01-25 22:53:00,T2,Breakdown,0.0,4330,3948,Asha,Night
2024-03-29 13:16:00,P1,No issue,0.0,11373,10834,Diya,Night
2024-08-16 16:14:00,T2,Breakdown,0.0,4093,3826,Chen,Day
2024-05-19 10:01:00,T1,No issue,0.0,4025,3488,Evan,Day
2024-09-22 15:51:00,L9,No issue,0.0,3755,3718,Ben,Night
2024-09-20 15:49:00,T1,No issue,0.0,8535,7932,Asha,Day
2024-02-11 17:48:00,L8,Quality stop,1.0,2130,1959,Diya,Day
2024-01-22 17:18:00,L9,PM,0.0,3606,3301,Diya,Night
2024-07-25 01:02:00,P1,Breakdown,1.0,6113,5384,Ben,Day
2024-10-18 04:53:00,P1,No issue,0.0,2028,1993,Ben,Day
2024-08-26 07:31:00,P1,Breakdown,0.0,6312,5611,Asha,Day
2024-09-15 17:16:00,P1,No issue,0.0,9649,9494,Unknown,Day
2024-07-30 03:59:00,P1,No issue,0.0,5855,5615,Ben,Day
2024-05-14 23:09:00,P1,PM,2.0,3243,2968,Evan,Day
2024-08-27 18:47:00,L9,PM,0.0,2255,1944,Ben,Day
2024-03-11 00:09:00,T2,No issue,0.0,6653,6049,Diya,Day
2024-04-10 21:03:00,P1,Breakdown,3.0,5771,5641,Diya,Night
2024-05-07 23:19:00,L9,Breakdown,0.0,7820,7402,Diya,Day
2024-09-26 00:50:00,T1,Breakdown,1.0,10219,9494,Ben,Night
2024-05-13 12:34:00,T1,Breakdown,1.0,11919,11141,Diya,Day
2024-06-05 03:18:00,L8,Breakdown,0.0,9412,9097,Chen,Day
2024-09-14 10:51:00,L9,No issue,0.0,3581,3235,Chen,Day
2024-04-23 22:43:00,P1,PM,1.0,992,981,Ben,Day
2024-12-09 21:19:00,T1,No issue,0.0,8808,7624,Unknown,Day
2024-04-27 02:30:00,L9,PM,2.0,2010,1840,Diya,Day
2024-07-11 18:21:00,T2,Quality stop,0.0,9854,9527,Diya,Day
2024-10-05 12:20:00,P1,PM,0.0,3174,2841,Asha,Day
2024-10-25 09:13:00,L8,Breakdown,1.0,1156,1029,Evan,Day
2024-05-01 21:29:00,P1,Changeover,4.0,2185,1971,Asha,Day
2024-05-24 10:30:00,T1,PM,0.0,5098,4645,Diya,Night
2024-09-22 10:34:00,T2,Breakdown,0.0,10971,9414,Unknown,Day
2024-12-29 20:32:00,T2,No issue,0.0,6982,6026,Diya,Day
2024-05-21 04:44:00,P1,No issue,0.0,8651,8398,Diya,Day
2024-04-18 17:54:00,T2,PM,0.0,8266,7841,Chen,Day
2024-07-12 14:28:00,T1,No issue,0.0,8120,7906,Chen,Night
2024-10-26 14:37:00,T1,Breakdown,4.0,6776,6536,Ben,Night
2024-09-05 15:30:00,T1,PM,3.0,8050,7535,Asha,Day
2024-01-25 20:57:00,P1,No issue,0.0,1712,1703,Chen,Night
2024-03-03 21:25:00,T2,PM,1.0,2195,1870,Chen,Day
2024-02-05 19:48:00,P1,No issue,0.0,8352,7120,Asha,Night
2024-12-16 17:45:00,P1,PM,0.0,9013,7831,Evan,Day
2024-04-30 20:35:00,T1,Breakdown,2.0,4276,3697,Diya,Day
2024-05-19 05:38:00,L8,PM,3.0,855,796,Evan,Night
2024-05-02 04:23:00,T2,No issue,0.0,7992,7055,Unknown,Day
2024-09-04 23:47:00,T1,Quality stop,4.0,2787,2652,Evan,Day
2024-06-02 14:37:00,L9,PM,0.0,8615,7611,Chen,Day
2024-11-06 17:01:00,T2,No issue,0.0,7335,6240,Chen,Day
2024-02-12 21:12:00,T1,Breakdown,1.0,9748,9023,Chen,Night
2024-10-26 03:16:00,L8,Changeover,1.0,10308,9032,Evan,Day
2024-01-25 19:40:00,L9,No issue,0.0,1479,1449,Asha,Day
2024-11-24 12:42:00,T1,Changeover,1.0,9681,8889,Ben,Night
2024-03-11 08:47:00,T1,No issue,0.0,11403,11275,Evan,Day
2024-07-19 01:32:00,T1,Breakdown,0.0,11530,10192,Ben,Day
2024-12-30 04:22:00,P1,No issue,0.0,1380,1372,Asha,Night
2024-04-18 09:56:00,T2,Quality stop,4.0,6013,5447,Diya,Night
2024-09-28 10:44:00,T1,No issue,0.0,7482,7126,Diya,Night
2024-05-29 22:28:00,T1,Breakdown,3.0,9166,8585,Chen,Night
2024-07-28 05:04:00,P1,Changeover,3.0,5881,5060,Diya,Day
2024-09-27 06:26:00,T2,No issue,0.0,10924,10186,Chen,Day
2024-01-12 12:43:00,L9,No issue,0.0,2279,2219,Asha,Night
2024-11-01 02:19:00,L9,No issue,0.0,2291,2125,Ben,Night
2024-01-27 18:47:00,L9,No issue,0.0,5755,5508,Unknown,Day
2024-09-18 10:03:00,L8,Breakdown,0.0,4687,4255,Evan,Day
2024-07-30 01:47:00,L9,No issue,0.0,7165,6735,Diya,Night
2024-02-15 13:59:00,T2,PM,0.0,3736,3601,Asha,Day
2024-04-17 14:43:00,T1,Changeover,1.0,257,243,Ben,Day
2024-12-22 10:58:00,L9,Breakdown,2.0,8515,8250,Ben,Night
2024-12-20 23:49:00,T2,No issue,0.0,11370,9674,Ben,Day
2024-07-30 11:06:00,T1,Breakdown,1.0,3858,3291,Diya,Day
2024-09-10 11:27:00,T2,PM,2.0,3578,3358,Ben,Day
2024-02-07 23:01:00,P1,Breakdown,1.0,6482,5976,Diya,Day
2024-09-19 23:32:00,T2,No issue,0.0,825,707,Asha,Day
2024-04-03 14:18:00,P1,No issue,0.0,8333,7850,Ben,Night
2024-02-02 02:29:00,L9,No issue,0.0,9594,9273,Asha,Day
2024-06-07 19:02:00,T2,Changeover,1.0,1778,1741,Chen,Night
2024-06-16 21:23:00,T1,No issue,0.0,1537,1398,Diya,Night
2024-03-13 09:33:00,L8,Quality stop,0.0,1775,1708,Ben,Night
2024-10-30 00:50:00,L8,Breakdown,0.0,6508,6214,Evan,Night
2024-01-15 11:40:00,P1,PM,1.0,5240,4472,Ben,Day
2024-07-24 20:11:00,L8,Quality stop,1.0,10503,9872,Asha,Night
2024-12-16 19:36:00,L8,Changeover,0.0,1231,1177,Ben,Night
2024-10-11 12:08:00,L9,PM,1.0,11163,10254,Chen,Day
2024-08-05 00:20:00,T1,PM,0.0,4556,3970,Chen,Day
2024-03-20 20:42:00,T1,Breakdown,1.0,2731,2471,Diya,Night
2024-04-10 01:25:00,P1,No issue,0.0,4304,4197,Unknown,Day
2024-11-12 11:41:00,T1,Quality stop,4.0,3611,3129,Ben,Night
2024-01-07 22:54:00,L8,PM,1.0,7985,7615,Ben,Day
2024-07-03 09:38:00,L8,No issue,0.0,11212,10868,Ben,Day
2024-08-23 09:20:00,L8,Breakdown,0.0,5784,5497,Chen,Night
2024-05-06 19:51:00,T2,PM,3.0,2681,2662,Diya,Day
2024-08-24 10:08:00,T1,PM,1.0,5906,5625,Diya,Day
2024-12-09 22:35:00,T2,PM,1.0,3511,3190,Diya,Day
2024-05-29 22:38:00,P1,No issue,0.0,11552,10257,Diya,Day
2024-06-11 02:39:00,L8,No issue,0.0,11136,9798,Evan,Day
2024-12-05 09:59:00,L8,Changeover,2.0,250,248,Asha,Day
2024-08-21 06:18:00,P1,Breakdown,1.0,10441,9343,Evan,Night
2024-12-19 02:55:00,L8,No issue,0.0,4697,4439,Chen,Day
2024-02-10 15:32:00,P1,Quality stop,0.0,11181,10393,Diya,Day
2024-05-04 08:10:00,T2,No issue,0.0,3169,3080,Diya,Night
2024-08-19 07:30:00,P1,No issue,0.0,8130,8045,Ben,Day
2024-09-21 15:22:00,L8,PM,0.0,1480,1409,Asha,Day
2024-07-25 18:53:00,L8,PM,1.0,5587,4822,Asha,Day
2024-07-23 08:14:00,T2,No issue,0.0,464,453,Evan,Night
2024-05-21 22:46:00,T1,Changeover,1.0,10276,8944,Diya,Day
2024-04-06 12:57:00,P1,PM,1.0,7623,6736,Diya,Day
2024-07-28 04:08:00,L8,No issue,0.0,514,476,Chen,Day
2024-10-09 09:30:00,T1,Breakdown,4.0,9240,8586,Diya,Day
2024-12-27 08:18:00,T2,Quality stop,0.0,7793,6666,Asha,Day
2024-01-21 12:37:00,L8,Breakdown,0.0,11267,11254,Diya,Night
2024-10-16 07:29:00,P1,No issue,0.0,3956,3902,Ben,Day
2024-05-23 04:18:00,P1,No issue,0.0,8236,8084,Asha,Day
2024-11-06 20:50:00,T2,Changeover,1.0,7830,6887,Unknown,Night
2024-02-22 11:52:00,L9,No issue,0.0,2159,2113,Chen,Day
2024-01-22 07:52:00,L8,PM,1.0,8450,7355,Evan,Night
2024-11-02 19:17:00,P1,PM,1.0,160,159,Evan,Night
2024-06-20 19:32:00,T1,Changeover,1.0,4359,3896,Chen,Day
2024-04-09 14:41:00,T2,Breakdown,1.0,2458,2170,Ben,Day
2024-07-25 01:18:00,T1,PM,2.0,4145,3611,Evan,Night
2024-06-03 16:40:00,T2,No issue,0.0,3036,2990,Ben,Night
2024-05-15 01:04:00,L8,PM,1.0,10125,8945,Evan,Night
2024-08-23 01:43:00,T2,Changeover,0.0,2104,1901,Asha,Day
2024-05-08 07:41:00,L8,No issue,0.0,901,843,Diya,Day
2024-04-07 16:25:00,T2,No issue,0.0,6647,6157,Ben,Night
2024-05-06 03:49:00,T2,No issue,0.0,6320,6319,Diya,Day
2024-03-05 03:22:00,L8,Quality stop,1.0,6470,6106,Asha,Day
2024-02-19 20:10:00,T1,No issue,0.0,326,322,Chen,Night
2024-11-13 03:38:00,T1,No issue,0.0,502,446,Asha,Day
2024-09-29 21:46:00,L8,No issue,0.0,8878,8016,Ben,Day
2024-08-07 11:54:00,L9,Breakdown,0.0,2019,1947,Asha,Night
2024-06-17 23:59:00,L8,Quality stop,1.0,7030,6784,Evan,Day
2024-02-09 06:32:00,L8,No issue,0.0,2013,1882,Asha,Day
2024-02-18 22:27:00,T2,Breakdown,2.0,3052,2610,Evan,Day
2024-06-23 17:16:00,T2,No issue,0.0,4535,4070,Chen,Day
2024-12-21 22:28:00,P1,No issue,0.0,3188,3106,Diya,Day
2024-01-14 20:14:00,P1,Changeover,0.0,11414,9995,Diya,Night
2024-06-07 08:33:00,L8,Breakdown,1.0,9541,8410,Evan,Night
2024-01-14 18:08:00,P1,No issue,0.0,9371,8213,Asha,Night
2024-11-20 12:51:00,L9,No issue,0.0,10959,10778,Asha,Day
2024-07-16 22:33:00,P1,Quality stop,2.0,2623,2406,Ben,Day
2024-09-29 13:27:00,L9,No issue,0.0,10762,9298,Asha,Day
2024-05-30 18:06:00,T2,Breakdown,2.0,8549,7542,Asha,Day
2024-05-25 06:23:00,P1,Changeover,2.0,1365,1177,Asha,Night
2024-01-07 10:13:00,P1,Breakdown,4.0,10576,9647,Asha,Day
2024-11-03 05:05:00,L9,No issue,0.0,4944,4810,Chen,Day
2024-12-29 00:08:00,L8,No issue,0.0,6809,6336,Asha,Night
2024-11-09 17:21:00,T2,Changeover,0.0,3655,3508,Evan,Day
2024-04-23 23:53:00,T2,No issue,0.0,11207,9955,Chen,Day
2024-08-29 17:17:00,P1,Breakdown,2.0,3628,3557,Asha,Day
2024-06-15 02:29:00,P1,Quality stop,1.0,6891,6786,Evan,Day
2024-04-26 04:32:00,L8,Breakdown,0.0,4610,4490,Asha,Day
2024-06-24 12:47:00,L8,Changeover,4.0,9774,9592,Chen,Night
2024-07-08 12:28:00,T2,No issue,0.0,6921,6672,Diya,Night
2024-05-25 09:50:00,T1,Quality stop,2.0,11888,10837,Diya,Night
2024-01-25 20:18:00,L8,Breakdown,2.0,10494,9091,Asha,Day
2024-12-05 01:48:00,T2,Quality stop,4.0,11621,10810,Chen,Day
2024-04-16 09:05:00,L8,No issue,0.0,6051,5474,Asha,Night
2024-09-09 02:23:00,P1,No issue,0.0,7407,6464,Asha,Day
2024-08-13 15:31:00,P1,PM,0.0,9020,7802,Evan,Night
2024-11-30 07:28:00,T1,Quality stop,0.0,6751,6323,Asha,Day
2024-02-18 22:45:00,L8,Breakdown,1.0,8681,7655,Chen,Night
2024-03-30 12:16:00,T2,Breakdown,0.0,7173,6372,Evan,Day
2024-02-28 01:32:00,L9,PM,0.0,7696,7363,Diya,Night
2024-07-31 15:08:00,T1,No issue,0.0,10748,10650,Chen,Night
2024-04-23 10:07:00,P1,No issue,0.0,5581,4789,Asha,Day
2024-08-23 05:15:00,L8,Breakdown,1.0,11589,9879,Chen,Day
2024-05-27 07:52:00,L8,Breakdown,1.0,1589,1460,Unknown,Day
2024-04-11 06:22:00,T1,No issue,0.0,9868,8534,Asha,Night
2024-05-10 01:55:00,T2,No issue,0.0,7301,6474,Asha,Night
2024-02-09 09:24:00,T2,Quality stop,0.0,1679,1660,Chen,Day
2024-06-06 20:04:00,P1,PM,2.0,659,565,Asha,Day
2024-04-28 07:50:00,T2,Quality stop,1.0,9263,8181,Asha,Night
2024-10-19 18:24:00,T1,Quality stop,1.0,7136,6340,Unknown,Day
2024-06-14 09:04:00,L8,Breakdown,1.0,9839,8886,Ben,Night
2024-11-20 07:23:00,L8,No issue,0.0,7960,7531,Asha,Day
2024-11-28 03:37:00,L9,Breakdown,1.0,7133,6261,Diya,Day
2024-08-01 06:17:00,L8,No issue,0.0,1644,1532,Ben,Night
2024-11-30 05:40:00,L9,PM,2.0,3343,2893,Ben,Day
2024-03-26 07:26:00,T2,Breakdown,1.0,2852,2656,Asha,Day
2024-01-16 09:08:00,T2,Breakdown,1.0,5205,4984,Chen,Day
2024-09-30 06:11:00,P1,No issue,0.0,8089,7837,Diya,Night
2024-11-20 09:00:00,P1,Breakdown,2.0,1874,1780,Asha,Day
2024-12-10 03:02:00,L8,Breakdown,1.0,1786,1531,Diya,Night
2024-09-27 03:50:00,L8,No issue,0.0,3274,3038,Chen,Night
2024-09-29 12:03:00,L8,Changeover,4.0,4071,4058,Unknown,Day
2024-02-22 09:36:00,T1,Changeover,1.0,5693,5241,Asha,Night
2024-12-16 23:48:00,T2,No issue,0.0,4122,3664,Ben,Night
2024-11-17 11:40:00,L9,Changeover,1.0,8139,8002,Chen,Day
2024-08-22 12:39:00,T2,Breakdown,0.0,9620,8256,Evan,Day
2024-05-24 13:27:00,T1,No issue,0.0,4352,4338,Asha,Day
2024-08-29 21:58:00,P1,No issue,0.0,10335,10330,Ben,Night
2024-05-15 00:15:00,P1,No issue,0.0,6742,5896,Ben,Day
2024-10-12 18:49:00,L9,Changeover,0.0,6303,5362,Chen,Day
2024-03-23 10:56:00,P1,No issue,0.0,532,474,Evan,Day
2024-07-24 23:33:00,T2,PM,1.0,4587,3911,Chen,Night
2024-03-08 16:30:00,T1,Breakdown,0.0,2698,2513,Diya,Day
2024-05-27 15:45:00,L8,Breakdown,4.0,5860,5367,Chen,Night
2024-04-24 19:17:00,L9,Breakdown,0.0,1793,1575,Ben,Night
2024-06-23 11:11:00,P1,Breakdown,0.0,5250,5141,Asha,Day
2024-07-23 16:50:00,L8,Changeover,1.0,3288,3212,Chen,Day
2024-10-21 15:45:00,L8,No issue,0.0,7764,7415,Diya,Day
2024-06-29 12:42:00,T1,No issue,0.0,6798,6536,Diya,Night
2024-07-18 20:21:00,T2,No issue,0.0,887,792,Evan,Day
2024-11-30 03:39:00,T2,PM,0.0,2755,2565,Diya,Day
2024-05-24 21:44:00,L8,No issue,0.0,7792,7058,Ben,Night
2024-07-20 12:31:00,P1,Quality stop,0.0,4568,4323,Evan,Night
2024-08-24 13:50:00,T2,Breakdown,4.0,687,632,Chen,Night
2024-10-28 19:22:00,T2,No issue,0.0,16,14,Asha,Night
2024-11-18 19:50:00,P1,No issue,0.0,8536,8486,Evan,Day
2024-03-01 06:19:00,L8,Breakdown,1.0,5737,5681,Unknown,Day
2024-12-14 22:28:00,L9,Quality stop,0.0,11410,10879,Ben,Day
2024-06-10 13:31:00,L8,PM,1.0,8382,7592,Asha,Day
2024-10-03 08:38:00,L9,Breakdown,0.0,5870,5856,Diya,Night
2024-05-16 06:06:00,T2,No issue,0.0,6483,5993,Chen,Night
2024-01-19 06:31:00,T2,No issue,0.0,4259,4061,Ben,Day
2024-08-12 16:58:00,L9,Breakdown,0.0,6829,6013,Chen,Day
2024-11-08 22:04:00,L9,PM,1.0,9051,7890,Chen,Day
2024-09-29 09:14:00,T1,No issue,0.0,7261,6634,Unknown,Night
2024-01-17 18:02:00,T2,No issue,0.0,4997,4412,Asha,Day
2024-11-17 13:15:00,T2,No issue,0.0,6059,5408,Ben,Night
2024-11-05 01:41:00,L8,Changeover,0.0,9957,9758,Diya,Night
2024-05-05 00:41:00,P1,PM,2.0,9250,8147,Diya,Day
2024-04-21 07:05:00,L9,No issue,0.0,6435,5560,Asha,Day
2024-11-29 19:35:00,P1,No issue,0.0,2343,2192,Diya,Day
2024-01-30 20:11:00,T2,Breakdown,0.0,9413,8638,Ben,Day
2024-03-14 03:48:00,T2,PM,0.0,9134,8064,Ben,Day
2024-02-07 17:56:00,T1,Breakdown,1.0,4916,4344,Chen,Night
2024-01-21 19:16:00,L8,Quality stop,0.0,8951,8210,Diya,Day
2024-03-17 20:14:00,L8,No issue,0.0,7860,7815,Diya,Day
2024-11-06 11:19:00,L8,No issue,0.0,1793,1633,Chen,Day
2024-07-12 04:57:00,L8,Changeover,1.0,9050,8159,Unknown,Day
2024-07-03 21:48:00,T1,No issue,0.0,11886,10519,Asha,Night
2024-11-17 21:28:00,L9,Quality stop,0.0,5747,5516,Ben,Night
2024-09-20 22:32:00,P1,Quality stop,2.0,8453,7482,Chen,Day
2024-05-01 19:49:00,P1,Breakdown,2.0,9120,7919,Ben,Day
2024-01-25 12:51:00,L8,No issue,0.0,8965,8826,Chen,Night
2024-04-30 23:41:00,T2,Breakdown,1.0,6914,5983,Unknown,Night
2024-06-17 07:45:00,L9,No issue,0.0,11342,10527,Ben,Day
2024-03-02 09:26:00,T1,Breakdown,1.0,236,227,Evan,Night
2024-06-03 02:41:00,L8,No issue,0.0,5059,4580,Evan,Day
2024-07-06 12:10:00,L9,No issue,0.0,4541,4100,Ben,Night
2024-09-22 04:23:00,T2,No issue,0.0,3801,3448,Asha,Night
2024-08-02 03:38:00,L8,No issue,0.0,7570,6840,Asha,Day
2024-06-01 15:43:00,P1,Breakdown,1.0,5035,4697,Diya,Night
2024-04-23 15:12:00,P1,Breakdown,0.0,5381,4772,Asha,Night
2024-01-30 11:42:00,T2,PM,0.0,877,872,Unknown,Night
2024-11-15 15:51:00,P1,No issue,0.0,1172,1097,Evan,Day
2024-02-17 04:40:00,T1,No issue,0.0,4130,4023,Evan,Night
2024-09-15 21:27:00,L9,Breakdown,0.0,2432,2305,Chen,Day
2024-08-28 04:15:00,T1,No issue,0.0,9130,8671,Diya,Day
2024-05-27 19:39:00,L8,No issue,0.0,398,363,Ben,Night
2024-09-29 12:48:00,P1,No issue,0.0,6028,5767,Ben,Day
2024-09-26 01:48:00,L9,Quality stop,0.0,6130,5521,Asha,Day
2024-09-06 02:47:00,P1,Breakdown,0.0,1132,1126,Diya,Day
2024-04-04 20:55:00,L9,No issue,0.0,5729,5137,Asha,Night
2024-08-08 07:53:00,T2,Breakdown,0.0,6160,5620,Diya,Night
2024-05-02 14:51:00,L9,No issue,0.0,1399,1218,Unknown,Night
2024-08-28 10:20:00,P1,Breakdown,2.0,6946,6725,Chen,Day
2024-06-23 07:32:00,T1,No issue,0.0,11525,11348,Evan,Night
2024-01-06 16:12:00,P1,PM,0.0,3523,3411,Chen,Day
2024-12-26 23:11:00,P1,Breakdown,0.0,1883,1609,Chen,Day
2024-08-04 14:22:00,T1,PM,0.0,11534,11010,Ben,Day
2024-04-06 00:50:00,T1,Breakdown,2.0,4549,4175,Ben,Night
2024-05-31 22:03:00,L8,No issue,0.0,8527,7869,Asha,Night
2024-11-16 01:21:00,T1,Breakdown,0.0,2821,2536,Ben,Day
2024-03-06 05:18:00,L9,Breakdown,0.0,9528,9260,Asha,Night
2024-12-13 23:41:00,T2,Changeover,1.0,3155,2690,Chen,Night
2024-03-07 08:39:00,L9,No issue,0.0,11638,11473,Asha,Night
2024-04-11 14:05:00,P1,PM,1.0,11634,10690,Diya,Night
2024-10-15 13:04:00,L9,PM,0.0,9783,8673,Chen,Day
2024-05-04 12:48:00,L8,PM,0.0,6287,5691,Chen,Day
2024-03-18 13:24:00,L8,Breakdown,4.0,10866,9613,Ben,Day
2024-12-18 15:50:00,L8,PM,2.0,2305,2138,Asha,Day
2024-12-01 21:00:00,T1,No issue,0.0,4170,3820,Ben,Night
2024-12-09 08:06:00,L8,Breakdown,1.0,5222,4722,Diya,Night
2024-09-30 14:26:00,L8,PM,2.0,2513,2351,Diya,Day
2024-10-10 10:42:00,T2,Breakdown,4.0,7888,7143,Evan,Day
2024-05-16 16:39:00,L9,No issue,0.0,4774,4120,Ben,Day
2024-01-16 14:18:00,L8,No issue,0.0,10296,8776,Unknown,Day
2024-06-02 22:00:00,T2,PM,2.0,11076,11015,Diya,Day
2024-07-25 19:23:00,L9,No issue,0.0,4478,4148,Evan,Day
2024-09-18 06:58:00,L8,Changeover,0.0,5257,4931,Unknown,Day
2024-09-21 18:42:00,T1,Quality stop,1.0,1012,946,Asha,Day
2024-03-13 02:00:00,P1,PM,3.0,3312,3141,Asha,Night
2024-10-22 11:38:00,T2,No issue,0.0,11421,9761,Diya,Day
2024-03-25 23:48:00,T2,No issue,0.0,931,821,Diya,Night
2024-08-28 11:46:00,P1,PM,1.0,3611,3296,Evan,Day
2024-01-12 17:07:00,L9,PM,1.0,10185,9152,Evan,Day
2024-10-30 01:04:00,T2,Breakdown,4.0,5543,4741,Ben,Day
2024-11-28 00:08:00,P1,No issue,0.0,10109,10007,Diya,Night
2024-01-09 15:20:00,P1,PM,1.0,959,818,Asha,Night
2024-07-25 14:53:00,L8,PM,0.0,320,286,Chen,Night
2024-10-17 07:09:00,L8,PM,2.0,7802,7354,Ben,Night
2024-03-23 05:17:00,T2,Breakdown,3.0,4904,4413,Diya,Day
2024-11-13 09:06:00,P1,PM,2.0,9910,8649,Evan,Day
2024-02-23 15:41:00,T1,Breakdown,2.0,10892,9716,Diya,Night
2024-10-29 07:40:00,T1,Breakdown,2.0,8770,8580,Evan,Day
2024-05-02 17:39:00,T2,Quality stop,1.0,5971,5141,Ben,Night
2024-01-01 06:25:00,T1,No issue,0.0,2040,1944,Chen,Night
2024-02-15 07:49:00,L8,No issue,0.0,6506,6418,Diya,Night
2024-04-03 01:04:00,P1,PM,3.0,3064,2702,Asha,Day
2024-05-24 03:05:00,P1,Breakdown,1.0,9775,8620,Diya,Night
2024-11-02 13:47:00,T2,PM,3.0,3195,3103,Chen,Night
2024-06-04 19:24:00,P1,No issue,0.0,9071,8009,Asha,Day
2024-12-19 08:38:00,L8,No issue,0.0,8909,7962,Ben,Night
2024-08-06 09:25:00,L9,Changeover,0.0,4214,3586,Diya,Night
2024-03-25 22:13:00,L8,No issue,0.0,8209,7772,Asha,Day
2024-12-23 16:37:00,L9,Quality stop,2.0,7650,6584,Diya,Day
2024-01-17 21:35:00,L9,No issue,0.0,5956,5111,Asha,Day
2024-02-24 13:03:00,P1,No issue,0.0,6563,5757,Diya,Day
2024-12-12 13:25:00,P1,No issue,0.0,3312,2855,Asha,Day
2024-12-24 08:36:00,L8,Changeover,0.0,11784,11533,Chen,Night
2024-12-02 11:44:00,L8,No issue,0.0,2892,2587,Asha,Night
2024-02-16 22:23:00,T2,Breakdown,0.0,8381,7509,Asha,Day
2024-10-07 11:06:00,L9,Breakdown,0.0,4928,4456,Asha,Day
2024-01-14 08:42:00,T1,No issue,0.0,5051,4441,Diya,Day
2024-09-26 18:46:00,L9,Quality stop,1.0,450,392,Diya,Day
2024-10-29 16:45:00,P1,Breakdown,1.0,3877,3820,Chen,Day
2024-03-07 17:35:00,T1,Breakdown,1.0,8801,8118,Unknown,Day
2024-06-09 00:33:00,L9,Breakdown,0.0,7992,7269,Ben,Day
2024-09-28 20:57:00,T1,No issue,0.0,10528,9657,Chen,Night
2024-11-17 12:40:00,P1,No issue,0.0,1981,1736,Chen,Day
2024-05-30 15:00:00,T2,Changeover,0.0,6811,6513,Asha,Day
2024-07-06 05:02:00,T2,No issue,0.0,4664,4362,Evan,Night
2024-11-11 21:34:00,T2,No issue,0.0,2726,2494,Diya,Day
2024-01-18 14:47:00,L8,PM,0.0,7962,7142,Ben,Day
2024-10-01 14:55:00,T1,No issue,0.0,212,187,Chen,Night
2024-10-13 11:20:00,P1,No issue,0.0,7428,6556,Chen,Day
2024-07-16 19:43:00,L9,Breakdown,2.0,2179,2150,Evan,Night
2024-12-09 22:51:00,T1,No issue,0.0,4581,3954,Diya,Day
2024-03-26 05:08:00,P1,Breakdown,0.0,7082,6242,Ben,Night
2024-11-15 20:17:00,L9,Changeover,2.0,2735,2461,Chen,Day
2024-03-05 17:50:00,T2,Breakdown,1.0,786,735,Evan,Day
2024-10-13 05:47:00,P1,Breakdown,1.0,10634,10156,Chen,Day
2024-08-22 21:56:00,L9,PM,3.0,4342,4136,Diya,Day
2024-09-22 05:51:00,L9,PM,1.0,4715,4323,Diya,Night
2024-05-18 08:03:00,L9,No issue,0.0,10547,10068,Asha,Day
2024-01-08 05:41:00,T1,No issue,0.0,11067,10618,Asha,Night
2024-03-25 23:39:00,P1,No issue,0.0,1154,1105,Evan,Night
2024-03-16 05:41:00,T2,No issue,0.0,4512,3904,Evan,Day
2024-01-21 21:05:00,L9,PM,1.0,6905,6163,Diya,Night
2024-09-05 01:26:00,L8,Breakdown,0.0,6124,5388,Diya,Day
2024-07-16 16:12:00,P1,PM,0.0,6760,6582,Evan,Day
2024-07-12 02:15:00,T2,Breakdown,2.0,5507,4968,Ben,Night
2024-02-21 02:03:00,T1,No issue,0.0,8166,7646,Evan,Day
2024-03-11 03:02:00,L8,No issue,0.0,4947,4284,Chen,Night
2024-01-17 06:20:00,T2,Changeover,1.0,9683,9228,Asha,Day
2024-08-10 18:06:00,T1,Quality stop,1.0,11456,10952,Chen,Day
2024-09-07 14:35:00,L8,No issue,0.0,10997,10465,Chen,Day
2024-02-23 16:15:00,L9,No issue,0.0,3991,3788,Asha,Day
2024-07-03 09:23:00,L9,Quality stop,0.0,732,650,Asha,Day
2024-09-11 19:16:00,T2,No issue,0.0,2278,2094,Ben,Day
2024-08-25 10:56:00,T2,No issue,0.0,770,766,Evan,Day
2024-05-05 15:25:00,L9,No issue,0.0,1174,1043,Evan,Day
2024-12-15 05:24:00,P1,No issue,0.0,838,790,Chen,Day
2024-11-23 19:13:00,T1,No issue,0.0,2044,1838,Evan,Day
2024-02-18 07:53:00,T2,Breakdown,4.0,930,874,Asha,Day
2024-02-07 14:40:00,P1,PM,0.0,8376,7753,Asha,Day
2024-01-02 12:48:00,L8,Changeover,1.0,4177,4118,Ben,Day
2024-05-02 00:30:00,T1,PM,4.0,6894,6708,Asha,Night
2024-08-20 11:43:00,L8,No issue,0.0,3508,3157,Asha,Day
2024-06-07 17:41:00,T1,PM,1.0,8947,8722,Asha,Day
2024-01-02 20:18:00,L9,Quality stop,1.0,6366,5588,Ben,Night
2024-09-15 16:43:00,L8,Breakdown,1.0,3023,2779,Asha,Night
2024-08-23 02:20:00,T2,PM,1.0,705,661,Asha,Day
2024-06-22 04:23:00,T2,No issue,0.0,3103,2853,Asha,Day
2024-06-17 01:23:00,L8,No issue,0.0,11389,9753,Asha,Night
2024-03-31 13:20:00,P1,Changeover,1.0,2212,1891,Ben,Day
2024-09-18 17:39:00,L9,Changeover,1.0,2842,2513,Unknown,Day
2024-02-19 04:07:00,T1,No issue,0.0,2067,1918,Ben,Night
2024-10-04 22:26:00,P1,No issue,0.0,6303,5579,Chen,Night
2024-05-09 12:10:00,T2,Breakdown,0.0,3253,3057,Evan,Day
2024-04-25 14:57:00,L9,No issue,0.0,1986,1782,Asha,Day
2024-12-05 14:33:00,L8,No issue,0.0,5992,5227,Asha,Night
2024-12-06 17:33:00,L8,PM,1.0,11190,10526,Evan,Day
2024-04-01 16:52:00,T1,PM,0.0,3690,3492,Diya,Day
2024-03-13 17:24:00,T1,No issue,0.0,10905,10405,Diya,Night
2024-07-06 07:22:00,T1,No issue,0.0,698,638,Chen,Day
2024-03-31 06:31:00,L9,No issue,0.0,442,393,Ben,Day
2024-02-03 14:54:00,T2,PM,0.0,844,786,Ben,Night
2024-05-06 01:13:00,T2,Breakdown,0.0,6654,6320,Chen,Night
2024-02-13 16:15:00,T2,PM,0.0,10167,9878,Evan,Night
2024-07-26 07:15:00,T1,No issue,0.0,6070,5747,Evan,Day
2024-12-29 14:18:00,P1,No issue,0.0,4432,4201,Asha,Day
2024-03-16 10:20:00,T2,Quality stop,0.0,2395,2152,Ben,Day
2024-09-16 07:08:00,L9,Breakdown,2.0,8429,7647,Diya,Night
2024-07-11 21:59:00,L9,Changeover,1.0,6198,5499,Evan,Night
2024-05-01 13:22:00,T1,No issue,0.0,2457,2304,Ben,Day
2024-01-10 09:15:00,T2,No issue,0.0,11473,9899,Ben,Day
2024-06-13 15:18:00,L9,No issue,0.0,6436,5983,Asha,Day
2024-09-04 03:24:00,T2,No issue,0.0,8842,7628,Diya,Night
2024-08-06 10:18:00,L8,PM,0.0,1966,1705,Chen,Day
2024-07-01 06:50:00,L8,No issue,0.0,5996,5718,Ben,Day
2024-07-19 07:13:00,P1,Changeover,1.0,1287,1258,Diya,Night
2024-06-27 00:35:00,L9,Breakdown,0.0,9259,8175,Asha,Day
2024-08-21 13:27:00,T2,No issue,0.0,6297,5590,Asha,Day
2024-07-05 03:55:00,L8,No issue,0.0,4243,3946,Chen,Day
2024-05-18 10:01:00,T1,Changeover,0.0,1968,1855,Asha,Day
2024-09-13 05:59:00,L8,PM,0.0,753,740,Chen,Night
2024-09-14 10:18:00,P1,Breakdown,1.0,7920,6816,Chen,Night
2024-07-27 09:59:00,L8,PM,0.0,6111,5441,Diya,Day
2024-03-20 03:37:00,T1,PM,0.0,398,395,Unknown,Night
2024-06-27 18:48:00,T1,Changeover,1.0,7707,6841,Evan,Night
2024-07-21 13:20:00,L9,No issue,0.0,4927,4780,Asha,Day
2024-12-07 22:24:00,P1,PM,0.0,9639,9043,Evan,Night
2024-03-27 09:50:00,P1,Changeover,0.0,11378,10758,Evan,Day
2024-04-01 08:42:00,T1,Quality stop,2.0,1906,1749,Unknown,Day
2024-06-24 14:33:00,L8,PM,0.0,17,16,Chen,Day
2024-12-10 06:13:00,L8,No issue,0.0,10850,10584,Unknown,Day
2024-03-30 20:44:00,P1,Breakdown,2.0,7588,7135,Ben,Day
2024-01-14 04:35:00,P1,PM,0.0,4275,3947,Evan,Day
2024-04-24 10:57:00,T1,PM,0.0,7213,7181,Ben,Day
2024-07-30 07:38:00,P1,Changeover,1.0,10583,10393,Ben,Day
2024-12-24 16:14:00,L9,No issue,0.0,5245,4482,Asha,Night
2024-08-13 04:53:00,T1,No issue,0.0,7211,6687,Evan,Day
2024-10-23 19:55:00,T1,No issue,0.0,768,666,Ben,Night
2024-02-16 07:21:00,L9,PM,2.0,892,812,Chen,Night
2024-04-26 00:08:00,L8,No issue,0.0,3649,3640,Chen,Day
2024-05-29 19:15:00,T1,Breakdown,2.0,9011,8961,Ben,Day
2024-01-03 21:43:00,T2,PM,2.0,717,707,Evan,Day
2024-07-26 13:18:00,T1,No issue,0.0,7082,6316,Evan,Night
2024-10-24 14:53:00,T1,No issue,0.0,7976,7804,Ben,Day
2024-06-14 04:48:00,L8,Quality stop,1.0,1428,1375,Ben,Day
2024-02-04 14:23:00,T2,Quality stop,0.0,10611,10406,Ben,Day
2024-02-22 08:14:00,T1,No issue,0.0,8916,7600,Diya,Night
2024-02-06 03:46:00,L8,No issue,0.0,10250,9281,Unknown,Night
2024-05-22 09:15:00,P1,Breakdown,4.0,4512,4289,Unknown,Night
2024-06-22 00:54:00,L8,Breakdown,0.0,2553,2318,Asha,Day
2024-03-26 07:03:00,T2,Breakdown,0.0,2648,2425,Chen,Day
2024-06-05 20:32:00,L8,No issue,0.0,4078,3597,Evan,Night
2024-09-27 11:56:00,L9,No issue,0.0,6802,6054,Diya,Night
2024-11-03 16:25:00,L8,Changeover,2.0,8010,7154,Asha,Night
2024-11-11 06:26:00,T2,PM,0.0,8283,7982,Ben,Day
2024-12-23 14:43:00,P1,Changeover,0.0,812,808,Diya,Day
2024-06-13 15:43:00,T2,Changeover,1.0,3795,3603,Ben,Day
2024-06-27 22:02:00,T2,No issue,0.0,5179,4524,Asha,Day
2024-04-15 16:03:00,T2,PM,0.0,423,408,Asha,Night
2024-10-02 06:56:00,T2,No issue,0.0,11036,9779,Diya,Day
2024-02-04 12:34:00,L9,PM,0.0,2465,2372,Diya,Night
2024-01-28 08:40:00,L8,No issue,0.0,6384,5623,Ben,Day
2024-05-01 06:15:00,T2,Breakdown,1.0,5819,5461,Diya,Day
2024-09-07 18:04:00,P1,No issue,0.0,8836,7542,Unknown,Day
2024-08-28 14:13:00,T1,Quality stop,2.0,1122,1084,Asha,Night
2024-07-16 04:55:00,T1,No issue,0.0,5776,5049,Ben,Day
2024-04-24 23:05:00,T1,No issue,0.0,8871,8449,Ben,Day
2024-06-13 21:25:00,L9,No issue,0.0,5928,5147,Asha,Day
2024-09-22 11:19:00,T2,Quality stop,2.0,4274,3658,Diya,Night
2024-11-02 00:00:00,P1,No issue,0.0,5171,4889,Chen,Night
2024-04-12 16:37:00,T1,Quality stop,0.0,3965,3670,Chen,Night
2024-12-27 02:07:00,P1,No issue,0.0,4185,3949,Ben,Night
2024-12-22 06:59:00,T2,PM,1.0,8338,7138,Ben,Day
2024-03-25 14:04:00,L8,Changeover,0.0,11613,10473,Evan,Day
2024-04-07 01:49:00,L9,No issue,0.0,1080,930,Chen,Night
2024-03-08 12:00:00,L8,No issue,0.0,3354,2885,Asha,Day
2024-12-02 21:56:00,L8,Breakdown,1.0,2706,2684,Chen,Day
2024-02-05 01:03:00,L8,Breakdown,1.0,4627,4212,Unknown,Day
2024-05-25 21:22:00,P1,No issue,0.0,8905,8173,Asha,Day
2024-11-20 12:50:00,L8,No issue,0.0,3790,3355,Ben,Day
2024-06-18 11:36:00,P1,PM,1.0,4869,4505,Ben,Night
2024-05-24 15:07:00,L9,No issue,0.0,6723,6395,Ben,Day
2024-07-19 08:18:00,L9,No issue,0.0,5016,4454,Chen,Day
2024-03-16 11:57:00,L9,Breakdown,3.0,4294,3892,Asha,Day
2024-07-11 03:31:00,P1,No issue,0.0,6382,6260,Asha,Day
2024-01-26 01:14:00,T2,No issue,0.0,8756,8114,Asha,Day
2024-01-27 17:48:00,L8,No issue,0.0,7336,7119,Asha,Day
2024-11-06 09:58:00,T2,PM,1.0,10669,9116,Diya,Day
2024-07-24 23:47:00,L8,Changeover,3.0,1576,1459,Ben,Night
2024-04-09 12:20:00,T2,No issue,0.0,6980,6140,Ben,Night
2024-02-04 22:55:00,P1,No issue,0.0,86,81,Evan,Night
2024-02-15 13:46:00,T1,Changeover,0.0,3898,3840,Evan,Day
2024-10-06 20:54:00,T1,Breakdown,0.0,3468,3061,Diya,Day
2024-11-22 08:42:00,P1,Changeover,0.0,760,672,Chen,Night
2024-03-01 14:34:00,L9,PM,1.0,9715,9428,Asha,Night
2024-01-03 01:58:00,T2,Quality stop,2.0,8250,7383,Diya,Day
2024-07-11 00:28:00,T1,Breakdown,1.0,2826,2533,Evan,Day
2024-06-14 07:01:00,P1,Breakdown,1.0,2423,2410,Chen,Day
2024-11-27 09:06:00,T1,No issue,0.0,11405,11206,Ben,Night
2024-01-11 04:53:00,T2,PM,0.0,5119,4582,Chen,Night
2024-12-19 05:03:00,T2,No issue,0.0,3536,3067,Chen,Day
2024-02-01 21:08:00,L8,Breakdown,1.0,4739,4452,Unknown,Day
2024-04-20 14:57:00,T2,No issue,0.0,9343,9103,Unknown,Night
2024-06-15 03:25:00,L8,Breakdown,1.0,6120,6080,Diya,Night
2024-08-25 12:01:00,L9,No issue,0.0,7707,7636,Unknown,Day
2024-04-16 04:12:00,P1,No issue,0.0,2105,2045,Chen,Night
2024-09-02 08:01:00,P1,PM,0.0,459,448,Evan,Day
2024-02-17 10:37:00,T1,PM,3.0,3221,3002,Ben,Day
2024-09-28 08:56:00,L9,No issue,0.0,9713,8456,Asha,Night
2024-05-31 19:48:00,L8,No issue,0.0,5518,4921,Ben,Day
2024-11-30 02:17:00,P1,PM,0.0,11050,9474,Evan,Night
2024-10-04 22:48:00,T2,PM,0.0,7494,6437,Asha,Day
2024-02-21 20:21:00,T1,No issue,0.0,9726,9403,Asha,Day
2024-03-15 10:23:00,T1,Changeover,0.0,6755,6129,Diya,Night
2024-04-07 20:13:00,L8,PM,0.0,8465,7970,Asha,Night
2024-07-30 15:56:00,P1,No issue,0.0,1003,940,Ben,Night
2024-01-08 21:06:00,L8,No issue,0.0,2081,2010,Chen,Day
2024-01-30 00:50:00,L9,No issue,0.0,10899,10435,Unknown,Day
2024-04-09 16:55:00,T1,Changeover,3.0,6759,5769,Chen,Day
2024-07-12 07:41:00,L8,PM,1.0,2665,2450,Chen,Night
2024-04-22 19:44:00,T2,PM,3.0,8942,8253,Diya,Night
2024-02-28 03:18:00,L8,No issue,0.0,10541,9124,Ben,Night
2024-12-29 05:43:00,L8,Breakdown,4.0,1661,1533,Asha,Day
2024-05-27 06:38:00,T1,No issue,0.0,3777,3718,Ben,Day
2024-02-19 12:43:00,T1,Breakdown,1.0,7417,7058,Asha,Day
2024-08-03 21:05:00,T1,No issue,0.0,11057,10270,Diya,Day
2024-04-03 19:37:00,P1,No issue,0.0,9495,8394,Diya,Day
2024-12-08 19:24:00,P1,Breakdown,0.0,6242,5580,Diya,Day
2024-12-20 08:58:00,L8,No issue,0.0,7194,6513,Ben,Night
2024-06-23 02:23:00,P1,No issue,0.0,8581,8142,Diya,Night
2024-01-25 02:30:00,T2,No issue,0.0,3074,2735,Ben,Night
2024-08-26 04:39:00,T2,Breakdown,1.0,1353,1174,Ben,Day
2024-07-23 15:51:00,T1,No issue,0.0,9745,8560,Chen,Day
2024-06-16 21:18:00,T1,No issue,0.0,5891,5501,Asha,Day
2024-08-24 11:52:00,L8,No issue,0.0,6135,5951,Diya,Day
2024-10-22 04:38:00,P1,Breakdown,1.0,8094,7100,Ben,Night
2024-10-10 23:43:00,T2,Breakdown,2.0,1944,1899,Chen,Day
2024-05-18 00:15:00,P1,No issue,0.0,4179,3744,Asha,Day
2024-06-12 03:20:00,T2,Quality stop,3.0,4359,3840,Diya,Day
2024-08-10 05:47:00,P1,Breakdown,0.0,5405,5063,Ben,Night
2024-05-05 21:37:00,P1,PM,3.0,11514,10622,Evan,Day
2024-10-12 11:29:00,T2,No issue,0.0,3777,3551,Diya,Night
2024-12-08 22:21:00,T2,PM,2.0,8657,8419,Asha,Day
2024-04-08 13:21:00,P1,Quality stop,1.0,2005,1749,Diya,Day
2024-08-16 19:23:00,P1,No issue,0.0,527,519,Chen,Night
2024-11-14 18:05:00,T2,Breakdown,0.0,6822,6579,Chen,Day
2024-10-18 15:24:00,L9,Breakdown,0.0,7317,6747,Unknown,Day
2024-12-06 02:49:00,T2,No issue,0.0,6705,6662,Chen,Day
2024-02-01 06:01:00,L9,No issue,0.0,5961,5654,Asha,Night
2024-09-04 08:49:00,T1,PM,0.0,10663,10350,Ben,Day
2024-01-04 01:50:00,L8,Quality stop,0.0,6789,6656,Evan,Night
2024-12-27 15:06:00,T2,No issue,0.0,5039,4874,Ben,Night
2024-05-24 04:45:00,L8,Breakdown,1.0,2982,2538,Ben,Night
2024-12-04 07:29:00,L8,PM,1.0,2849,2647,Ben,Day
2024-04-23 03:43:00,L9,Breakdown,1.0,6457,5682,Ben,Day
2024-06-17 05:40:00,T1,PM,0.0,9971,9925,Diya,Night
2024-05-03 12:27:00,L8,No issue,0.0,11878,11462,Asha,Day
2024-09-24 19:28:00,P1,PM,0.0,1250,1087,Unknown,Day
2024-07-16 21:07:00,L8,No issue,0.0,10971,10075,Evan,Day
2024-12-04 13:35:00,P1,PM,0.0,5904,5293,Diya,Day
2024-06-13 03:17:00,L8,Changeover,1.0,441,414,Evan,Day
2024-11-17 04:34:00,P1,Breakdown,2.0,344,325,Evan,Night
2024-06-18 13:08:00,P1,No issue,0.0,9933,9187,Diya,Day
2024-01-20 13:21:00,P1,PM,0.0,2459,2436,Ben,Day
2024-12-24 19:58:00,L8,No issue,0.0,10915,9570,Evan,Day
2024-11-28 16:23:00,T2,Quality stop,0.0,3471,3283,Chen,Night
2024-09-19 23:27:00,T1,No issue,0.0,5410,5162,Ben,Day
2024-03-01 04:03:00,T1,Breakdown,1.0,11832,11593,Ben,Night
2024-03-19 21:44:00,T2,No issue,0.0,4073,4070,Diya,Day
2024-09-09 20:31:00,P1,Breakdown,0.0,6406,5935,Diya,Night
2024-11-16 03:27:00,L8,Changeover,0.0,1836,1598,Asha,Day
2024-11-08 11:58:00,L8,No issue,0.0,5662,5123,Chen,Night
2024-04-09 21:28:00,L8,No issue,0.0,3594,3256,Ben,Night
2024-05-18 20:39:00,L8,Quality stop,0.0,10983,10377,Ben,Night
2024-09-06 23:26:00,P1,Breakdown,1.0,7697,6755,Ben,Night
2024-06-18 20:40:00,P1,Breakdown,0.0,5385,4849,Ben,Day
2024-01-11 21:21:00,T1,Changeover,1.0,8548,7646,Diya,Day
2024-07-21 23:32:00,P1,No issue,0.0,561,550,Evan,Night
2024-05-24 12:43:00,T2,No issue,0.0,1511,1470,Ben,Night
2024-12-05 03:59:00,L9,Breakdown,1.0,4623,4590,Chen,Day
2024-09-27 13:59:00,P1,No issue,0.0,8929,8651,Diya,Day
2024-05-31 13:44:00,L8,Breakdown,1.0,8109,6925,Diya,Night
2024-05-11 22:27:00,T1,Breakdown,3.0,217,207,Asha,Day
2024-03-12 03:03:00,T2,Changeover,0.0,1050,1025,Chen,Night
2024-06-14 05:34:00,T1,No issue,0.0,5736,4997,Evan,Night
2024-05-16 19:22:00,L9,Quality stop,0.0,5323,4697,Ben,Day
2024-11-30 19:29:00,L8,Changeover,1.0,5785,5352,Asha,Night
2024-04-23 05:17:00,L9,Changeover,0.0,3337,2887,Asha,Night
2024-07-25 06:07:00,T1,Breakdown,0.0,4284,4081,Chen,Day
2024-10-19 11:43:00,L8,No issue,0.0,8373,8272,Diya,Night
2024-08-20 16:31:00,L9,Changeover,2.0,1186,1065,Chen,Day
2024-02-20 15:27:00,L9,Changeover,0.0,2388,2151,Evan,Day
2024-04-04 15:35:00,L8,Quality stop,0.0,4797,4437,Evan,Day
2024-12-10 04:46:00,T2,Breakdown,0.0,6971,6440,Diya,Day
2024-10-13 16:58:00,P1,Quality stop,1.0,3698,3163,Diya,Night
2024-10-03 10:13:00,L8,Breakdown,0.0,7388,6407,Chen,Day
2024-03-02 16:06:00,L9,No issue,0.0,407,350,Ben,Night
2024-10-16 06:47:00,P1,Breakdown,0.0,7657,6694,Chen,Night
2024-11-02 06:41:00,L8,Quality stop,0.0,4691,4067,Chen,Day
2024-04-21 22:22:00,P1,Breakdown,0.0,4976,4489,Evan,Night
2024-04-26 19:48:00,P1,Changeover,0.0,4421,3897,Unknown,Night
2024-08-19 21:07:00,T2,Breakdown,0.0,2860,2624,Asha,Night
2024-07-22 21:15:00,P1,Quality stop,1.0,11598,10696,Asha,Night
2024-10-31 04:50:00,P1,No issue,0.0,8530,7929,Chen,Night
2024-04-20 22:36:00,P1,PM,0.0,711,696,Asha,Night
2024-08-26 09:24:00,T1,PM,1.0,5266,5145,Asha,Day
2024-01-28 20:41:00,L9,No issue,0.0,1832,1728,Asha,Night
2024-04-25 13:23:00,T2,No issue,0.0,3862,3383,Ben,Day
2024-03-24 14:20:00,L8,PM,4.0,1211,1077,Diya,Day
2024-06-27 05:23:00,P1,Quality stop,2.0,5269,5111,Evan,Day
2024-08-30 18:01:00,L8,No issue,0.0,9795,9427,Ben,Day
2024-03-26 05:52:00,P1,PM,2.0,7229,6244,Ben,Day
2024-10-26 12:35:00,T1,No issue,0.0,1235,1118,Diya,Night
2024-04-02 23:47:00,L9,Breakdown,1.0,7937,7191,Unknown,Night
2024-03-13 15:10:00,T2,Breakdown,1.0,9518,9059,Chen,Day
2024-05-14 05:04:00,P1,Changeover,0.0,9041,8931,Unknown,Day
2024-12-28 19:00:00,P1,PM,1.0,4280,3669,Ben,Night
2024-10-21 16:19:00,L9,No issue,0.0,10655,10388,Diya,Day
2024-09-30 10:17:00,P1,Changeover,0.0,7779,7376,Chen,Day
2024-07-19 20:25:00,T2,Breakdown,4.0,7549,6570,Ben,Day
2024-04-04 17:44:00,L9,Breakdown,0.0,11274,10843,Asha,Day
2024-06-07 16:46:00,T1,No issue,0.0,7399,7240,Ben,Day
2024-01-17 21:10:00,L9,Changeover,0.0,1240,1082,Ben,Night
2024-12-13 05:50:00,T2,No issue,0.0,2217,1948,Evan,Night
2024-04-15 11:23:00,P1,Breakdown,1.0,7586,7223,Asha,Day
2024-04-22 15:17:00,T2,No issue,0.0,11635,10396,Evan,Night
2024-07-03 21:17:00,T2,No issue,0.0,5322,5074,Diya,Day
2024-06-22 21:36:00,P1,No issue,0.0,2640,2472,Chen,Day
2024-06-27 23:13:00,T1,PM,0.0,4170,4033,Chen,Day
2024-12-12 23:37:00,L9,No issue,0.0,44,40,Ben,Day
2024-08-27 08:55:00,T2,Breakdown,3.0,4062,3667,Chen,Day
2024-12-05 00:01:00,L9,No issue,0.0,4990,4792,Chen,Day
2024-04-12 12:47:00,P1,No issue,0.0,8664,8640,Ben,Night
2024-04-26 10:45:00,T1,Breakdown,4.0,4644,4403,Diya,Day
2024-11-18 13:33:00,L9,No issue,0.0,10035,9847,Ben,Day
2024-01-17 07:20:00,L8,No issue,0.0,8694,8162,Chen,Day
2024-01-23 12:33:00,L8,Breakdown,0.0,11843,11359,Asha,Day
2024-06-14 01:07:00,L9,Changeover,4.0,2258,2113,Ben,Day
2024-09-29 09:02:00,L9,No issue,0.0,4761,4468,Diya,Day
2024-07-15 19:57:00,L9,PM,2.0,9857,9332,Chen,Day
2024-10-05 05:57:00,L8,No issue,0.0,10006,9854,Chen,Night
2024-01-12 02:45:00,L9,Breakdown,0.0,365,320,Ben,Day
2024-03-10 14:22:00,T2,No issue,0.0,2809,2776,Ben,Day
2024-05-31 12:26:00,T2,PM,2.0,3176,3133,Evan,Night
2024-07-18 01:24:00,L9,No issue,0.0,9732,8674,Unknown,Day
2024-04-09 07:45:00,T1,No issue,0.0,11764,10271,Evan,Day
2024-11-13 17:02:00,T1,Changeover,1.0,5580,5346,Chen,Day
2024-08-17 03:19:00,L9,Quality stop,0.0,7774,6990,Chen,Day
2024-05-21 18:34:00,P1,No issue,0.0,1276,1255,Ben,Night
2024-04-12 10:09:00,P1,No issue,0.0,7596,6531,Unknown,Day
2024-10-10 07:08:00,L9,Quality stop,0.0,7017,6496,Evan,Day
2024-08-10 05:25:00,L8,No issue,0.0,4424,3947,Chen,Day
2024-01-26 04:00:00,T2,PM,2.0,5423,4760,Evan,Day
2024-09-24 20:56:00,T2,No issue,0.0,9767,9023,Asha,Day
2024-10-12 08:21:00,P1,No issue,0.0,9029,8896,Ben,Day
2024-09-15 21:08:00,T2,Quality stop,1.0,2614,2277,Ben,Day
2024-10-14 04:21:00,T2,PM,1.0,10893,9720,Asha,Day
2024-10-24 12:32:00,L8,Breakdown,0.0,4680,4235,Diya,Night
2024-06-08 02:28:00,L8,Changeover,0.0,4457,4160,Diya,Day
2024-04-20 03:21:00,T1,No issue,0.0,8300,7421,Ben,Night
2024-02-06 04:30:00,L8,PM,1.0,2540,2334,Chen,Night
2024-11-15 11:44:00,T2,No issue,0.0,11230,10730,Asha,Day
2024-09-14 19:00:00,T2,Breakdown,0.0,217,215,Diya,Night
2024-10-31 20:50:00,T2,No issue,0.0,7199,6197,Chen,Day
2024-11-21 02:34:00,T1,Changeover,2.0,2884,2671,Asha,Day
2024-08-15 04:45:00,P1,No issue,0.0,10762,10472,Diya,Day
2024-08-10 16:41:00,L9,No issue,0.0,10365,9625,Diya,Day
2024-12-10 04:50:00,T2,Breakdown,3.0,7940,7438,Evan,Day
2024-10-09 11:26:00,L9,Changeover,0.0,5840,5563,Chen,Day
2024-07-17 08:40:00,L9,Quality stop,2.0,1518,1447,Chen,Day
2024-09-18 01:52:00,T1,Changeover,1.0,8040,7817,Chen,Day
2024-01-07 12:34:00,P1,Quality stop,1.0,5874,5360,Ben,Night
2024-06-23 00:35:00,T2,No issue,0.0,6103,5967,Chen,Day
2024-10-14 17:22:00,L8,Breakdown,0.0,9393,9025,Ben,Night
2024-06-12 14:14:00,P1,No issue,0.0,7499,6868,Chen,Day
2024-05-19 00:15:00,P1,PM,2.0,8367,8325,Evan,Day
2024-05-22 05:08:00,T2,Breakdown,3.0,289,266,Asha,Day
2024-01-25 09:35:00,P1,PM,0.0,7260,6881,Evan,Day
2024-10-21 03:29:00,L9,No issue,0.0,177,153,Asha,Day
2024-09-14 13:32:00,T2,Breakdown,0.0,4638,4331,Ben,Night
2024-04-20 08:21:00,L8,Quality stop,0.0,3892,3482,Asha,Day
2024-11-02 12:24:00,T1,No issue,0.0,6439,5983,Chen,Day
2024-05-04 02:19:00,L9,PM,1.0,10945,9666,Diya,Day
2024-07-16 15:16:00,T1,PM,1.0,3399,3143,Diya,Night
2024-08-23 09:26:00,L9,Changeover,1.0,5429,5288,Chen,Day
2024-03-06 05:27:00,L8,No issue,0.0,356,332,Diya,Day
2024-12-14 00:02:00,T1,No issue,0.0,7542,6443,Diya,Day
2024-01-10 04:22:00,P1,No issue,0.0,5902,5176,Unknown,Night
2024-07-24 12:15:00,P1,PM,0.0,10859,10724,Ben,Day
2024-03-04 11:44:00,L8,No issue,0.0,1986,1982,Unknown,Day
2024-04-07 07:10:00,L9,PM,0.0,11606,10354,Evan,Night
2024-11-05 10:55:00,T1,No issue,0.0,11563,10879,Asha,Day
2024-01-13 19:16:00,T1,No issue,0.0,3357,3247,Asha,Night
2024-01-27 16:07:00,L9,Changeover,0.0,11558,11159,Chen,Day
2024-07-21 04:51:00,T1,Changeover,3.0,10577,9506,Chen,Day
2024-05-23 12:24:00,T1,Quality stop,1.0,9744,8739,Ben,Day
2024-09-05 07:53:00,L8,No issue,0.0,2420,2413,Unknown,Day
2024-04-21 10:23:00,T2,PM,1.0,7672,7134,Ben,Day
2024-07-07 12:34:00,P1,No issue,0.0,4713,4679,Evan,Night
2024-11-29 10:07:00,L9,Breakdown,0.0,6198,5367,Diya,Day
2024-04-14 23:09:00,L8,No issue,0.0,7866,7544,Chen,Day
2024-08-19 18:51:00,T2,Quality stop,0.0,4130,3625,Asha,Night
2024-06-09 02:59:00,L9,Breakdown,0.0,3870,3392,Ben,Day
2024-10-14 16:29:00,T1,PM,1.0,7317,6687,Chen,Night
2024-03-12 12:53:00,L8,PM,0.0,3311,3227,Evan,Night
2024-11-17 03:49:00,T2,No issue,0.0,9596,8663,Chen,Night
2024-01-12 01:35:00,L8,Quality stop,1.0,5409,5172,Chen,Day
2024-02-27 01:18:00,T2,Changeover,0.0,1890,1796,Ben,Day
2024-10-24 16:58:00,L8,Breakdown,1.0,7741,6816,Evan,Night
2024-10-14 10:46:00,T1,PM,0.0,7342,6486,Ben,Day
2024-05-14 06:45:00,P1,Breakdown,3.0,6475,5647,Ben,Day
2024-06-09 16:12:00,T1,PM,1.0,1155,1066,Ben,Day
2024-01-22 04:20:00,L8,No issue,0.0,1497,1459,Asha,Night
2024-02-01 02:16:00,L9,No issue,0.0,2144,1950,Asha,Day
2024-05-19 18:22:00,T1,No issue,0.0,4322,3919,Asha,Day
2024-06-16 11:04:00,L9,Breakdown,0.0,3310,2937,Ben,Day
2024-06-20 14:00:00,T2,Breakdown,1.0,4742,4175,Asha,Day
2024-05-22 02:06:00,P1,No issue,0.0,7108,6822,Ben,Night
2024-02-09 23:51:00,L9,Breakdown,1.0,4384,4107,Ben,Night
2024-08-02 15:00:00,T2,No issue,0.0,5044,4965,Evan,Day
2024-12-04 02:37:00,T1,PM,0.0,10742,10136,Ben,Night
2024-06-18 13:53:00,L8,PM,0.0,9425,8194,Evan,Night
2024-02-28 19:57:00,T1,Quality stop,2.0,892,760,Chen,Day
2024-05-18 20:30:00,P1,PM,4.0,9305,9115,Evan,Night
2024-05-19 19:23:00,L9,Changeover,0.0,4089,3849,Asha,Night
2024-12-16 14:14:00,T2,Breakdown,1.0,8901,7606,Ben,Day
2024-06-09 06:14:00,L9,Changeover,0.0,6947,6476,Ben,Night
2024-04-22 09:27:00,T2,No issue,0.0,5524,5237,Asha,Day
2024-01-15 08:49:00,L8,No issue,0.0,10492,9057,Ben,Day
2024-03-11 22:58:00,T2,Breakdown,2.0,9743,8732,Ben,Day
2024-06-11 01:15:00,L8,No issue,0.0,9931,9310,Unknown,Day
2024-11-13 21:07:00,L9,Breakdown,1.0,5419,5326,Diya,Day
2024-02-28 04:35:00,T2,No issue,0.0,32,32,Evan,Day
2024-01-28 14:19:00,P1,Breakdown,1.0,9381,9036,Asha,Day
2024-08-03 13:22:00,T2,No issue,0.0,4995,4408,Ben,Night
2024-02-18 10:25:00,T2,No issue,0.0,10050,9642,Evan,Night
2024-10-10 18:47:00,T2,Breakdown,0.0,7440,6737,Ben,Day
2024-04-19 21:29:00,T1,No issue,0.0,6233,5643,Asha,Day
2024-02-03 16:03:00,P1,No issue,0.0,4440,3999,Diya,Night
2024-07-12 21:03:00,P1,Changeover,0.0,7997,7814,Chen,Night
2024-01-02 09:46:00,L8,Breakdown,1.0,5856,5286,Chen,Night
2024-05-05 09:16:00,T1,Quality stop,0.0,2533,2210,Evan,Day
2024-05-17 23:12:00,L9,PM,1.0,1874,1717,Chen,Day
2024-12-01 11:43:00,L9,No issue,0.0,1659,1422,Asha,Day
2024-10-05 13:11:00,L8,Changeover,1.0,5111,4514,Ben,Night
2024-06-18 07:44:00,T2,Changeover,4.0,3634,3594,Diya,Night
2024-03-06 05:38:00,T2,Changeover,0.0,5648,5409,Ben,Day
2024-07-19 11:00:00,L8,PM,4.0,7417,6512,Unknown,Night
2024-02-26 00:59:00,L9,Changeover,2.0,10916,9817,Unknown,Night
2024-05-30 22:11:00,P1,Changeover,0.0,11484,9924,Diya,Day
2024-12-12 21:06:00,T2,Breakdown,1.0,3217,3012,Evan,Night
2024-10-06 09:05:00,L8,Quality stop,1.0,6722,6337,Ben,Day
2024-10-11 08:24:00,T1,Changeover,1.0,9217,8159,Chen,Night
2024-05-11 09:38:00,P1,No issue,0.0,8953,7840,Unknown,Day
2024-07-02 02:27:00,T1,PM,0.0,8783,8454,Unknown,Day
2024-09-26 04:13:00,P1,No issue,0.0,4999,4430,Evan,Day
2024-03-15 16:45:00,P1,Breakdown,1.0,3691,3481,Evan,Day
2024-05-20 07:30:00,P1,PM,4.0,2753,2588,Evan,Day
2024-07-16 11:10:00,L9,No issue,0.0,6339,6008,Ben,Night
2024-05-10 03:30:00,T2,Breakdown,2.0,2539,2251,Chen,Day
2024-10-08 18:20:00,P1,Quality stop,4.0,5890,5856,Chen,Night
2024-09-13 15:21:00,L9,No issue,0.0,3736,3652,Unknown,Day
2024-01-30 12:33:00,T2,No issue,0.0,3673,3235,Chen,Night
2024-01-03 00:15:00,L9,Breakdown,1.0,9769,9195,Asha,Night
2024-10-26 02:52:00,T1,Changeover,0.0,3174,3128,Asha,Day
2024-07-31 20:45:00,P1,Breakdown,0.0,11451,10979,Ben,Night
2024-07-08 20:45:00,L9,PM,0.0,11980,10475,Asha,Day
2024-10-20 12:06:00,L9,No issue,0.0,2001,1979,Evan,Day
2024-06-18 00:53:00,T2,Breakdown,4.0,1979,1859,Asha,Day
2024-01-02 11:43:00,L9,No issue,0.0,11461,10353,Asha,Day
2024-08-06 00:13:00,L9,Changeover,1.0,1302,1190,Unknown,Day
2024-07-27 03:07:00,T1,Quality stop,0.0,7023,6019,Chen,Day
2024-12-21 21:40:00,L9,Changeover,2.0,10410,9872,Ben,Day
2024-03-29 01:26:00,L9,Quality stop,1.0,11716,10853,Diya,Day
2024-04-14 14:26:00,P1,No issue,0.0,4810,4633,Ben,Day
2024-03-07 08:55:00,L8,Breakdown,0.0,7029,6012,Diya,Day
2024-03-14 06:05:00,L8,PM,1.0,10608,9817,Asha,Night
2024-11-03 06:37:00,L9,Breakdown,1.0,3869,3869,Ben,Day
2024-12-20 21:20:00,L8,Changeover,1.0,10945,10128,Diya,Day
2024-10-31 19:10:00,L9,Quality stop,3.0,2290,2001,Chen,Night
2024-05-20 07:14:00,T1,Quality stop,1.0,1587,1574,Asha,Night
2024-04-19 09:40:00,L8,No issue,0.0,8834,8097,Chen,Day
2024-04-13 00:42:00,L8,No issue,0.0,133,114,Chen,Day
2024-05-03 07:55:00,T1,Quality stop,2.0,11801,10680,Asha,Day
2024-03-10 20:54:00,P1,Changeover,0.0,5713,5210,Chen,Night
2024-04-04 01:25:00,P1,Breakdown,1.0,34,33,Unknown,Day
2024-06-12 14:30:00,P1,No issue,0.0,7404,7088,Ben,Day
2024-12-07 18:25:00,L8,Breakdown,1.0,1278,1126,Chen,Day
2024-09-05 17:49:00,L8,No issue,0.0,9635,8268,Chen,Day
2024-06-23 15:12:00,T2,PM,0.0,10101,9878,Diya,Night
2024-04-09 23:44:00,L9,No issue,0.0,11233,11228,Diya,Day
2024-01-06 17:58:00,L9,No issue,0.0,2672,2598,Chen,Night
2024-03-19 16:35:00,P1,No issue,0.0,7342,6529,Ben,Day
2024-07-12 07:02:00,P1,Changeover,1.0,8951,8344,Evan,Night
2024-10-24 18:43:00,T1,Breakdown,1.0,3850,3289,Ben,Night
2024-11-06 02:27:00,T2,Changeover,0.0,4609,4421,Chen,Day
2024-03-24 03:06:00,L8,PM,0.0,10202,9195,Diya,Day
2024-02-02 23:17:00,T2,Changeover,1.0,4261,4068,Evan,Day
2024-04-21 04:14:00,L9,No issue,0.0,3536,3479,Chen,Day
2024-07-10 08:47:00,T1,Breakdown,2.0,11587,10144,Ben,Night
2024-11-02 04:31:00,T1,Changeover,1.0,5903,5486,Chen,Day
2024-01-27 22:39:00,T1,No issue,0.0,2589,2535,Unknown,Night
2024-11-07 20:43:00,P1,Quality stop,0.0,6574,5843,Asha,Day
2024-03-19 17:16:00,P1,No issue,0.0,7670,6916,Ben,Night
2024-05-13 08:34:00,T1,No issue,0.0,9353,8144,Asha,Night
2024-11-05 22:28:00,P1,No issue,0.0,11553,10529,Diya,Day
2024-06-13 18:37:00,T1,No issue,0.0,2673,2393,Chen,Day
2024-12-22 14:24:00,T2,No issue,0.0,9195,8980,Evan,Day
2024-05-12 19:59:00,T2,No issue,0.0,1149,1088,Asha,Night
2024-02-16 15:14:00,L9,PM,3.0,7581,6532,Diya,Night
2024-01-26 17:23:00,T2,Quality stop,4.0,7200,6440,Chen,Night
2024-06-20 16:50:00,L9,Quality stop,1.0,2158,2150,Unknown,Night
2024-02-21 21:19:00,T1,Breakdown,0.0,7833,7307,Diya,Day
2024-12-28 07:28:00,L8,Breakdown,0.0,9467,9113,Asha,Night
2024-03-28 11:35:00,T1,Breakdown,0.0,8175,8060,Evan,Day
2024-10-08 10:39:00,P1,No issue,0.0,6403,6252,Ben,Day
2024-08-14 00:54:00,T1,PM,1.0,6345,5852,Diya,Night
2024-03-09 23:40:00,P1,Breakdown,1.0,1949,1816,Ben,Day
2024-07-23 20:11:00,T1,Changeover,1.0,1684,1548,Evan,Day
2024-05-23 07:27:00,L8,Quality stop,0.0,8543,7946,Diya,Night
2024-12-24 11:02:00,L9,No issue,0.0,10827,9880,Ben,Day
2024-04-20 13:46:00,P1,PM,1.0,8550,8040,Chen,Night
2024-04-10 07:30:00,P1,No issue,0.0,11945,11089,Ben,Day
2024-03-10 11:33:00,L8,Breakdown,1.0,11773,10100,Diya,Day
2024-08-29 07:22:00,T1,PM,0.0,8882,8416,Asha,Night
2024-05-07 07:50:00,L9,PM,1.0,4098,4027,Asha,Night
2024-02-05 08:51:00,P1,Changeover,0.0,7472,7251,Ben,Day
2024-11-21 22:22:00,L9,Quality stop,2.0,7363,6918,Evan,Day
2024-10-19 10:30:00,L8,No issue,0.0,11164,10932,Asha,Day
2024-01-06 06:35:00,L9,PM,2.0,4794,4556,Asha,Day
2024-06-12 02:46:00,P1,PM,0.0,11848,11267,Chen,Day
2024-01-14 17:43:00,L8,No issue,0.0,11608,10007,Ben,Night
2024-12-08 00:42:00,L8,Breakdown,0.0,11539,11216,Asha,Night
2024-11-14 04:45:00,P1,Breakdown,1.0,11400,10445,Evan,Day
2024-10-19 11:50:00,T1,No issue,0.0,5353,4927,Chen,Night
2024-05-30 19:25:00,P1,Breakdown,0.0,637,604,Diya,Day
2024-08-08 17:31:00,T2,No issue,0.0,4972,4945,Ben,Day
2024-11-24 21:18:00,P1,No issue,0.0,9281,8304,Chen,Night
2024-01-31 10:53:00,T2,Quality stop,1.0,6909,6238,Chen,Day
2024-02-06 16:01:00,L8,Breakdown,0.0,3420,3148,Chen,Day
2024-09-20 01:39:00,T1,Breakdown,0.0,10288,9162,Diya,Night
2024-05-23 18:54:00,T2,PM,2.0,2358,2181,Unknown,Day
2024-06-26 22:10:00,L8,No issue,0.0,7389,7366,Asha,Night
2024-06-19 03:54:00,L8,Breakdown,1.0,4803,4340,Chen,Day
2024-05-27 20:46:00,P1,Breakdown,0.0,9439,8823,Asha,Day
2024-02-13 17:20:00,T2,Breakdown,3.0,1243,1119,Evan,Day
2024-07-01 16:14:00,T2,No issue,0.0,8034,7351,Chen,Night
2024-09-21 14:05:00,T1,No issue,0.0,1520,1424,Chen,Day
2024-05-10 14:00:00,L9,No issue,0.0,7178,6104,Ben,Night
2024-12-06 05:37:00,T1,No issue,0.0,593,526,Diya,Day
2024-12-02 10:47:00,L8,PM,1.0,5256,4938,Diya,Day
2024-09-05 07:36:00,T1,Quality stop,1.0,8426,8344,Ben,Day
2024-09-15 07:30:00,L9,Breakdown,1.0,9402,9084,Diya,Night
2024-02-20 23:56:00,P1,Quality stop,2.0,8126,7093,Diya,Night
2024-11-18 02:59:00,L9,Breakdown,2.0,10133,9092,Diya,Day
2024-01-05 20:22:00,T2,No issue,0.0,11883,10383,Ben,Day
2024-04-11 17:14:00,L9,No issue,0.0,9441,8364,Ben,Day
2024-07-14 00:16:00,T1,Changeover,0.0,2159,1917,Asha,Night
2024-08-26 00:49:00,T2,PM,0.0,5589,4893,Evan,Day
2024-02-06 21:27:00,T2,No issue,0.0,3655,3426,Diya,Night
2024-10-06 07:19:00,T2,Changeover,0.0,1749,1698,Evan,Night
2024-07-01 16:38:00,T1,PM,1.0,10226,9432,Ben,Day
2024-04-05 06:46:00,L9,No issue,0.0,8159,7187,Diya,Day
2024-10-01 13:04:00,T1,PM,0.0,11080,9763,Chen,Day
2024-02-26 11:45:00,T1,No issue,0.0,3211,2836,Chen,Day
2024-08-27 19:37:00,T2,PM,1.0,8758,8032,Chen,Night
2024-10-31 20:39:00,T2,No issue,0.0,4672,4593,Chen,Night
2024-11-03 19:53:00,T2,Quality stop,0.0,7812,7265,Evan,Night
2024-05-08 16:10:00,T1,No issue,0.0,11376,11210,Diya,Night
2024-08-28 03:14:00,T2,Breakdown,1.0,775,747,Asha,Night
2024-09-04 14:30:00,L9,No issue,0.0,5741,4993,Ben,Day
2024-02-27 06:41:00,P1,No issue,0.0,10741,10096,Chen,Day
2024-02-02 10:20:00,L8,Changeover,0.0,8949,8723,Chen,Day
2024-10-16 13:22:00,L9,PM,0.0,11876,11332,Ben,Day
2024-06-08 05:23:00,L8,Quality stop,1.0,1963,1803,Asha,Day
2024-05-07 07:43:00,T2,Breakdown,0.0,7355,7250,Chen,Day
2024-11-11 01:46:00,L8,Changeover,2.0,8781,8386,Diya,Day
2024-01-26 02:46:00,L9,No issue,0.0,3675,3483,Evan,Day
2024-02-05 10:35:00,T1,Breakdown,2.0,5489,4964,Unknown,Day
2024-12-06 05:19:00,P1,No issue,0.0,8390,7168,Chen,Night
2024-12-27 04:00:00,T2,No issue,0.0,6403,5502,Chen,Night
2024-03-17 15:02:00,T1,No issue,0.0,9626,8788,Ben,Day
2024-12-06 07:38:00,L9,No issue,0.0,7541,7507,Asha,Day
2024-06-03 20:24:00,L8,No issue,0.0,9507,8680,Asha,Day
2024-12-24 11:24:00,L8,Quality stop,1.0,2631,2608,Evan,Night
2024-09-01 16:54:00,P1,Changeover,3.0,3240,2973,Diya,Day
2024-08-11 16:20:00,L9,Breakdown,3.0,8464,8419,Diya,Day
2024-09-23 04:16:00,L8,No issue,0.0,8498,8317,Evan,Day
2024-08-21 09:00:00,T2,No issue,0.0,1109,982,Diya,Day
2024-09-08 21:51:00,L8,Changeover,1.0,10749,9786,Asha,Day
2024-11-28 08:23:00,T1,No issue,0.0,10798,10659,Ben,Day
2024-11-02 11:48:00,T2,PM,4.0,8412,7469,Chen,Night
2024-09-28 14:43:00,L9,Quality stop,0.0,11206,9916,Chen,Night
2024-02-13 13:25:00,T2,No issue,0.0,3956,3623,Evan,Night
2024-02-26 23:37:00,L8,Breakdown,0.0,3750,3611,Evan,Night
2024-06-25 00:01:00,P1,No issue,0.0,8624,7789,Ben,Day
2024-03-03 19:29:00,P1,No issue,0.0,3195,2995,Ben,Night
2024-07-04 00:19:00,P1,No issue,0.0,1320,1172,Ben,Night
2024-10-02 14:28:00,L8,Breakdown,3.0,9163,8370,Evan,Night
2024-10-12 15:50:00,L9,Breakdown,0.0,9604,8503,Asha,Day
2024-03-04 23:58:00,T2,Changeover,2.0,5551,5270,Evan,Day
2024-03-09 13:46:00,P1,No issue,0.0,7215,6409,Diya,Night
2024-09-18 03:09:00,P1,Breakdown,1.0,11233,10820,Diya,Day
2024-08-23 10:51:00,T2,PM,1.0,5874,5786,Ben,Day
2024-10-04 19:51:00,L9,PM,0.0,10728,9130,Ben,Night
2024-07-29 10:25:00,L8,PM,0.0,2668,2648,Chen,Night
2024-09-15 00:56:00,P1,Breakdown,3.0,5096,4844,Unknown,Day
2024-08-04 08:48:00,T1,Breakdown,1.0,1003,989,Ben,Day
2024-03-04 13:42:00,T2,Breakdown,1.0,5436,5143,Ben,Day
2024-05-08 01:55:00,T1,Changeover,0.0,4553,4263,Chen,Day
2024-10-16 17:39:00,L9,Breakdown,1.0,7918,7302,Ben,Night
2024-04-20 06:57:00,T1,No issue,0.0,10114,9998,Asha,Day
2024-10-17 15:35:00,T2,Breakdown,1.0,8449,7578,Evan,Night
2024-09-06 11:51:00,T2,No issue,0.0,8431,8176,Evan,Night
2024-07-04 21:08:00,T2,No issue,0.0,278,248,Unknown,Day
2024-10-25 10:40:00,P1,PM,0.0,1238,1192,Asha,Night
2024-11-18 22:45:00,T1,No issue,0.0,3132,2812,Ben,Day
2024-09-28 19:12:00,P1,No issue,0.0,10827,10637,Evan,Day
2024-12-27 00:57:00,P1,Breakdown,0.0,4884,4265,Asha,Day
2024-06-26 02:31:00,P1,No issue,0.0,9614,9070,Ben,Day
2024-12-16 08:21:00,T1,No issue,0.0,4415,3972,Asha,Day
2024-02-06 15:28:00,L9,PM,0.0,8098,7197,Evan,Day
2024-03-17 16:00:00,T2,PM,0.0,8744,7469,Ben,Night
2024-04-09 18:30:00,L9,Breakdown,4.0,3945,3922,Diya,Night
2024-03-18 01:41:00,L8,Quality stop,1.0,2609,2438,Unknown,Day
2024-03-01 08:39:00,T2,Changeover,1.0,10463,9428,Ben,Day
2024-01-05 22:30:00,L8,PM,0.0,5155,4599,Ben,Night
2024-03-07 07:36:00,T1,Changeover,3.0,10906,10071,Diya,Night
2024-07-30 12:27:00,L8,Breakdown,1.0,7228,6374,Asha,Night
2024-02-04 15:39:00,L8,PM,2.0,7671,6854,Diya,Day
2024-01-25 02:10:00,T2,No issue,0.0,5310,4731,Chen,Day
2024-10-13 22:33:00,P1,Changeover,2.0,2999,2582,Evan,Day
2024-02-15 12:38:00,L9,No issue,0.0,4164,3626,Ben,Day
2024-09-14 14:22:00,T1,PM,1.0,6315,6006,Diya,Night
2024-02-17 12:01:00,L9,No issue,0.0,10300,9436,Asha,Night
2024-05-22 07:16:00,T2,PM,2.0,3724,3411,Ben,Night
2024-01-11 02:16:00,L8,PM,1.0,6575,5981,Asha,Night
2024-02-15 22:14:00,T1,No issue,0.0,3644,3582,Unknown,Day
2024-12-29 05:10:00,L8,PM,1.0,11446,10168,Chen,Night
2024-02-15 02:33:00,T2,Changeover,1.0,3011,2949,Diya,Day
2024-09-18 19:15:00,L8,PM,0.0,3044,2700,Chen,Day
2024-02-15 10:03:00,T2,Breakdown,2.0,4015,3727,Chen,Day
2024-03-20 21:35:00,T2,Breakdown,1.0,9811,9003,Ben,Day
2024-11-26 10:32:00,P1,No issue,0.0,2316,2045,Diya,Day
2024-04-21 16:24:00,T1,Changeover,0.0,5580,5413,Diya,Day
2024-01-03 06:01:00,L9,Changeover,4.0,9740,8518,Asha,Day
2024-08-14 22:56:00,T2,PM,4.0,5216,4917,Diya,Day
2024-05-30 15:20:00,T2,No issue,0.0,5541,5066,Evan,Night
2024-04-13 19:09:00,T1,No issue,0.0,7340,7234,Diya,Day
2024-12-17 18:57:00,L9,PM,0.0,11963,11557,Chen,Night
2024-09-29 20:04:00,T1,Changeover,4.0,4155,3797,Ben,Night
2024-05-19 07:51:00,L9,No issue,0.0,8507,7399,Ben,Day
2024-12-16 19:11:00,T1,Breakdown,0.0,11360,11133,Evan,Day
2024-12-21 13:34:00,P1,Quality stop,0.0,2659,2636,Ben,Day
2024-04-03 22:33:00,P1,Breakdown,0.0,11395,10303,Chen,Day
2024-07-25 19:53:00,T2,No issue,0.0,11801,11240,Diya,Night
2024-04-23 23:44:00,L9,Quality stop,0.0,7065,6102,Asha,Day
2024-02-05 00:56:00,P1,No issue,0.0,7345,7066,Diya,Day
2024-06-22 06:21:00,T2,Quality stop,2.0,8305,8297,Asha,Night
2024-09-25 17:18:00,T2,PM,0.0,9642,8925,Evan,Day
2024-01-27 01:39:00,T2,PM,0.0,1345,1247,Diya,Day
2024-07-03 15:45:00,T1,Breakdown,4.0,1841,1783,Ben,Day
2024-11-09 14:23:00,T2,No issue,0.0,5410,5085,Diya,Night
2024-05-05 22:11:00,T1,No issue,0.0,10223,9821,Asha,Night
2024-12-03 10:02:00,L8,Breakdown,1.0,8040,7897,Chen,Day
2024-05-20 00:34:00,T2,Breakdown,1.0,7327,7216,Chen,Day
2024-07-18 01:30:00,T1,No issue,0.0,10418,9423,Chen,Day
2024-08-05 04:11:00,P1,PM,1.0,6115,5475,Asha,Night
2024-12-13 04:49:00,L8,Breakdown,0.0,1827,1762,Asha,Night
2024-08-31 03:43:00,P1,Quality stop,1.0,7164,6613,Diya,Night
2024-05-10 05:32:00,T1,Breakdown,0.0,3997,3665,Diya,Day
2024-04-29 22:30:00,L9,No issue,0.0,2727,2705,Asha,Night
2024-08-02 05:47:00,T1,No issue,0.0,3482,3325,Asha,Night
2024-01-12 14:50:00,T1,Changeover,3.0,10076,8589,Asha,Day
2024-01-06 03:44:00,L8,Quality stop,3.0,10839,9808,Asha,Day
2024-04-13 11:53:00,T2,No issue,0.0,3281,3243,Diya,Night
2024-02-23 15:15:00,P1,Breakdown,0.0,4963,4633,Chen,Day
2024-08-10 15:04:00,L8,Changeover,0.0,8246,7085,Evan,Day
2024-08-26 22:46:00,T2,No issue,0.0,3362,3053,Diya,Night
2024-12-16 13:37:00,L9,Quality stop,1.0,7677,6862,Diya,Day
2024-12-30 04:53:00,T2,PM,3.0,4104,4096,Evan,Day
2024-08-07 05:18:00,L8,No issue,0.0,9913,9164,Chen,Day
2024-08-04 14:29:00,P1,PM,0.0,2968,2813,Asha,Night
2024-10-19 18:18:00,P1,Breakdown,0.0,2907,2575,Asha,Night
2024-10-16 04:59:00,T2,Changeover,4.0,5635,5399,Ben,Day
2024-02-20 02:17:00,L9,No issue,0.0,4231,3917,Asha,Night
2024-06-18 17:52:00,T2,No issue,0.0,6366,5584,Chen,Night
2024-07-17 16:43:00,P1,No issue,0.0,7230,7199,Diya,Day
2024-06-26 14:25:00,L8,PM,4.0,2994,2832,Chen,Day
2024-02-16 08:14:00,T1,Breakdown,0.0,467,418,Ben,Day
2024-02-12 13:41:00,T1,No issue,0.0,11081,10233,Evan,Night
2024-02-12 18:20:00,L9,Quality stop,0.0,9182,8040,Chen,Night
2024-07-10 05:22:00,L8,No issue,0.0,6458,5953,Ben,Night
2024-09-16 07:31:00,T2,Quality stop,1.0,2952,2520,Chen,Day
2024-10-18 06:07:00,P1,No issue,0.0,10975,9408,Diya,Night
2024-07-04 04:09:00,L8,Breakdown,0.0,11787,10185,Evan,Day
2024-12-03 03:35:00,L9,Breakdown,0.0,4778,4551,Chen,Day
2024-09-22 21:43:00,P1,PM,2.0,8951,7837,Ben,Day
2024-06-13 01:46:00,T2,Changeover,0.0,4987,4830,Chen,Night
2024-02-18 07:06:00,T2,Quality stop,1.0,7032,6151,Diya,Night
2024-01-15 06:15:00,T1,No issue,0.0,8083,7634,Asha,Day
2024-07-08 05:15:00,T1,Breakdown,4.0,6738,6358,Ben,Day
2024-07-10 01:04:00,T2,Changeover,3.0,3610,3541,Asha,Day
2024-07-04 08:08:00,L8,No issue,0.0,2062,1917,Evan,Day
2024-09-06 23:59:00,L8,PM,3.0,3539,3157,Diya,Day
2024-02-07 05:33:00,L8,Breakdown,0.0,7972,7876,Diya,Night
2024-08-20 17:41:00,T1,Breakdown,2.0,9781,9426,Ben,Night
2024-05-15 22:15:00,P1,No issue,0.0,11393,9782,Asha,Night
2024-06-18 08:22:00,T2,No issue,0.0,1493,1306,Asha,Day
2024-02-22 14:52:00,T2,No issue,0.0,10008,9629,Ben,Night
2024-05-11 19:02:00,L9,Quality stop,2.0,8030,7337,Evan,Day
2024-01-31 05:46:00,L9,Breakdown,2.0,4967,4285,Evan,Day
2024-04-23 12:15:00,T1,Breakdown,0.0,7436,7409,Diya,Day
2024-02-15 03:46:00,T2,No issue,0.0,7658,6891,Diya,Day
2024-09-25 11:20:00,P1,No issue,0.0,10471,9819,Asha,Night
2024-12-15 11:34:00,L8,No issue,0.0,4116,3966,Evan,Day
2024-06-19 21:53:00,P1,No issue,0.0,606,542,Asha,Night
2024-12-07 14:35:00,L8,Breakdown,0.0,7003,6638,Chen,Day
2024-11-05 18:58:00,T1,Quality stop,0.0,989,914,Evan,Night
2024-05-07 13:50:00,P1,No issue,0.0,6452,6160,Ben,Night
2024-10-27 06:32:00,T2,PM,0.0,5468,5449,Asha,Day
2024-04-29 02:12:00,T2,Quality stop,1.0,8640,7782,Diya,Night
2024-05-29 23:44:00,T1,PM,0.0,4118,4085,Asha,Night
2024-08-29 05:24:00,T1,Quality stop,1.0,4607,4097,Diya,Day
2024-07-24 12:59:00,L8,No issue,0.0,321,298,Asha,Night
2024-09-09 23:52:00,T2,Breakdown,1.0,5205,4911,Ben,Day
2024-01-31 21:23:00,P1,No issue,0.0,5908,5845,Asha,Day
2024-10-08 03:02:00,L9,Changeover,0.0,7392,7002,Asha,Night
2024-05-04 21:34:00,T2,Breakdown,0.0,118,115,Asha,Night
2024-11-01 13:09:00,P1,PM,0.0,11066,11040,Diya,Day
2024-03-02 20:49:00,T1,No issue,0.0,21,18,Asha,Night
2024-01-21 00:43:00,T2,Breakdown,1.0,11130,9906,Asha,Day
2024-08-04 06:59:00,T2,No issue,0.0,11600,10519,Evan,Day
2024-10-31 16:18:00,P1,No issue,0.0,10525,9582,Chen,Night
2024-08-27 21:10:00,L9,No issue,0.0,11868,10689,Evan,Night
2024-02-01 14:05:00,T1,Changeover,1.0,4236,3605,Chen,Day
2024-12-11 17:54:00,T2,Breakdown,0.0,2813,2769,Ben,Day
2024-06-04 00:22:00,P1,Quality stop,1.0,11362,10623,Diya,Day
2024-04-11 05:38:00,P1,Quality stop,2.0,3271,3028,Ben,Night
2024-12-10 14:52:00,T2,No issue,0.0,3629,3402,Unknown,Night
2024-05-03 02:43:00,P1,Quality stop,3.0,2065,2028,Ben,Day
2024-05-01 17:17:00,L9,No issue,0.0,4835,4294,Diya,Day
2024-03-20 16:40:00,T1,Changeover,4.0,5188,4798,Diya,Night
2024-07-29 05:04:00,T2,No issue,0.0,9020,7952,Ben,Day
2024-12-27 01:09:00,L9,Quality stop,1.0,3038,2642,Asha,Day
2024-05-31 02:43:00,T2,Changeover,0.0,579,542,Asha,Day
2024-10-30 18:49:00,T1,Quality stop,1.0,11050,9581,Chen,Day
2024-03-08 19:30:00,T1,No issue,0.0,3784,3665,Chen,Day
2024-10-04 23:45:00,P1,No issue,0.0,11550,10517,Asha,Night
2024-07-03 15:16:00,T1,Quality stop,0.0,9768,9310,Asha,Day
2024-06-16 21:26:00,L9,Changeover,0.0,9520,8477,Chen,Night
2024-10-31 12:52:00,P1,PM,3.0,3662,3523,Asha,Day
2024-10-29 19:29:00,T1,No issue,0.0,3573,3277,Evan,Night
2024-01-09 14:38:00,T2,Quality stop,0.0,5517,5338,Asha,Night
2024-04-13 09:45:00,T2,PM,0.0,7198,6321,Ben,Day
2024-01-12 03:36:00,L9,Breakdown,0.0,10811,10114,Asha,Night
2024-04-20 16:23:00,T1,Changeover,1.0,4627,4391,Ben,Day
2024-05-16 15:42:00,P1,No issue,0.0,10496,9196,Asha,Night
2024-10-14 17:42:00,T1,No issue,0.0,8612,8112,Evan,Day
2024-01-15 16:15:00,T2,No issue,0.0,4411,4011,Asha,Day
2024-02-18 16:18:00,L9,No issue,0.0,8473,8448,Ben,Day
2024-06-08 01:15:00,L9,Breakdown,1.0,7955,6851,Diya,Day
2024-12-16 17:01:00,T2,Breakdown,2.0,5327,5192,Ben,Night
2024-06-30 14:17:00,T1,No issue,0.0,2816,2811,Asha,Day
2024-11-26 23:21:00,T1,PM,4.0,871,769,Asha,Day
2024-09-07 01:04:00,L9,No issue,0.0,2729,2626,Diya,Day
2024-12-21 15:20:00,P1,Breakdown,2.0,2118,2064,Evan,Day
2024-11-15 02:53:00,L9,No issue,0.0,11613,10794,Chen,Night
2024-07-26 00:51:00,L9,No issue,0.0,8617,7577,Diya,Day
2024-04-29 02:24:00,P1,Breakdown,4.0,6218,5305,Diya,Night
2024-02-17 16:50:00,L9,No issue,0.0,10529,9829,Diya,Day
2024-09-08 15:16:00,L9,PM,4.0,10545,10443,Evan,Day
2024-02-14 05:28:00,T1,No issue,0.0,2178,2080,Diya,Night
2024-09-15 08:50:00,P1,Quality stop,1.0,4749,4586,Ben,Day
2024-07-11 23:48:00,P1,PM,4.0,4931,4249,Ben,Day
2024-11-08 09:00:00,P1,Breakdown,0.0,3618,3192,Chen,Day
2024-12-17 13:08:00,P1,Breakdown,0.0,8609,7644,Ben,Night
2024-01-13 08:20:00,L9,Quality stop,1.0,3843,3536,Chen,Night
2024-06-29 10:20:00,T1,No issue,0.0,10486,9474,Asha,Night
2024-07-18 13:44:00,T2,No issue,0.0,8597,7791,Ben,Night
2024-03-26 23:06:00,P1,No issue,0.0,3560,3226,Ben,Day
2024-12-13 19:19:00,T1,No issue,0.0,3204,2909,Evan,Day
2024-02-23 16:56:00,T2,No issue,0.0,4801,4173,Diya,Night
2024-06-10 07:44:00,P1,Quality stop,0.0,5144,4985,Chen,Day
2024-03-07 17:03:00,P1,Quality stop,2.0,6775,6148,Ben,Day
2024-05-18 14:00:00,T2,PM,2.0,5140,4540,Evan,Day
2024-08-24 11:02:00,L8,PM,4.0,3010,2994,Diya,Day
2024-11-09 15:48:00,L9,PM,2.0,6294,5382,Diya,Day
2024-07-22 10:30:00,L9,Quality stop,0.0,11550,9856,Evan,Night
2024-05-13 16:40:00,P1,No issue,0.0,7578,6676,Diya,Day
2024-09-15 05:08:00,L8,Breakdown,0.0,4529,4148,Evan,Day
2024-03-01 10:50:00,L8,PM,0.0,2911,2716,Evan,Night
2024-07-03 22:25:00,L9,Breakdown,1.0,9698,8792,Unknown,Night
2024-05-29 09:43:00,L8,Breakdown,1.0,270,231,Ben,Day
2024-11-12 03:31:00,P1,Changeover,0.0,1947,1850,Asha,Night
2024-10-03 20:12:00,P1,Changeover,1.0,4055,3669,Chen,Day
2024-12-19 11:56:00,L8,No issue,0.0,626,617,Evan,Day
2024-07-15 09:04:00,P1,No issue,0.0,8553,7563,Ben,Night
2024-10-17 20:15:00,L9,No issue,0.0,6816,5799,Ben,Night
2024-10-14 00:03:00,L8,Quality stop,0.0,9068,8966,Chen,Day
2024-03-28 21:00:00,P1,Quality stop,0.0,7619,7541,Ben,Day
2024-05-09 08:40:00,P1,No issue,0.0,9663,8454,Asha,Day
2024-06-27 16:12:00,T1,Quality stop,0.0,202,178,Unknown,Day
2024-03-14 12:15:00,L8,Breakdown,0.0,2251,2113,Diya,Day
2024-02-26 14:02:00,L9,Breakdown,4.0,10586,9873,Diya,Day
2024-07-02 13:54:00,T2,No issue,0.0,890,822,Diya,Day
2024-04-02 16:05:00,P1,No issue,0.0,2292,2120,Diya,Night
2024-06-25 12:49:00,T2,Quality stop,1.0,9087,8953,Chen,Day
2024-11-15 12:58:00,T2,Changeover,0.0,2658,2629,Asha,Night
2024-04-13 11:08:00,P1,Breakdown,1.0,11300,10314,Ben,Night
2024-03-02 13:55:00,L9,No issue,0.0,5104,4767,Evan,Day
2024-10-21 18:43:00,T1,Breakdown,4.0,1939,1875,Evan,Day
2024-10-10 04:54:00,L8,Breakdown,0.0,3947,3531,Diya,Day
2024-10-01 18:06:00,T2,Changeover,1.0,4999,4937,Chen,Day
2024-11-16 23:45:00,T1,No issue,0.0,10273,8734,Evan,Day
2024-02-10 03:20:00,T2,No issue,0.0,4293,4140,Diya,Night
2024-03-27 01:56:00,L8,No issue,0.0,2164,1929,Diya,Day
2024-07-26 02:55:00,P1,Quality stop,1.0,7633,6849,Diya,Night
2024-01-16 06:56:00,L8,Breakdown,0.0,4301,3726,Chen,Day
2024-04-17 00:32:00,T1,Breakdown,1.0,7940,7483,Asha,Night
2024-12-17 06:29:00,T2,No issue,0.0,7700,7360,Evan,Day
2024-06-07 21:44:00,L8,Breakdown,1.0,2428,2110,Ben,Day
2024-09-14 01:01:00,L8,No issue,0.0,2023,1816,Evan,Day
2024-04-02 01:35:00,T2,PM,0.0,10023,8831,Diya,Day
2024-03-29 01:32:00,L8,Quality stop,2.0,628,612,Asha,Night
2024-05-16 15:49:00,T2,No issue,0.0,8865,8586,Diya,Day
2024-10-13 23:01:00,P1,No issue,0.0,6038,5923,Unknown,Day
2024-01-18 15:23:00,T1,Breakdown,0.0,11596,10156,Asha,Night
2024-05-17 08:36:00,P1,Quality stop,0.0,11519,10478,Ben,Night
2024-03-17 02:17:00,T1,Breakdown,0.0,6180,5917,Asha,Day
2024-01-17 18:41:00,P1,PM,1.0,1198,1040,Asha,Day
2024-11-28 11:40:00,T2,No issue,0.0,10241,8811,Diya,Night
2024-05-05 16:08:00,L9,PM,0.0,3640,3174,Ben,Night
2024-07-09 16:13:00,T2,Quality stop,2.0,1861,1824,Asha,Day
2024-07-23 05:09:00,T2,PM,0.0,11427,10688,Chen,Night
2024-03-18 09:21:00,L9,No issue,0.0,11383,10554,Asha,Day
2024-04-26 10:22:00,T1,Breakdown,0.0,1555,1390,Ben,Day
2024-06-13 05:20:00,L9,Changeover,0.0,11649,10248,Ben,Day
2024-05-01 13:56:00,L8,PM,1.0,3203,3185,Diya,Night
2024-10-14 18:03:00,L8,PM,0.0,11927,11789,Ben,Day
2024-04-03 18:03:00,L8,No issue,0.0,7912,6770,Chen,Day
2024-03-01 06:41:00,L9,Breakdown,2.0,3698,3589,Chen,Day
2024-12-28 03:48:00,P1,No issue,0.0,9146,8950,Asha,Day
2024-07-10 06:27:00,T1,No issue,0.0,11274,9850,Asha,Day
2024-10-24 01:08:00,T2,Breakdown,2.0,3131,2933,Evan,Night
2024-07-01 19:19:00,L9,PM,0.0,5766,4931,Ben,Day
2024-10-09 03:44:00,T2,No issue,0.0,7234,6413,Diya,Day
2024-06-08 12:04:00,L8,Quality stop,0.0,11425,9890,Ben,Day
2024-03-22 15:48:00,P1,Changeover,2.0,1678,1561,Chen,Night
2024-04-07 12:29:00,L9,Breakdown,0.0,8539,8475,Asha,Night
2024-10-14 21:47:00,T1,No issue,0.0,11606,11584,Ben,Night
2024-10-31 21:28:00,L8,No issue,0.0,11856,10994,Asha,Day
2024-10-11 15:53:00,L8,PM,0.0,995,949,Asha,Night
2024-08-06 11:16:00,L8,No issue,0.0,10785,9527,Diya,Night
2024-06-11 01:05:00,L8,No issue,0.0,8148,7959,Chen,Night
2024-08-16 19:35:00,L8,Breakdown,1.0,5279,5028,Evan,Day
2024-11-06 05:23:00,L9,Breakdown,1.0,3996,3883,Asha,Day
2024-11-21 11:58:00,P1,Breakdown,2.0,1273,1178,Unknown,Night
2024-03-09 14:28:00,L9,Changeover,0.0,10545,9273,Evan,Night
2024-12-04 16:41:00,T1,PM,0.0,621,573,Evan,Day
2024-11-23 19:59:00,T1,No issue,0.0,1347,1334,Chen,Day
2024-04-01 23:02:00,T2,No issue,0.0,8197,7771,Asha,Day
2024-07-07 04:17:00,P1,PM,1.0,8262,7714,Diya,Day
2024-02-19 07:42:00,P1,No issue,0.0,4385,4169,Asha,Night
2024-08-18 02:01:00,T1,No issue,0.0,7113,6383,Diya,Day
2024-03-26 06:31:00,P1,Breakdown,3.0,5005,4758,Asha,Night
2024-12-27 20:15:00,T1,Breakdown,2.0,1259,1194,Ben,Day
2024-07-12 18:12:00,L8,No issue,0.0,11550,10147,Asha,Day
2024-06-23 16:53:00,T2,Changeover,1.0,3988,3970,Asha,Day
2024-08-29 06:14:00,T2,No issue,0.0,2932,2806,Chen,Day
2024-06-27 12:30:00,T2,Breakdown,1.0,110,105,Ben,Night
2024-06-21 08:12:00,P1,PM,1.0,11828,11783,Ben,Night
2024-11-01 00:00:00,T1,Quality stop,1.0,3018,2736,Ben,Day
2024-08-25 00:21:00,L8,No issue,0.0,8559,8357,Evan,Night
2024-07-14 21:40:00,T1,Quality stop,4.0,1394,1320,Unknown,Night
2024-10-30 21:28:00,L9,PM,0.0,2808,2497,Evan,Day
2024-02-21 20:37:00,L9,Breakdown,0.0,9109,7867,Diya,Day
2024-03-19 15:37:00,L9,Breakdown,1.0,2973,2967,Diya,Day
2024-09-05 16:08:00,P1,No issue,0.0,9211,8485,Evan,Night
2024-11-09 03:53:00,P1,No issue,0.0,10225,8960,Asha,Night
2024-11-05 13:00:00,T2,PM,0.0,11871,11371,Ben,Night
2024-05-11 02:38:00,P1,Breakdown,0.0,10233,8709,Chen,Day
2024-05-05 17:23:00,P1,PM,4.0,10865,10646,Chen,Day
2024-12-19 10:25:00,P1,Changeover,0.0,10184,9534,Diya,Night
2024-12-24 02:04:00,P1,No issue,0.0,1354,1342,Chen,Night
2024-03-19 22:14:00,T2,Changeover,1.0,11461,10731,Chen,Night
2024-01-07 02:13:00,L8,PM,2.0,1617,1389,Diya,Day
2024-11-06 09:30:00,P1,Breakdown,1.0,4845,4844,Ben,Day
2024-01-14 06:03:00,L8,No issue,0.0,11282,10735,Asha,Day
2024-11-06 02:52:00,P1,No issue,0.0,4215,4067,Chen,Day
2024-05-18 00:36:00,L8,No issue,0.0,2802,2614,Ben,Night
2024-08-21 02:53:00,L9,PM,0.0,6018,5992,Evan,Day
2024-12-11 07:57:00,L9,PM,0.0,10522,9090,Ben,Day
2024-01-03 07:16:00,P1,PM,2.0,9818,9001,Chen,Night
2024-11-28 08:43:00,T2,No issue,0.0,2987,2714,Chen,Day
2024-07-29 01:59:00,L8,PM,2.0,1215,1110,Ben,Day
2024-05-10 20:21:00,T1,No issue,0.0,498,424,Chen,Night
2024-09-21 02:42:00,P1,No issue,0.0,6162,5869,Diya,Day
2024-08-21 13:07:00,L8,No issue,0.0,138,122,Diya,Day
2024-07-11 11:46:00,L8,PM,1.0,6275,5479,Ben,Day
2024-03-12 23:50:00,L9,Breakdown,4.0,3803,3530,Ben,Night
2024-04-07 21:49:00,T1,Changeover,0.0,2015,1938,Chen,Night
2024-11-16 14:37:00,T2,No issue,0.0,6410,6410,Evan,Day
2024-08-01 09:44:00,T1,No issue,0.0,3724,3169,Ben,Day
2024-10-05 04:36:00,T1,No issue,0.0,9794,9153,Diya,Night
2024-05-12 19:37:00,P1,PM,0.0,6667,6505,Diya,Day
2024-08-03 05:06:00,L8,Quality stop,4.0,7138,6964,Diya,Day
2024-11-26 18:35:00,T1,PM,0.0,11717,10321,Chen,Day
2024-12-12 12:49:00,T2,No issue,0.0,3174,2790,Diya,Night
2024-05-16 01:55:00,P1,PM,0.0,1719,1494,Asha,Night
2024-11-03 18:05:00,L8,Breakdown,1.0,8327,7291,Evan,Day
2024-03-28 00:14:00,L8,PM,4.0,1076,916,Chen,Day
2024-02-13 09:03:00,T1,Changeover,0.0,10118,9664,Ben,Day
2024-06-16 00:57:00,L8,Breakdown,0.0,8350,8026,Ben,Day
2024-03-23 02:41:00,L8,PM,1.0,10358,10085,Chen,Night
2024-03-18 18:15:00,L8,Breakdown,0.0,11863,10526,Diya,Day
2024-01-06 20:28:00,P1,No issue,0.0,3068,2891,Chen,Day
2024-04-02 08:31:00,T2,No issue,0.0,6323,5481,Evan,Day
2024-11-01 13:51:00,T2,PM,0.0,6478,5545,Evan,Night
2024-01-12 04:41:00,T1,Breakdown,0.0,6348,5917,Diya,Night
2024-01-15 05:28:00,T2,No issue,0.0,2274,2124,Chen,Night
2024-04-21 00:20:00,T1,No issue,0.0,9823,9243,Asha,Night
2024-10-10 21:17:00,L8,No issue,0.0,8276,7434,Ben,Day
2024-01-11 08:21:00,T2,No issue,0.0,5308,5281,Ben,Day
2024-05-23 15:00:00,L8,Changeover,0.0,2363,2158,Chen,Night
2024-07-03 12:53:00,L8,No issue,0.0,4470,4293,Evan,Night
2024-10-09 14:21:00,L9,Changeover,0.0,705,699,Ben,Night
2024-06-17 19:30:00,P1,PM,1.0,8162,7565,Diya,Night
2024-05-12 11:20:00,P1,No issue,0.0,5954,5753,Ben,Night
2024-12-05 22:25:00,T2,Breakdown,0.0,6980,6917,Evan,Night
2024-05-21 13:41:00,L8,Breakdown,1.0,5818,5208,Diya,Day
2024-01-26 23:04:00,L9,No issue,0.0,7516,7223,Diya,Day
2024-10-14 00:09:00,T2,No issue,0.0,9800,9440,Evan,Night
2024-09-08 00:18:00,L8,No issue,0.0,10934,10275,Ben,Night
2024-01-30 14:13:00,T2,No issue,0.0,8032,6851,Ben,Night
2024-04-20 10:55:00,L9,Quality stop,0.0,7798,6785,Ben,Day
2024-09-12 09:30:00,L9,PM,1.0,11868,10668,Asha,Day
2024-09-19 16:12:00,L9,PM,0.0,1567,1530,Chen,Day
2024-06-06 03:14:00,T2,No issue,0.0,1139,969,Diya,Night
2024-05-31 15:05:00,P1,Changeover,0.0,9624,8596,Chen,Day
2024-01-27 09:25:00,L8,Breakdown,2.0,6369,5974,Diya,Day
2024-10-03 18:11:00,T1,No issue,0.0,7571,6760,Unknown,Day
2024-06-17 13:16:00,L9,No issue,0.0,536,532,Chen,Day
2024-12-07 03:22:00,P1,Quality stop,0.0,6279,5728,Chen,Night
2024-11-10 08:42:00,T1,Breakdown,3.0,2354,2241,Asha,Day
2024-01-25 00:25:00,L8,Quality stop,4.0,7559,6456,Asha,Day
2024-05-02 10:38:00,P1,No issue,0.0,11007,9356,Ben,Night
2024-04-29 02:08:00,T1,Quality stop,0.0,11918,10797,Chen,Day
2024-07-10 15:04:00,L8,No issue,0.0,4877,4530,Ben,Day
2024-06-04 02:39:00,P1,No issue,0.0,7459,6812,Asha,Day
2024-05-14 19:18:00,L8,No issue,0.0,11552,11020,Asha,Night
2024-10-19 11:16:00,L8,PM,1.0,8053,6862,Evan,Day
2024-03-10 12:38:00,T1,No issue,0.0,4573,3922,Evan,Day
2024-01-23 19:33:00,L9,Quality stop,0.0,9853,8458,Unknown,Day
2024-04-06 05:09:00,T2,Breakdown,0.0,12,11,Asha,Night
2024-04-10 07:48:00,T2,No issue,0.0,8828,8649,Diya,Night
2024-08-06 09:59:00,L8,Breakdown,1.0,1345,1167,Asha,Night
2024-11-04 05:44:00,P1,No issue,0.0,8493,7353,Unknown,Night
2024-09-05 21:00:00,P1,Breakdown,2.0,6291,5758,Evan,Night
2024-08-06 13:09:00,L8,Breakdown,1.0,8276,7843,Chen,Night
2024-01-25 19:05:00,P1,PM,1.0,4351,3733,Ben,Day
2024-02-07 12:07:00,P1,Breakdown,3.0,6737,6208,Asha,Day
2024-01-26 01:46:00,T1,Changeover,0.0,2239,2110,Asha,Night
2024-07-06 12:40:00,P1,No issue,0.0,7110,6811,Diya,Day
2024-01-09 03:28:00,L8,No issue,0.0,6888,6635,Evan,Day
2024-09-22 21:25:00,P1,No issue,0.0,4581,3946,Evan,Night
2024-05-18 13:35:00,P1,Breakdown,0.0,7300,6506,Ben,Day
2024-07-13 07:30:00,T1,No issue,0.0,2610,2338,Ben,Day
2024-03-29 11:48:00,P1,PM,2.0,2876,2488,Chen,Night
2024-06-18 01:36:00,L8,No issue,0.0,3334,2942,Chen,Day
2024-10-06 18:54:00,T2,PM,0.0,2339,2208,Chen,Day
2024-07-03 14:24:00,L8,Breakdown,2.0,11193,11170,Diya,Night
2024-05-13 22:29:00,L9,No issue,0.0,8426,8392,Evan,Day
2024-11-15 17:39:00,L9,No issue,0.0,11552,11336,Ben,Night
2024-01-24 16:29:00,L9,Breakdown,2.0,10507,9181,Ben,Day
2024-03-09 14:43:00,L8,No issue,0.0,2784,2693,Asha,Day
2024-03-15 18:00:00,L9,PM,0.0,5301,5150,Chen,Day
2024-06-10 16:10:00,L8,Quality stop,1.0,10590,10391,Diya,Night
2024-08-29 21:37:00,T2,No issue,0.0,6000,5152,Ben,Night
2024-09-03 14:30:00,P1,PM,2.0,3661,3203,Chen,Day
2024-08-11 11:04:00,L8,Breakdown,1.0,5958,5139,Evan,Day
2024-08-30 17:02:00,P1,Breakdown,0.0,6022,5319,Asha,Night
2024-12-21 20:21:00,T1,Breakdown,2.0,503,500,Evan,Day
2024-04-04 19:29:00,L8,No issue,0.0,6495,5645,Chen,Night
2024-07-27 08:29:00,P1,Breakdown,1.0,9008,8905,Diya,Night
2024-08-25 04:33:00,L9,Breakdown,1.0,8096,7329,Asha,Night
2024-03-14 23:00:00,L9,No issue,0.0,8119,6908,Ben,Day
2024-09-25 20:31:00,P1,Breakdown,1.0,8928,8606,Diya,Day
2024-08-21 04:33:00,L9,PM,1.0,4153,3642,Ben,Day
2024-08-28 14:11:00,T2,No issue,0.0,2419,2351,Chen,Night
2024-10-27 18:00:00,P1,No issue,0.0,9619,9175,Diya,Day
2024-12-26 09:52:00,T1,No issue,0.0,1379,1348,Diya,Day
2024-11-04 16:34:00,T1,Breakdown,3.0,11744,10195,Asha,Day
2024-11-05 11:44:00,T2,No issue,0.0,8393,7707,Ben,Night
2024-01-03 17:35:00,T2,Breakdown,0.0,4229,4085,Evan,Night
2024-12-12 03:48:00,P1,Changeover,1.0,8962,7857,Ben,Night
2024-08-22 17:29:00,L8,No issue,0.0,10387,9269,Chen,Day
2024-10-19 14:24:00,T1,Changeover,1.0,5584,5513,Chen,Day
2024-07-16 14:41:00,P1,Breakdown,0.0,482,440,Ben,Day
2024-08-20 10:34:00,T2,PM,1.0,8070,7001,Unknown,Day
2024-02-24 00:01:00,L8,Changeover,2.0,4624,4246,Evan,Day
2024-09-21 23:12:00,L8,PM,0.0,7420,6351,Evan,Day
2024-08-31 22:22:00,L9,Breakdown,3.0,3354,3334,Chen,Day
2024-11-10 21:56:00,L8,No issue,0.0,9451,9346,Diya,Day
2024-10-16 11:28:00,L8,No issue,0.0,706,621,Diya,Night
2024-03-14 13:20:00,L8,No issue,0.0,10781,9687,Ben,Day
2024-11-18 01:30:00,T2,Breakdown,0.0,11112,9857,Ben,Night
2024-03-27 15:38:00,T1,Breakdown,0.0,10144,8806,Evan,Day
2024-05-27 08:22:00,L9,Breakdown,1.0,8281,7235,Chen,Night
2024-03-08 15:41:00,T1,No issue,0.0,4916,4846,Ben,Day
2024-03-09 02:15:00,T1,PM,4.0,2990,2971,Chen,Night
2024-09-04 11:44:00,P1,Breakdown,2.0,6785,6548,Asha,Night
2024-05-04 08:03:00,T1,No issue,0.0,5023,4949,Chen,Day
2024-02-07 21:57:00,T1,PM,1.0,4926,4830,Evan,Night
2024-12-17 10:55:00,P1,Breakdown,2.0,10512,9558,Evan,Night
2024-02-11 21:36:00,P1,Breakdown,0.0,8796,8367,Unknown,Day
2024-11-06 14:54:00,L8,No issue,0.0,5731,5219,Asha,Night
2024-06-14 05:15:00,T1,No issue,0.0,3009,2834,Ben,Night
2024-06-13 22:45:00,P1,PM,0.0,553,500,Ben,Day
2024-10-09 07:34:00,L8,PM,3.0,1683,1556,Chen,Day
2024-03-04 01:50:00,L8,PM,0.0,2472,2315,Ben,Day
2024-06-27 14:00:00,T1,Quality stop,0.0,611,541,Evan,Day
2024-03-11 18:21:00,L8,No issue,0.0,457,444,Evan,Night
2024-02-27 00:18:00,P1,PM,3.0,7825,7221,Chen,Day
2024-03-19 04:59:00,P1,PM,0.0,11597,10423,Diya,Night
2024-08-15 13:44:00,L8,No issue,0.0,11353,10598,Chen,Day
2024-04-10 09:10:00,T1,No issue,0.0,2799,2650,Asha,Day
2024-07-15 21:19:00,T2,Changeover,1.0,3064,2712,Evan,Day
2024-05-20 14:50:00,P1,PM,4.0,457,426,Diya,Night
2024-10-19 13:30:00,L8,No issue,0.0,2643,2256,Diya,Day
2024-05-20 04:46:00,P1,No issue,0.0,1608,1575,Diya,Night
2024-05-04 17:57:00,T1,No issue,0.0,11665,11060,Ben,Night
2024-11-08 21:29:00,T2,No issue,0.0,9729,8515,Ben,Day
2024-12-30 12:00:00,L8,Quality stop,1.0,5562,5013,Evan,Night
2024-05-14 20:54:00,L8,Quality stop,1.0,9040,7860,Chen,Day
2024-10-06 20:29:00,L8,No issue,0.0,2503,2159,Chen,Night
2024-12-26 08:36:00,T1,Breakdown,0.0,4139,3952,Evan,Night
2024-08-29 07:53:00,T2,Breakdown,3.0,1034,989,Diya,Day
2024-12-10 11:07:00,T2,No issue,0.0,2536,2286,Evan,Night
2024-10-28 04:14:00,L8,PM,1.0,2372,2115,Chen,Night
2024-11-09 05:50:00,T1,Changeover,0.0,573,525,Asha,Day
2024-02-21 15:52:00,L9,PM,1.0,11283,10209,Chen,Night
2024-04-18 18:08:00,T2,No issue,0.0,2828,2531,Asha,Night
2024-12-28 16:21:00,T2,No issue,0.0,8825,8174,Chen,Day
2024-10-05 02:35:00,P1,Quality stop,0.0,8739,8621,Chen,Night
2024-06-21 05:19:00,T2,PM,1.0,1887,1687,Chen,Night
2024-02-22 20:03:00,L8,PM,1.0,2281,2118,Diya,Day
2024-06-20 16:36:00,P1,No issue,0.0,7220,6911,Evan,Night
2024-06-11 19:34:00,L8,Changeover,0.0,8490,8209,Chen,Night
2024-04-15 22:48:00,P1,No issue,0.0,5860,5377,Asha,Day
2024-01-05 09:08:00,T1,Breakdown,1.0,4315,4297,Ben,Day
2024-11-05 03:27:00,L8,Breakdown,0.0,7491,7301,Diya,Day
2024-02-28 15:37:00,L8,Breakdown,1.0,3,2,Asha,Night
2024-07-28 17:27:00,T1,No issue,0.0,7196,6866,Diya,Day
2024-01-20 10:46:00,P1,Changeover,2.0,6144,5511,Unknown,Day
2024-06-29 04:06:00,P1,Breakdown,1.0,880,810,Evan,Night
2024-03-05 03:38:00,L8,Breakdown,1.0,8433,7479,Chen,Day
2024-05-16 22:45:00,T2,No issue,0.0,9647,8725,Diya,Day
2024-04-06 23:20:00,T2,PM,4.0,3184,2761,Asha,Day
2024-07-22 10:27:00,P1,PM,0.0,9570,8266,Evan,Day
2024-02-06 14:33:00,L8,Breakdown,0.0,1377,1202,Chen,Night
2024-03-18 15:25:00,L8,Breakdown,1.0,5123,4634,Diya,Night
2024-08-01 20:27:00,P1,Breakdown,1.0,9850,8433,Evan,Day
2024-07-14 17:22:00,L8,No issue,0.0,9280,8014,Evan,Day
2024-10-07 01:43:00,L9,Changeover,0.0,1637,1398,Asha,Day
2024-11-23 14:33:00,T1,Quality stop,1.0,4494,4386,Ben,Day
2024-01-22 21:32:00,L9,No issue,0.0,7251,6890,Ben,Day
2024-04-23 10:52:00,L9,No issue,0.0,5622,5598,Unknown,Day
2024-07-13 19:40:00,L8,Changeover,2.0,3636,3217,Evan,Day
2024-02-08 15:57:00,L9,Quality stop,2.0,3333,3235,Ben,Night
2024-06-18 01:15:00,T2,Breakdown,1.0,4864,4411,Chen,Day
2024-02-26 17:20:00,T1,Quality stop,0.0,9525,8716,Unknown,Day
2024-02-13 01:30:00,P1,No issue,0.0,3782,3547,Diya,Day
2024-06-25 14:08:00,T2,No issue,0.0,355,329,Evan,Day
2024-11-27 15:05:00,P1,No issue,0.0,1050,1047,Evan,Day
2024-10-24 04:04:00,P1,No issue,0.0,4901,4703,Chen,Day
2024-11-05 00:23:00,L9,No issue,0.0,3768,3361,Ben,Night
2024-08-13 18:53:00,P1,Quality stop,2.0,5385,4913,Evan,Day
2024-02-14 16:57:00,L9,No issue,0.0,2305,2150,Asha,Day
2024-10-03 11:44:00,T2,No issue,0.0,774,770,Diya,Day
2024-06-24 15:44:00,L8,Changeover,0.0,2596,2212,Evan,Night
2024-08-08 04:15:00,T1,No issue,0.0,5501,5362,Ben,Night
2024-01-07 02:06:00,L8,Breakdown,0.0,4853,4158,Diya,Day
2024-05-18 14:44:00,T2,No issue,0.0,6276,5930,Evan,Night
2024-10-11 16:03:00,P1,PM,1.0,9243,8487,Chen,Night
2024-12-02 20:14:00,T1,No issue,0.0,2136,2130,Asha,Day
2024-11-28 00:21:00,L9,Changeover,0.0,7399,6484,Evan,Day
2024-09-07 00:32:00,T1,No issue,0.0,7164,6275,Ben,Day
2024-05-13 00:09:00,T2,No issue,0.0,7179,6894,Chen,Day
2024-05-04 18:27:00,P1,No issue,0.0,5966,5385,Evan,Night
2024-06-24 10:21:00,T1,No issue,0.0,8944,8609,Chen,Day
2024-06-21 04:52:00,T1,PM,3.0,3198,3179,Evan,Night
2024-01-05 12:19:00,T2,Changeover,1.0,7192,6549,Chen,Day
2024-05-06 13:42:00,L8,Quality stop,0.0,3268,3128,Chen,Night
2024-04-24 00:09:00,L9,No issue,0.0,10398,9356,Ben,Night
2024-12-12 07:47:00,T2,No issue,0.0,9672,8564,Unknown,Day
2024-09-24 10:36:00,P1,Quality stop,0.0,4750,4301,Asha,Day
2024-04-19 10:07:00,L9,Breakdown,0.0,8184,6970,Chen,Night
2024-10-15 22:34:00,L8,No issue,0.0,2024,1916,Ben,Day
2024-11-12 14:12:00,T2,No issue,0.0,7220,7176,Chen,Day
2024-08-22 17:40:00,T2,No issue,0.0,8801,8261,Diya,Day
2024-09-25 15:35:00,L9,PM,3.0,1177,1066,Chen,Day
2024-01-29 03:01:00,T1,Breakdown,2.0,5485,5122,Asha,Night
2024-02-02 20:38:00,P1,No issue,0.0,5988,5159,Diya,Day
2024-08-07 09:59:00,T1,Changeover,0.0,262,224,Diya,Day
2024-10-30 14:49:00,L8,No issue,0.0,8465,7270,Ben,Day
2024-05-13 16:14:00,L9,No issue,0.0,11981,11773,Evan,Day
2024-08-21 01:51:00,T2,No issue,0.0,5146,4599,Diya,Day
2024-07-06 03:51:00,T2,No issue,0.0,1416,1261,Asha,Day
2024-02-10 19:06:00,L9,Changeover,3.0,1676,1448,Diya,Night
2024-04-30 10:19:00,P1,Quality stop,2.0,8331,8124,Diya,Night
2024-08-09 10:21:00,P1,No issue,0.0,1832,1712,Evan,Day
2024-11-25 06:18:00,P1,No issue,0.0,1690,1673,Diya,Day
2024-08-14 16:47:00,T2,No issue,0.0,263,247,Evan,Night
2024-11-12 16:45:00,L9,No issue,0.0,10490,10273,Ben,Day
2024-10-31 03:18:00,T1,Changeover,2.0,6835,6386,Asha,Day
2024-05-10 10:28:00,L9,Quality stop,0.0,124,108,Chen,Night
2024-07-16 23:46:00,T1,No issue,0.0,8111,7935,Unknown,Day
2024-02-18 06:58:00,L8,Breakdown,0.0,3598,3473,Diya,Day
2024-07-20 02:44:00,T1,Quality stop,1.0,8562,7409,Asha,Day
2024-01-22 01:10:00,P1,Breakdown,1.0,3814,3800,Ben,Day
2024-07-29 03:59:00,P1,No issue,0.0,11084,10538,Asha,Night
2024-08-17 08:08:00,P1,No issue,0.0,536,500,Evan,Day
2024-06-11 02:49:00,T1,No issue,0.0,4898,4705,Evan,Day
2024-09-20 04:18:00,P1,No issue,0.0,1879,1766,Diya,Day
2024-02-29 08:17:00,L8,Changeover,0.0,1663,1588,Ben,Day
2024-01-22 22:18:00,L8,Breakdown,4.0,6814,6413,Diya,Day
2024-10-12 03:39:00,T2,No issue,0.0,8084,7118,Diya,Day
2024-11-16 18:31:00,L9,Breakdown,0.0,11701,10309,Chen,Day
2024-11-25 06:36:00,P1,PM,0.0,7916,7192,Diya,Night
2024-10-05 21:38:00,T1,PM,0.0,9039,8455,Ben,Day
2024-12-29 22:08:00,L8,No issue,0.0,11504,9786,Asha,Day
2024-07-09 01:41:00,L9,No issue,0.0,11135,9495,Ben,Day
2024-09-04 12:03:00,T1,PM,0.0,8950,8176,Asha,Day
2024-05-10 17:16:00,P1,Breakdown,0.0,1621,1381,Ben,Day
2024-10-18 05:48:00,L8,Changeover,4.0,6674,6176,Evan,Day
2024-05-08 14:16:00,T2,Breakdown,0.0,359,322,Chen,Day
2024-12-04 17:11:00,L9,PM,0.0,8556,8287,Chen,Night
2024-08-28 17:34:00,T2,Breakdown,0.0,9026,8932,Diya,Night
2024-07-19 12:39:00,L8,No issue,0.0,4435,4280,Ben,Night
2024-12-10 03:45:00,P1,Quality stop,1.0,7383,6657,Asha,Day
2024-04-01 17:28:00,P1,Quality stop,2.0,1391,1244,Evan,Day
2024-01-17 16:47:00,T2,No issue,0.0,5171,5086,Chen,Day
2024-09-05 09:35:00,L9,No issue,0.0,5366,4854,Chen,Day
2024-11-07 13:52:00,P1,No issue,0.0,9152,7892,Diya,Day
2024-09-06 19:56:00,T2,PM,1.0,3320,3119,Unknown,Night
2024-05-27 13:27:00,L8,Breakdown,3.0,5123,4560,Diya,Day
2024-08-10 13:18:00,T1,PM,0.0,11165,9838,Diya,Night
2024-04-30 05:31:00,P1,Breakdown,1.0,7124,7107,Diya,Day
2024-11-21 09:58:00,L9,No issue,0.0,4870,4398,Chen,Night
2024-03-14 12:19:00,P1,Breakdown,0.0,11432,9925,Ben,Day
2024-06-13 04:49:00,T2,Breakdown,0.0,10787,9268,Diya,Day
2024-12-17 19:30:00,L8,No issue,0.0,8979,8230,Chen,Night
2024-10-12 13:15:00,T1,No issue,0.0,9510,9422,Chen,Night
2024-06-30 08:04:00,P1,Breakdown,1.0,7956,7444,Chen,Night
2024-01-11 16:05:00,L8,Breakdown,0.0,2926,2510,Diya,Day
2024-06-12 09:54:00,L8,PM,1.0,1216,1073,Ben,Night
2024-08-01 20:05:00,P1,No issue,0.0,3505,3007,Diya,Day
2024-04-09 01:53:00,T2,No issue,0.0,3834,3525,Evan,Night
2024-09-03 01:28:00,L9,PM,0.0,744,656,Evan,Day
2024-07-31 10:52:00,L9,Breakdown,1.0,1045,1006,Unknown,Day
2024-09-25 23:05:00,L8,Breakdown,2.0,5444,4827,Unknown,Night
2024-02-11 20:43:00,T2,PM,0.0,6372,5573,Ben,Day
2024-11-19 12:57:00,T2,PM,0.0,252,231,Ben,Night
2024-11-07 19:36:00,T2,No issue,0.0,4408,3902,Diya,Night
2024-06-16 23:30:00,T1,No issue,0.0,88,82,Evan,Day
2024-11-17 16:23:00,L8,Breakdown,1.0,5516,5068,Asha,Day
2024-02-19 11:46:00,L9,No issue,0.0,8402,7288,Asha,Day
2024-07-15 21:16:00,L9,Breakdown,1.0,6439,5849,Ben,Night
2024-07-08 20:04:00,T1,Quality stop,0.0,9437,8997,Chen,Day
2024-08-19 09:08:00,T2,Breakdown,2.0,9514,9120,Chen,Night
2024-06-24 22:04:00,T2,Quality stop,1.0,8113,7508,Chen,Day
2024-09-22 20:49:00,P1,Breakdown,2.0,11587,9988,Diya,Day
2024-07-04 10:18:00,T1,Quality stop,0.0,4095,3929,Diya,Day
2024-03-30 10:08:00,L9,No issue,0.0,11559,11254,Evan,Day
2024-11-18 03:46:00,P1,Changeover,2.0,9597,8742,Evan,Day
2024-07-28 22:11:00,L9,No issue,0.0,8356,8307,Unknown,Day
2024-04-30 15:18:00,T1,No issue,0.0,9141,8550,Diya,Night
2024-12-16 22:30:00,T2,PM,1.0,1821,1574,Unknown,Night
2024-09-04 02:17:00,P1,PM,1.0,10751,9193,Ben,Day
2024-07-24 11:30:00,T1,Breakdown,0.0,8959,8148,Asha,Night
2024-12-08 19:14:00,P1,Breakdown,2.0,3092,2938,Diya,Night
2024-03-16 07:36:00,P1,No issue,0.0,1729,1541,Ben,Night
2024-04-07 21:19:00,T2,Changeover,0.0,5480,4892,Chen,Day
2024-09-01 09:44:00,L9,Changeover,0.0,9347,8274,Ben,Night
2024-01-02 04:57:00,L8,Quality stop,1.0,11378,10780,Diya,Day
2024-07-02 00:48:00,L8,Changeover,1.0,9962,9665,Asha,Day
2024-08-23 01:33:00,T2,Breakdown,1.0,4581,4324,Chen,Day
2024-03-14 15:45:00,T1,Breakdown,4.0,3098,2924,Chen,Day
2024-03-16 01:26:00,P1,No issue,0.0,9319,8559,Unknown,Day
2024-08-02 14:30:00,L9,Breakdown,1.0,4611,4121,Chen,Day
2024-10-22 19:00:00,T1,PM,1.0,6117,5680,Ben,Night
2024-04-12 04:28:00,L9,Breakdown,4.0,7505,7137,Asha,Day
2024-02-03 10:22:00,T2,No issue,0.0,11050,9853,Diya,Day
2024-12-17 05:27:00,P1,PM,1.0,6360,6120,Ben,Day
2024-04-25 19:23:00,P1,No issue,0.0,2579,2231,Diya,Night
2024-10-17 03:05:00,L9,Breakdown,0.0,4497,4264,Evan,Night
2024-09-20 19:25:00,T2,Breakdown,0.0,4703,4507,Chen,Day
2024-02-03 19:50:00,P1,Breakdown,0.0,6613,5860,Asha,Day
2024-08-10 22:06:00,T1,Breakdown,0.0,5369,5316,Diya,Night
2024-02-18 09:54:00,L8,No issue,0.0,11748,10349,Unknown,Day
2024-09-23 00:54:00,L8,No issue,0.0,2123,1906,Ben,Night
2024-02-17 15:08:00,L8,No issue,0.0,10532,9105,Ben,Night
2024-10-25 08:35:00,P1,No issue,0.0,8742,7917,Chen,Night
2024-09-01 11:32:00,L8,No issue,0.0,2782,2726,Ben,Night
2024-08-19 18:09:00,L9,Breakdown,3.0,10913,10064,Ben,Day
2024-09-28 13:44:00,P1,Changeover,0.0,6646,6125,Chen,Day
2024-03-26 19:34:00,L8,No issue,0.0,9144,8904,Chen,Day
2024-12-27 07:18:00,T1,No issue,0.0,9466,8194,Ben,Day
2024-04-28 05:29:00,P1,Breakdown,0.0,5828,5746,Asha,Day
2024-05-01 16:00:00,P1,No issue,0.0,5887,5142,Chen,Day
2024-01-16 06:37:00,L8,Breakdown,0.0,8460,7605,Asha,Day
2024-02-16 18:10:00,T1,PM,2.0,7095,6834,Chen,Night
2024-02-13 22:12:00,P1,Quality stop,2.0,3642,3244,Unknown,Day
2024-06-22 06:44:00,L9,Quality stop,4.0,5698,5047,Asha,Day
2024-05-01 13:29:00,T1,Breakdown,1.0,1627,1596,Chen,Day
2024-07-08 13:30:00,T1,Quality stop,4.0,2164,1960,Asha,Day
2024-02-09 19:32:00,T1,Changeover,3.0,964,839,Asha,Night
2024-09-01 18:02:00,L8,Breakdown,1.0,3854,3628,Ben,Day
2024-09-12 01:12:00,P1,No issue,0.0,7314,7042,Ben,Night
2024-02-10 22:01:00,P1,No issue,0.0,9999,9801,Ben,Night
2024-02-26 05:09:00,L8,Breakdown,1.0,11289,10479,Ben,Night
2024-02-10 09:03:00,L8,No issue,0.0,4099,3659,Ben,Day
2024-01-20 09:21:00,T2,Breakdown,0.0,10613,9637,Asha,Day
2024-07-25 03:14:00,T1,Changeover,2.0,5174,4490,Chen,Night
2024-10-28 22:20:00,P1,Quality stop,1.0,8500,7829,Chen,Day
2024-05-18 01:14:00,P1,PM,2.0,6365,6111,Chen,Day
2024-11-02 01:55:00,T1,No issue,0.0,2834,2795,Diya,Day
2024-10-05 10:15:00,T2,Quality stop,0.0,1422,1367,Asha,Day
2024-10-12 12:16:00,L9,No issue,0.0,7291,6805,Evan,Day
2024-02-09 18:46:00,T2,No issue,0.0,988,922,Diya,Night
2024-01-06 19:57:00,L8,PM,0.0,6276,5382,Chen,Night
2024-05-20 10:59:00,T2,No issue,0.0,2817,2543,Diya,Day
2024-08-07 21:35:00,L8,No issue,0.0,8878,8490,Evan,Day
2024-04-02 20:40:00,L8,PM,1.0,1843,1625,Asha,Day
2024-04-27 13:21:00,L8,Breakdown,1.0,127,120,Asha,Night
2024-06-17 18:29:00,T1,Quality stop,0.0,5907,5349,Asha,Night
2024-09-21 15:39:00,T1,No issue,0.0,2339,2055,Diya,Day
2024-11-29 23:23:00,P1,Quality stop,1.0,9613,9283,Chen,Night
2024-02-23 21:06:00,L9,No issue,0.0,9882,9080,Asha,Night
2024-10-21 01:16:00,P1,Changeover,4.0,8788,8242,Chen,Night
2024-11-03 19:47:00,T2,PM,0.0,1436,1272,Diya,Night
2024-04-10 02:16:00,T1,PM,0.0,3209,3128,Asha,Night
2024-02-28 08:24:00,T2,No issue,0.0,611,537,Diya,Day
2024-12-08 19:45:00,L9,Breakdown,0.0,4952,4851,Diya,Night
2024-07-13 22:49:00,L9,No issue,0.0,7685,6818,Unknown,Day
2024-02-05 21:58:00,T1,No issue,0.0,5889,5634,Ben,Night
2024-02-24 19:59:00,L8,No issue,0.0,3758,3445,Ben,Day
2024-08-10 02:25:00,L8,Breakdown,0.0,10139,9754,Chen,Day
2024-10-14 15:31:00,T2,Quality stop,1.0,9946,9391,Chen,Day
2024-04-12 13:23:00,L9,Quality stop,0.0,9613,9594,Chen,Night
2024-01-18 17:05:00,T1,Changeover,2.0,2547,2346,Asha,Night
2024-05-09 07:25:00,T2,PM,1.0,1661,1620,Evan,Night
2024-05-05 05:20:00,L9,Breakdown,2.0,5578,5001,Diya,Night
2024-08-31 21:11:00,P1,Breakdown,1.0,1926,1806,Diya,Night
2024-06-30 13:04:00,T2,No issue,0.0,10345,8859,Evan,Day
2024-04-07 23:26:00,L8,PM,4.0,1558,1430,Ben,Night
2024-03-30 07:16:00,L8,Breakdown,1.0,11727,10356,Diya,Day
2024-08-19 08:19:00,L8,Breakdown,0.0,838,827,Chen,Night
2024-04-07 21:28:00,T2,Quality stop,4.0,11196,10650,Asha,Day
2024-01-19 19:01:00,T2,No issue,0.0,895,885,Diya,Day
2024-08-14 07:33:00,L9,No issue,0.0,9520,9096,Evan,Day
2024-02-24 15:16:00,P1,Breakdown,1.0,6221,5822,Unknown,Night
2024-01-26 11:04:00,T1,PM,0.0,6670,6169,Chen,Day
2024-05-09 14:36:00,L9,No issue,0.0,2156,1930,Evan,Day
2024-03-16 05:03:00,L8,Breakdown,1.0,11382,10186,Ben,Night
2024-04-21 10:52:00,P1,Breakdown,0.0,3109,2922,Chen,Night
2024-05-08 14:58:00,P1,PM,0.0,10977,10887,Ben,Day
2024-07-28 06:07:00,L8,Breakdown,0.0,6811,6334,Unknown,Day
2024-12-06 11:46:00,L9,Breakdown,1.0,3239,3215,Diya,Day
2024-09-09 17:44:00,L8,No issue,0.0,1571,1479,Asha,Day
2024-02-07 12:01:00,L9,Breakdown,0.0,966,871,Chen,Day
2024-03-16 21:03:00,T2,No issue,0.0,2428,2224,Evan,Day
2024-08-28 17:54:00,L9,Changeover,0.0,6675,6211,Ben,Day
2024-02-16 20:56:00,P1,No issue,0.0,7575,6712,Chen,Day
2024-01-15 12:02:00,L9,Quality stop,1.0,2772,2666,Ben,Night
2024-06-09 11:44:00,L9,PM,0.0,11689,11187,Chen,Day
2024-08-11 14:22:00,T1,No issue,0.0,2873,2521,Evan,Night
2024-05-21 20:18:00,P1,Breakdown,1.0,3805,3773,Evan,Day
2024-06-02 08:13:00,T1,No issue,0.0,7174,6732,Asha,Day
2024-09-26 03:21:00,L9,No issue,0.0,9171,8660,Chen,Day
2024-01-16 03:23:00,T2,Breakdown,1.0,1967,1926,Unknown,Day
2024-07-31 14:39:00,T1,Breakdown,0.0,2267,2091,Chen,Day
2024-09-25 18:10:00,T1,Breakdown,1.0,879,775,Ben,Night
2024-09-29 00:05:00,L8,Quality stop,0.0,8159,7477,Ben,Day
2024-03-12 06:59:00,L9,Quality stop,1.0,5061,4913,Evan,Day
2024-04-30 11:33:00,P1,PM,3.0,4341,4233,Asha,Day
2024-02-01 22:26:00,L8,Breakdown,1.0,4475,4302,Diya,Night
2024-08-01 20:28:00,L8,PM,0.0,10268,8943,Diya,Day
2024-04-29 00:52:00,P1,Breakdown,1.0,10578,9111,Chen,Day
2024-11-21 00:22:00,P1,PM,1.0,4340,4229,Evan,Night
2024-10-18 17:42:00,T1,Breakdown,1.0,10055,9190,Diya,Day
2024-09-25 21:12:00,T2,No issue,0.0,6108,5933,Ben,Night
2024-09-25 08:42:00,L8,Quality stop,0.0,11152,11078,Asha,Day
2024-06-16 07:39:00,T1,No issue,0.0,4943,4343,Evan,Night
2024-06-26 01:28:00,L9,Breakdown,1.0,3029,2859,Chen,Day
2024-07-09 00:18:00,T2,No issue,0.0,11218,10915,Asha,Night
2024-11-03 20:38:00,L8,No issue,0.0,4182,3674,Ben,Day
2024-04-29 14:45:00,T2,Breakdown,0.0,7416,7268,Ben,Day
2024-09-04 08:31:00,L9,No issue,0.0,2494,2426,Diya,Day
2024-09-03 15:26:00,L8,Quality stop,1.0,8322,8234,Diya,Day
2024-03-28 08:21:00,T1,PM,0.0,7498,7221,Ben,Day
2024-07-20 17:19:00,T2,No issue,0.0,3748,3459,Ben,Day
2024-02-11 14:00:00,T1,No issue,0.0,2930,2579,Chen,Night
2024-06-22 16:35:00,P1,No issue,0.0,8784,8182,Ben,Night
2024-09-05 19:34:00,L8,No issue,0.0,9615,9560,Evan,Night
2024-11-06 11:51:00,L9,No issue,0.0,3224,2851,Chen,Night
2024-01-28 18:22:00,T1,PM,0.0,6604,6078,Evan,Night
2024-06-24 02:49:00,T1,No issue,0.0,3387,3227,Diya,Night
2024-01-29 09:02:00,P1,Breakdown,0.0,10226,9299,Asha,Night
2024-10-04 21:54:00,T2,Breakdown,0.0,6477,6375,Asha,Day
2024-03-06 11:45:00,T1,Breakdown,1.0,9998,9934,Asha,Night
2024-04-30 12:56:00,T1,No issue,0.0,2205,2043,Evan,Night
2024-04-08 16:12:00,L8,No issue,0.0,2254,2044,Asha,Night
2024-05-08 10:06:00,L9,Changeover,2.0,11478,11440,Ben,Night
2024-09-30 08:01:00,L8,Breakdown,1.0,562,479,Evan,Day
2024-03-03 02:17:00,T2,Breakdown,0.0,1958,1857,Ben,Day
2024-10-18 13:46:00,T2,No issue,0.0,4859,4762,Asha,Day
2024-12-17 22:13:00,T2,Breakdown,1.0,8766,7564,Chen,Day
2024-03-04 20:00:00,T1,Breakdown,1.0,5320,4560,Unknown,Night
2024-12-26 00:11:00,L8,No issue,0.0,5786,4969,Chen,Day
2024-10-25 22:15:00,T1,No issue,0.0,496,442,Diya,Day
2024-07-01 19:58:00,T2,Quality stop,2.0,3303,3082,Chen,Night
2024-08-29 00:16:00,L9,PM,0.0,2373,2222,Chen,Day
2024-03-25 12:58:00,L8,No issue,0.0,9235,8427,Diya,Day
2024-12-23 12:49:00,P1,No issue,0.0,487,446,Evan,Night
2024-02-18 08:29:00,T1,PM,0.0,633,625,Asha,Night
2024-07-10 12:36:00,L9,PM,0.0,1625,1423,Diya,Night
2024-09-20 02:37:00,P1,Quality stop,0.0,8580,8293,Chen,Night
2024-03-31 16:33:00,L9,No issue,0.0,742,638,Asha,Day
2024-08-06 21:31:00,T1,PM,1.0,9803,8334,Diya,Day
2024-12-03 02:34:00,T2,Breakdown,3.0,567,510,Ben,Night
2024-12-23 01:16:00,P1,PM,0.0,874,789,Chen,Day
2024-05-09 18:40:00,L9,No issue,0.0,2474,2361,Asha,Night
2024-08-28 07:30:00,P1,PM,0.0,1676,1459,Asha,Day
2024-07-10 21:36:00,T1,PM,2.0,11704,10093,Chen,Day
2024-06-21 12:57:00,T2,PM,1.0,1383,1378,Chen,Night
2024-04-03 02:36:00,P1,No issue,0.0,5944,5631,Evan,Day
2024-01-13 15:52:00,P1,Changeover,4.0,1283,1278,Ben,Day
2024-10-14 09:56:00,L8,Changeover,0.0,4585,4168,Diya,Day
2024-03-18 01:35:00,L8,PM,1.0,6976,6807,Diya,Night
2024-12-25 10:47:00,T1,Breakdown,1.0,4394,4009,Ben,Day
2024-08-28 21:53:00,L8,No issue,0.0,8170,8129,Evan,Night
2024-12-27 06:47:00,T1,PM,1.0,8667,8019,Evan,Night
2024-02-11 17:19:00,L8,Breakdown,1.0,6671,5855,Ben,Day
2024-12-07 17:47:00,L9,Changeover,0.0,4902,4173,Asha,Day
2024-06-12 03:36:00,T1,No issue,0.0,1539,1461,Diya,Day
2024-03-25 19:24:00,L8,No issue,0.0,9625,8910,Chen,Day
2024-07-11 15:17:00,T2,No issue,0.0,6020,5541,Unknown,Day
2024-01-21 11:13:00,T2,Breakdown,1.0,9383,8301,Ben,Day
2024-01-02 07:56:00,T2,PM,0.0,4266,3811,Diya,Day
2024-03-22 23:28:00,L8,No issue,0.0,8158,7207,Diya,Day
2024-09-29 05:59:00,L9,PM,1.0,10271,8923,Evan,Day
2024-11-14 14:04:00,P1,No issue,0.0,8140,7486,Asha,Night
2024-02-09 15:20:00,T2,Breakdown,1.0,1181,1108,Diya,Day
2024-11-15 12:50:00,L9,Quality stop,1.0,4870,4160,Diya,Day
2024-05-22 10:04:00,T1,PM,1.0,7474,7400,Evan,Day
2024-06-12 01:34:00,L8,No issue,0.0,8319,7842,Ben,Night
2024-09-24 15:37:00,L9,PM,0.0,9718,8726,Chen,Day
2024-12-30 02:28:00,T1,No issue,0.0,4638,4126,Diya,Day
2024-09-05 15:50:00,L8,No issue,0.0,10283,9102,Chen,Night
2024-11-30 14:34:00,P1,Changeover,0.0,2139,2032,Chen,Night
2024-05-31 15:03:00,L8,No issue,0.0,6704,6564,Unknown,Night
2024-03-14 23:29:00,T1,No issue,0.0,2161,2062,Diya,Night
2024-11-25 03:53:00,T2,Breakdown,0.0,3012,2922,Chen,Night
2024-09-02 12:02:00,L8,Changeover,1.0,1933,1827,Ben,Night
2024-05-20 02:10:00,T1,PM,1.0,5848,5541,Ben,Day
2024-07-12 15:54:00,T1,Breakdown,1.0,9805,8710,Asha,Day
2024-08-01 22:18:00,P1,Breakdown,0.0,537,532,Diya,Day
2024-08-31 19:06:00,L8,Breakdown,0.0,10134,9505,Ben,Day
2024-09-25 14:55:00,T1,No issue,0.0,4089,3600,Evan,Night
2024-06-21 04:38:00,T2,PM,2.0,2454,2087,Chen,Day
2024-06-11 17:16:00,T2,No issue,0.0,8806,8712,Asha,Day
2024-07-26 20:25:00,L8,Breakdown,1.0,9863,8960,Ben,Day
2024-09-28 06:22:00,P1,Quality stop,3.0,3274,2968,Evan,Night
2024-06-10 01:04:00,L8,PM,1.0,10305,9211,Evan,Day
2024-12-04 01:10:00,P1,PM,1.0,5785,5111,Evan,Night
2024-01-04 20:20:00,T1,No issue,0.0,4175,3663,Ben,Day
2024-10-22 04:05:00,L8,PM,0.0,3440,3155,Asha,Night
2024-12-02 14:39:00,T2,No issue,0.0,2641,2428,Unknown,Night
2024-09-17 01:26:00,P1,Changeover,3.0,2441,2394,Ben,Day
2024-03-25 01:25:00,T2,No issue,0.0,9930,8999,Chen,Day
2024-11-19 08:06:00,T1,No issue,0.0,10892,9703,Ben,Day
2024-02-17 02:18:00,T1,Breakdown,3.0,4265,3656,Diya,Night
2024-06-07 11:48:00,P1,Breakdown,0.0,5144,4749,Evan,Night
2024-06-14 04:00:00,L8,No issue,0.0,10698,9542,Evan,Night
2024-02-01 19:17:00,L8,No issue,0.0,1176,1123,Ben,Day
2024-11-07 02:07:00,T2,Breakdown,2.0,2661,2504,Asha,Night
2024-07-03 08:16:00,L9,PM,3.0,78,69,Ben,Day
2024-06-13 22:20:00,T1,No issue,0.0,214,185,Ben,Day
2024-09-19 15:20:00,L9,Quality stop,0.0,2962,2947,Ben,Day
2024-10-07 23:56:00,T1,Breakdown,1.0,3131,3047,Chen,Night
2024-10-28 05:44:00,P1,No issue,0.0,7522,6656,Diya,Day
2024-01-01 01:28:00,L8,Breakdown,1.0,11974,10380,Chen,Day
2024-04-03 16:23:00,T2,No issue,0.0,7450,6980,Asha,Day
2024-10-14 18:54:00,L8,No issue,0.0,8819,7809,Ben,Day
2024-01-24 02:11:00,T1,No issue,0.0,5705,5040,Asha,Day
2024-06-15 21:40:00,L9,PM,1.0,5070,4407,Evan,Night
2024-01-31 23:36:00,L9,Breakdown,0.0,10322,9320,Diya,Day
2024-02-20 02:45:00,L8,Changeover,0.0,2160,2021,Unknown,Day
2024-05-14 16:48:00,P1,Changeover,0.0,9355,8622,Diya,Day
2024-07-11 13:22:00,T1,No issue,0.0,9449,9437,Asha,Day
2024-01-19 08:16:00,P1,Quality stop,2.0,8701,8057,Ben,Night
2024-05-31 09:53:00,T2,No issue,0.0,1531,1466,Ben,Day
2024-04-18 03:53:00,L8,Quality stop,2.0,7652,7447,Asha,Night
2024-12-23 00:52:00,L8,No issue,0.0,5052,4795,Ben,Night
2024-10-21 07:01:00,P1,Breakdown,1.0,6996,6593,Asha,Night
2024-10-08 18:31:00,P1,PM,1.0,5314,4655,Diya,Day
2024-04-02 04:11:00,L9,No issue,0.0,7767,6756,Asha,Night
2024-09-12 07:32:00,T1,PM,4.0,10192,10031,Ben,Day
2024-09-19 11:11:00,T2,No issue,0.0,6831,5869,Asha,Night
2024-08-06 14:29:00,T1,No issue,0.0,10074,8761,Asha,Day
2024-04-10 01:28:00,T2,Changeover,1.0,8706,7462,Chen,Night
2024-11-26 06:45:00,T2,PM,2.0,7737,6654,Chen,Night
2024-07-17 11:48:00,L8,No issue,0.0,6459,6070,Asha,Day
2024-11-09 23:04:00,T2,No issue,0.0,7954,7472,Asha,Day
2024-07-01 05:02:00,T2,No issue,0.0,11984,10605,Asha,Day
2024-01-14 08:23:00,T2,Breakdown,1.0,1260,1107,Unknown,Night
2024-09-25 23:55:00,T2,No issue,0.0,3670,3515,Ben,Day
2024-11-29 09:03:00,L8,Breakdown,2.0,10195,9685,Unknown,Day
2024-04-27 16:06:00,P1,Breakdown,0.0,9294,8875,Diya,Night
2024-05-14 09:37:00,T2,No issue,0.0,10706,9854,Evan,Night
2024-10-06 00:42:00,L8,PM,1.0,56,48,Ben,Night
2024-09-05 07:47:00,P1,No issue,0.0,7838,7536,Chen,Day
2024-11-23 18:00:00,L9,No issue,0.0,9830,8898,Diya,Day
2024-02-19 09:21:00,T1,Breakdown,0.0,8742,8025,Asha,Day
2024-05-04 17:12:00,T1,No issue,0.0,10937,10865,Asha,Day
2024-10-25 21:28:00,T2,PM,3.0,2803,2560,Ben,Day
2024-08-09 00:00:00,T2,Quality stop,0.0,11393,11024,Chen,Night
2024-11-28 16:22:00,T2,No issue,0.0,9320,8284,Asha,Day
2024-09-25 15:11:00,P1,Quality stop,0.0,6363,5678,Unknown,Day
2024-12-03 13:53:00,L8,No issue,0.0,11602,10039,Chen,Day
2024-06-22 06:11:00,P1,No issue,0.0,5815,5250,Asha,Night
2024-11-01 23:04:00,P1,No issue,0.0,905,904,Asha,Night
2024-04-09 02:50:00,L9,Quality stop,1.0,1496,1442,Diya,Day
2024-07-08 21:06:00,T2,Changeover,1.0,9842,8598,Evan,Day
2024-11-08 07:07:00,T2,No issue,0.0,1537,1508,Evan,Night
2024-01-07 11:19:00,L8,No issue,0.0,363,329,Chen,Night
2024-09-21 01:53:00,T1,No issue,0.0,2273,2114,Diya,Day
2024-05-25 06:20:00,T1,No issue,0.0,4802,4574,Evan,Night
2024-04-12 04:12:00,T1,Quality stop,1.0,4927,4585,Asha,Day
2024-02-20 18:52:00,T2,PM,1.0,5397,5368,Evan,Night
2024-02-21 09:03:00,P1,PM,2.0,1444,1264,Chen,Day
2024-09-03 10:48:00,T2,Breakdown,0.0,2845,2815,Ben,Day
2024-02-23 02:03:00,P1,Breakdown,0.0,4065,3659,Ben,Day
2024-04-04 02:25:00,L8,Breakdown,0.0,3427,3392,Ben,Night
2024-05-23 00:45:00,L9,No issue,0.0,2232,2120,Diya,Night
2024-03-06 05:14:00,L8,PM,0.0,7396,7045,Chen,Night
2024-02-14 14:33:00,P1,Quality stop,1.0,6489,6402,Chen,Night
2024-01-04 06:36:00,L9,Quality stop,0.0,4676,4530,Evan,Day
2024-12-16 01:21:00,P1,PM,0.0,3845,3498,Evan,Night
2024-06-05 09:49:00,L9,PM,0.0,7795,7123,Asha,Night
2024-05-23 23:48:00,L8,PM,0.0,4637,4370,Ben,Day
2024-07-11 11:57:00,T2,No issue,0.0,4767,4304,Evan,Day
2024-02-16 13:35:00,P1,Breakdown,3.0,8502,8099,Chen,Night
2024-08-18 18:32:00,T2,No issue,0.0,10051,8680,Evan,Day
2024-09-18 02:44:00,L8,PM,2.0,803,738,Chen,Night
2024-09-17 17:24:00,P1,No issue,0.0,2965,2633,Chen,Day
2024-04-21 05:48:00,T1,No issue,0.0,8626,8244,Evan,Night
2024-12-23 01:41:00,T1,Quality stop,0.0,4332,4057,Evan,Day
2024-11-16 04:26:00,P1,Quality stop,0.0,4261,3975,Evan,Night
2024-06-29 17:45:00,T1,No issue,0.0,7958,7731,Evan,Night
2024-09-04 00:55:00,T2,No issue,0.0,6529,6365,Evan,Day
2024-03-08 09:32:00,P1,No issue,0.0,2779,2443,Chen,Night
2024-08-01 10:00:00,T1,Quality stop,1.0,2930,2841,Unknown,Day
2024-12-23 17:17:00,T1,Breakdown,4.0,11527,10041,Chen,Day
2024-09-07 09:31:00,L8,Breakdown,0.0,2937,2812,Chen,Day
2024-12-10 00:34:00,L9,Breakdown,0.0,10098,9117,Evan,Night
2024-04-01 20:02:00,T2,PM,1.0,4038,4025,Asha,Night
2024-10-09 23:16:00,T2,No issue,0.0,1368,1313,Chen,Night
2024-12-14 09:51:00,T1,PM,2.0,3700,3190,Chen,Night
2024-07-04 03:00:00,L8,PM,2.0,4755,4090,Evan,Day
2024-10-16 22:38:00,L8,No issue,0.0,10561,9631,Asha,Day
2024-04-01 06:37:00,T2,Quality stop,4.0,4158,4152,Ben,Night
2024-11-09 03:13:00,T1,Breakdown,1.0,3085,3014,Evan,Night
2024-03-02 19:57:00,L8,Breakdown,1.0,5036,4679,Evan,Night
2024-12-14 17:35:00,T2,No issue,0.0,2335,2107,Asha,Night
2024-07-01 20:48:00,P1,Breakdown,2.0,6809,5971,Asha,Night
2024-01-14 01:58:00,T2,PM,0.0,6702,6347,Chen,Night
2024-04-16 05:00:00,L8,No issue,0.0,8306,7326,Unknown,Night
2024-11-11 20:21:00,L8,No issue,0.0,3535,3173,Diya,Night
2024-09-13 07:52:00,P1,No issue,0.0,9577,9460,Diya,Night
2024-04-07 14:34:00,L9,No issue,0.0,7311,6411,Evan,Night
2024-06-06 04:56:00,L8,Quality stop,0.0,9872,9089,Evan,Day
2024-12-04 02:50:00,L9,PM,2.0,10421,9644,Evan,Night
2024-05-09 16:49:00,T2,PM,2.0,2534,2497,Chen,Day
2024-01-24 20:04:00,P1,Changeover,2.0,4158,4042,Diya,Day
2024-08-22 10:51:00,T2,Breakdown,1.0,7965,7406,Chen,Day
2024-04-11 00:38:00,P1,PM,0.0,1753,1656,Ben,Day
2024-07-28 13:14:00,T1,PM,0.0,8820,8737,Ben,Night
2024-04-20 03:54:00,T2,No issue,0.0,10425,9602,Diya,Night
2024-03-03 01:27:00,L9,Breakdown,0.0,3018,2647,Asha,Night
2024-11-10 16:23:00,T2,Quality stop,0.0,60,54,Evan,Night
2024-06-09 08:47:00,T2,No issue,0.0,11696,10788,Diya,Day
2024-10-03 10:01:00,L9,PM,0.0,9438,8238,Ben,Night
2024-02-22 15:58:00,L9,No issue,0.0,6585,6151,Chen,Day
2024-06-18 07:45:00,L9,Breakdown,4.0,10070,8617,Evan,Night
2024-08-13 01:10:00,T1,Breakdown,0.0,3575,3088,Unknown,Day
2024-04-13 12:42:00,P1,No issue,0.0,6491,6101,Evan,Night
2024-04-14 17:00:00,L9,Changeover,1.0,8721,7988,Asha,Day
2024-03-07 19:07:00,T2,Breakdown,0.0,11772,10854,Ben,Night
2024-03-20 08:52:00,T1,Breakdown,2.0,10314,8836,Chen,Day
2024-05-15 08:14:00,P1,No issue,0.0,5724,4881,Diya,Day
2024-03-25 02:33:00,T1,Breakdown,4.0,3846,3313,Diya,Day
2024-09-16 13:01:00,P1,Changeover,0.0,4828,4300,Evan,Night
2024-05-31 18:48:00,T1,No issue,0.0,7172,6873,Chen,Day
2024-08-23 20:52:00,L8,No issue,0.0,7409,6859,Evan,Night
2024-01-10 13:26:00,P1,Breakdown,1.0,1236,1224,Chen,Day
2024-04-17 09:40:00,P1,Breakdown,1.0,5164,4655,Ben,Night
2024-05-15 20:39:00,T1,No issue,0.0,5275,4688,Evan,Day
2024-09-23 14:29:00,T2,No issue,0.0,866,835,Ben,Night
2024-06-19 07:53:00,T2,No issue,0.0,5892,5859,Asha,Day
2024-04-03 16:50:00,L8,PM,1.0,7563,6757,Chen,Night
2024-02-09 23:01:00,T2,Breakdown,0.0,1122,1021,Chen,Day
2024-10-28 13:44:00,L9,PM,0.0,7455,7005,Evan,Day
2024-07-17 14:27:00,P1,No issue,0.0,4272,3920,Chen,Day
2024-07-07 19:23:00,T1,No issue,0.0,11183,9665,Diya,Night
2024-04-21 13:15:00,P1,Quality stop,0.0,1720,1495,Evan,Day
2024-12-25 04:50:00,L8,Breakdown,0.0,3280,2898,Chen,Night
2024-05-13 20:45:00,L9,Breakdown,0.0,3004,2733,Evan,Day
2024-02-13 23:28:00,L9,No issue,0.0,2225,1917,Chen,Day
2024-04-08 15:38:00,L9,Changeover,0.0,10776,10725,Unknown,Night
2024-09-04 02:22:00,P1,Breakdown,0.0,4027,3741,Chen,Night
2024-11-16 17:51:00,L8,Quality stop,0.0,6966,6354,Diya,Day
2024-10-15 18:20:00,T2,PM,0.0,5869,5051,Ben,Day
2024-04-07 19:03:00,T2,No issue,0.0,2750,2481,Unknown,Day
2024-03-31 02:47:00,T1,Quality stop,1.0,7668,7280,Asha,Day
2024-03-17 01:01:00,L8,No issue,0.0,7981,7409,Chen,Night
2024-07-12 03:33:00,L9,Quality stop,1.0,2736,2624,Chen,Day
2024-07-20 07:04:00,L9,No issue,0.0,3384,2968,Asha,Day
2024-12-17 15:39:00,L8,Changeover,1.0,7025,6694,Evan,Day
2024-05-19 09:40:00,L8,PM,1.0,7677,6861,Diya,Day
2024-08-14 22:29:00,T2,Breakdown,0.0,8991,7880,Diya,Night
2024-03-17 13:02:00,P1,Breakdown,2.0,7529,6833,Ben,Night
2024-02-20 19:52:00,L8,PM,0.0,3840,3785,Diya,Day
2024-11-08 20:35:00,T2,No issue,0.0,2778,2673,Ben,Night
2024-01-01 02:37:00,T1,Breakdown,2.0,277,244,Ben,Night
2024-07-17 07:08:00,T1,No issue,0.0,5576,5574,Chen,Day
2024-02-22 09:02:00,P1,No issue,0.0,6592,5865,Ben,Night
2024-05-25 17:19:00,L9,PM,0.0,5863,5044,Chen,Day
2024-12-19 22:37:00,T1,No issue,0.0,7447,7243,Asha,Day
2024-01-18 06:01:00,L9,Changeover,1.0,10432,10423,Evan,Night
2024-11-17 04:41:00,P1,Quality stop,0.0,5370,5161,Evan,Night
2024-12-29 12:01:00,T2,Breakdown,2.0,5974,5405,Diya,Night
2024-05-08 09:27:00,T2,No issue,0.0,9902,9547,Asha,Night
2024-08-24 11:38:00,T2,PM,1.0,11799,11340,Ben,Day
2024-05-08 19:08:00,T1,Breakdown,0.0,9030,8073,Ben,Night
2024-04-26 07:06:00,T1,Quality stop,1.0,3737,3654,Ben,Day
2024-12-19 22:54:00,L9,Quality stop,4.0,6554,6271,Chen,Day
2024-01-09 10:46:00,T2,No issue,0.0,11867,10853,Chen,Night
2024-09-14 15:01:00,P1,No issue,0.0,6459,6356,Evan,Day
2024-02-25 00:24:00,L9,No issue,0.0,5187,4883,Ben,Day
2024-11-24 06:51:00,L9,Changeover,2.0,2971,2750,Asha,Day
2024-07-30 20:17:00,T2,Breakdown,1.0,4225,3844,Evan,Night
2024-09-28 12:36:00,L9,No issue,0.0,6096,5426,Chen,Night
2024-04-01 12:18:00,T2,PM,0.0,1484,1315,Asha,Day
2024-07-08 10:42:00,L8,No issue,0.0,5869,5770,Asha,Night
2024-12-05 06:24:00,T2,Changeover,1.0,10158,8978,Chen,Night
2024-01-01 01:48:00,T1,PM,0.0,3926,3768,Diya,Night
2024-01-30 23:01:00,L8,No issue,0.0,6421,5881,Asha,Day
2024-11-19 05:49:00,T2,Quality stop,0.0,7117,6097,Diya,Day
2024-10-09 08:15:00,T1,Changeover,3.0,195,180,Evan,Day
2024-08-06 10:07:00,T1,No issue,0.0,121,115,Asha,Day
2024-05-07 22:51:00,T2,Changeover,0.0,5271,4982,Chen,Day
2024-02-10 21:46:00,L8,Changeover,0.0,5345,4736,Chen,Day
2024-07-11 01:32:00,P1,Quality stop,1.0,3643,3627,Evan,Night
2024-11-04 17:48:00,L8,No issue,0.0,7512,7088,Ben,Day
2024-01-01 02:34:00,L8,No issue,0.0,9882,8949,Unknown,Night
2024-04-03 15:45:00,T2,PM,0.0,950,816,Evan,Night
2024-08-16 06:06:00,L8,Breakdown,0.0,2316,2235,Diya,Night
2024-07-17 13:35:00,P1,Breakdown,0.0,10512,9959,Chen,Day
2024-10-26 18:37:00,P1,No issue,0.0,6919,6909,Ben,Night
2024-08-28 01:17:00,T1,No issue,0.0,4880,4282,Asha,Night
2024-11-16 10:40:00,P1,No issue,0.0,1963,1829,Evan,Day
2024-03-07 10:31:00,P1,PM,1.0,6624,6200,Evan,Day
2024-04-27 08:11:00,T1,Breakdown,0.0,7066,6023,Chen,Day
2024-06-23 21:06:00,P1,Changeover,1.0,8682,8490,Chen,Night
2024-03-02 12:47:00,T1,Changeover,2.0,9236,7970,Chen,Day
2024-02-28 11:40:00,L8,Breakdown,4.0,2894,2587,Diya,Day
2024-09-18 12:37:00,T1,Breakdown,0.0,6689,6164,Ben,Day
2024-04-01 21:03:00,T1,PM,0.0,8788,8732,Asha,Day
2024-04-14 15:13:00,P1,Breakdown,0.0,1552,1322,Unknown,Night
2024-08-26 01:24:00,L8,No issue,0.0,2350,2057,Asha,Day
2024-09-20 13:37:00,T1,No issue,0.0,1155,1134,Evan,Day
2024-07-01 08:57:00,T2,PM,1.0,6138,5657,Ben,Day
2024-08-12 18:56:00,P1,No issue,0.0,6429,6263,Chen,Day
2024-01-27 18:20:00,L9,Breakdown,0.0,1290,1193,Diya,Night
2024-04-11 12:12:00,P1,Breakdown,0.0,2140,1859,Diya,Day
2024-10-23 18:08:00,T2,No issue,0.0,11904,10613,Evan,Day
2024-07-17 01:35:00,T2,No issue,0.0,8152,7272,Diya,Night
2024-07-16 08:12:00,L9,PM,1.0,850,844,Chen,Day
2024-12-30 15:49:00,T1,No issue,0.0,8895,7910,Asha,Night
2024-01-04 20:48:00,T1,PM,3.0,11672,10126,Ben,Night
2024-06-21 05:53:00,T1,Breakdown,3.0,2907,2774,Ben,Day
2024-04-17 21:16:00,L9,Breakdown,1.0,3044,2706,Evan,Night
2024-08-13 16:24:00,L9,Changeover,4.0,5107,4752,Asha,Night
2024-09-22 23:02:00,P1,PM,4.0,10380,9124,Ben,Day
2024-07-06 10:14:00,T2,Breakdown,0.0,7283,6277,Unknown,Night
2024-02-05 03:54:00,T1,Breakdown,0.0,2927,2735,Evan,Night
2024-04-13 19:24:00,P1,PM,2.0,6031,5684,Asha,Night
2024-11-23 16:14:00,P1,Breakdown,2.0,98,86,Ben,Night
2024-11-10 00:36:00,P1,No issue,0.0,9657,8882,Asha,Day
2024-06-05 23:32:00,T2,Quality stop,1.0,5890,5363,Evan,Night
2024-06-18 22:05:00,L8,No issue,0.0,8407,8395,Diya,Night
2024-06-07 23:55:00,P1,Quality stop,0.0,2432,2318,Asha,Day
2024-02-23 04:45:00,P1,No issue,0.0,5418,5261,Asha,Day
2024-06-18 10:00:00,L9,No issue,0.0,5963,5493,Evan,Night
2024-01-17 12:49:00,P1,No issue,0.0,3939,3449,Diya,Night
2024-02-03 10:35:00,L8,No issue,0.0,10722,9780,Diya,Night
2024-09-01 17:25:00,T1,No issue,0.0,10214,9445,Asha,Night
2024-01-12 01:57:00,T2,Changeover,1.0,5345,4983,Diya,Day
2024-02-13 17:57:00,L8,Changeover,1.0,11255,11037,Diya,Day
2024-11-04 18:27:00,L9,PM,2.0,11288,10459,Chen,Night
2024-10-24 05:45:00,L9,Quality stop,0.0,669,661,Diya,Night
2024-10-11 19:03:00,L8,No issue,0.0,1231,1193,Asha,Day
2024-08-31 14:46:00,T1,Breakdown,1.0,1760,1726,Chen,Day
2024-05-22 04:18:00,T1,No issue,0.0,2336,2238,Ben,Day
2024-03-08 18:22:00,L9,Breakdown,3.0,11241,11124,Unknown,Night
2024-05-26 07:13:00,T2,No issue,0.0,1268,1191,Asha,Night
2024-06-08 07:00:00,P1,Breakdown,2.0,2744,2524,Ben,Day
2024-05-15 02:55:00,L8,No issue,0.0,8522,8258,Asha,Night
2024-01-08 13:53:00,L8,Breakdown,0.0,10252,9281,Evan,Day
2024-04-20 04:31:00,L9,Breakdown,4.0,6034,5172,Asha,Night
2024-11-01 11:16:00,P1,No issue,0.0,2364,2333,Evan,Day
2024-01-19 05:04:00,T2,PM,0.0,685,636,Diya,Night
2024-03-12 02:33:00,T1,Breakdown,0.0,11439,10366,Ben,Day
2024-10-21 04:18:00,T1,PM,0.0,2514,2396,Asha,Day
2024-03-14 22:27:00,P1,Breakdown,1.0,8632,8229,Asha,Day
2024-04-13 21:38:00,P1,Breakdown,2.0,9094,8497,Chen,Day
2024-01-29 06:17:00,L8,Quality stop,0.0,1844,1728,Chen,Day
2024-12-01 17:07:00,T2,PM,1.0,6710,6136,Evan,Day
2024-01-12 01:46:00,P1,No issue,0.0,9229,8514,Chen,Day
2024-11-06 22:52:00,T1,PM,0.0,11400,10136,Diya,Day
2024-11-01 06:59:00,L9,No issue,0.0,2649,2389,Unknown,Day
2024-02-16 09:28:00,T1,Quality stop,2.0,8622,7972,Diya,Night
2024-09-07 07:32:00,P1,No issue,0.0,1205,1157,Ben,Day
2024-05-29 15:55:00,L8,No issue,0.0,11236,10505,Unknown,Day
2024-05-11 19:43:00,L8,PM,1.0,9225,8186,Ben,Day
2024-10-28 10:25:00,P1,Breakdown,1.0,8437,8239,Evan,Day
2024-04-03 02:19:00,L8,No issue,0.0,8845,8149,Diya,Night
2024-06-04 11:34:00,T1,PM,0.0,7611,6885,Ben,Night
2024-08-01 12:28:00,T1,No issue,0.0,4209,4071,Asha,Night
2024-02-20 11:57:00,T2,Quality stop,0.0,2179,2141,Ben,Day
2024-07-01 16:59:00,P1,PM,4.0,5379,4590,Diya,Night
2024-05-03 08:20:00,T2,Breakdown,0.0,8901,8193,Chen,Night
2024-12-24 06:29:00,P1,No issue,0.0,4397,4279,Evan,Night
2024-07-22 05:18:00,L9,PM,1.0,11815,10632,Chen,Day
2024-04-19 09:29:00,L9,Quality stop,2.0,11363,10275,Asha,Night
2024-01-11 10:04:00,L8,No issue,0.0,10326,9678,Ben,Day
2024-12-30 14:13:00,L9,No issue,0.0,5120,4607,Ben,Day
2024-06-20 05:56:00,L8,Breakdown,1.0,2868,2627,Ben,Night
2024-08-28 16:16:00,P1,Quality stop,2.0,6520,6005,Unknown,Day
2024-07-02 17:41:00,L9,No issue,0.0,1953,1888,Asha,Night
2024-01-22 22:33:00,T1,No issue,0.0,1858,1814,Asha,Night
2024-01-16 16:51:00,L8,Breakdown,0.0,3903,3374,Chen,Day
2024-08-20 16:04:00,L8,No issue,0.0,4690,4472,Chen,Day
2024-02-18 00:32:00,L9,No issue,0.0,4484,3890,Asha,Day
2024-08-19 09:58:00,P1,No issue,0.0,11874,11115,Asha,Night
2024-02-21 08:33:00,T1,Breakdown,0.0,3215,3136,Ben,Night
2024-01-05 09:22:00,T2,No issue,0.0,6742,6132,Chen,Day
2024-04-10 12:17:00,P1,PM,3.0,1033,1000,Ben,Day
2024-04-21 15:07:00,L9,No issue,0.0,11266,10293,Ben,Day
2024-04-15 02:01:00,T1,No issue,0.0,10536,10320,Diya,Day
2024-02-15 18:01:00,T1,No issue,0.0,9546,8941,Evan,Night
2024-03-03 12:44:00,T2,No issue,0.0,8647,8518,Ben,Day
2024-09-29 19:30:00,L8,Breakdown,1.0,4674,4537,Ben,Night
2024-08-11 12:13:00,L9,PM,0.0,3838,3431,Asha,Night
2024-08-22 02:44:00,L9,No issue,0.0,10250,9180,Evan,Night
2024-02-16 07:07:00,T2,Changeover,2.0,6563,6122,Ben,Day
2024-01-27 10:11:00,T1,PM,0.0,1331,1296,Unknown,Day
2024-10-31 15:58:00,T1,No issue,0.0,11819,10352,Diya,Day
2024-12-07 18:59:00,L8,Breakdown,1.0,11061,9731,Unknown,Night
2024-08-28 15:11:00,T1,No issue,0.0,5662,4979,Ben,Day
2024-02-26 17:58:00,L9,Quality stop,0.0,9167,8246,Ben,Day
2024-08-02 13:58:00,L8,Quality stop,0.0,10103,8960,Ben,Day
2024-07-15 04:47:00,L8,Breakdown,2.0,8013,7430,Diya,Day
2024-03-23 20:51:00,L9,PM,0.0,8585,7760,Diya,Day
2024-04-19 10:38:00,T2,Breakdown,0.0,7336,6832,Diya,Day
2024-02-13 02:49:00,T2,No issue,0.0,1098,1073,Unknown,Night
2024-06-06 04:16:00,T1,Breakdown,1.0,5539,5018,Diya,Day
2024-02-29 01:06:00,L9,PM,1.0,5614,4993,Asha,Night
2024-09-23 22:28:00,T1,No issue,0.0,4429,3803,Asha,Night
2024-01-19 20:13:00,L8,No issue,0.0,11474,10849,Asha,Night
2024-06-05 22:53:00,T1,Breakdown,0.0,8653,8111,Evan,Day
2024-02-21 21:07:00,P1,Breakdown,1.0,1763,1730,Chen,Day
2024-08-09 07:31:00,P1,No issue,0.0,5096,4430,Diya,Day
2024-02-17 03:12:00,L8,Breakdown,0.0,8227,7878,Ben,Night
2024-04-30 12:48:00,L9,Changeover,3.0,1089,948,Evan,Night
2024-06-17 14:08:00,T1,Breakdown,0.0,3567,3559,Evan,Night
2024-01-11 07:54:00,T1,Breakdown,2.0,9204,8827,Diya,Day
2024-10-17 15:50:00,T2,No issue,0.0,8391,7695,Diya,Day
2024-05-03 05:41:00,T1,Breakdown,3.0,3216,2758,Unknown,Night
2024-03-28 15:56:00,L9,Quality stop,4.0,1860,1739,Ben,Day
2024-01-28 21:17:00,T2,No issue,0.0,1407,1325,Asha,Day
2024-10-17 17:56:00,L9,No issue,0.0,10338,10284,Evan,Day
2024-02-03 19:01:00,T1,No issue,0.0,2544,2499,Evan,Day
2024-01-30 07:13:00,T2,Breakdown,0.0,4282,4222,Chen,Night
2024-04-30 21:29:00,P1,No issue,0.0,6480,6374,Chen,Day
2024-01-06 16:43:00,T1,Quality stop,0.0,9529,9409,Chen,Night
2024-09-05 02:41:00,L9,Quality stop,0.0,7828,7192,Asha,Day
2024-10-01 03:14:00,L9,No issue,0.0,7235,6346,Asha,Day
2024-09-28 11:51:00,T2,Quality stop,1.0,5464,5175,Asha,Day
2024-10-09 17:19:00,L8,Breakdown,1.0,7008,6945,Ben,Day
2024-05-19 04:07:00,L9,Breakdown,1.0,1570,1347,Chen,Day
2024-11-07 21:30:00,L8,No issue,0.0,3024,3012,Diya,Night
2024-10-09 02:12:00,T1,Breakdown,0.0,7022,6431,Diya,Day
2024-10-02 15:57:00,T2,Changeover,3.0,174,173,Ben,Night
2024-02-26 11:57:00,T2,Quality stop,1.0,11241,11047,Chen,Day
2024-05-04 16:46:00,L9,No issue,0.0,7060,6398,Diya,Night
2024-06-15 08:01:00,P1,Breakdown,2.0,3656,3460,Chen,Day
2024-04-12 11:47:00,T2,Changeover,1.0,10713,9941,Evan,Night
2024-03-11 09:11:00,P1,No issue,0.0,4856,4469,Diya,Day
2024-03-10 16:33:00,P1,No issue,0.0,7521,6919,Ben,Day
2024-01-08 18:33:00,T1,Breakdown,0.0,3014,2844,Chen,Day
2024-07-16 18:20:00,L9,PM,0.0,2151,2029,Chen,Day
2024-11-18 06:18:00,T2,No issue,0.0,864,735,Evan,Night
2024-02-27 22:23:00,L8,Quality stop,1.0,7835,6745,Chen,Day
2024-07-03 07:34:00,T2,No issue,0.0,6401,6078,Evan,Day
2024-07-20 08:23:00,P1,Quality stop,1.0,4692,4397,Diya,Day
2024-12-11 23:04:00,L9,No issue,0.0,5261,5241,Chen,Night
2024-03-08 06:12:00,T1,Quality stop,0.0,9674,8651,Ben,Night
2024-10-11 04:38:00,P1,No issue,0.0,4785,4409,Diya,Night
2024-07-05 04:05:00,T2,Changeover,0.0,6598,6194,Diya,Night
2024-03-29 16:55:00,L8,Breakdown,1.0,7207,6333,Ben,Day
2024-10-06 10:16:00,T1,Breakdown,0.0,11385,10163,Diya,Night
2024-06-20 22:31:00,L8,Breakdown,1.0,10394,9050,Diya,Day
2024-08-29 11:32:00,P1,Breakdown,1.0,6284,5994,Evan,Night
2024-07-01 08:09:00,L9,No issue,0.0,10986,10288,Ben,Day
2024-09-07 05:58:00,T1,No issue,0.0,8053,7672,Evan,Night
2024-03-02 18:11:00,T2,Breakdown,0.0,9313,9034,Asha,Day
2024-04-19 01:27:00,L8,No issue,0.0,4931,4254,Chen,Day
2024-07-04 13:10:00,L8,Breakdown,0.0,11434,10050,Ben,Day
2024-04-07 06:20:00,L8,No issue,0.0,1299,1135,Ben,Day
2024-05-17 05:08:00,P1,Quality stop,0.0,1169,1055,Asha,Day
2024-08-03 13:25:00,T2,Quality stop,1.0,2900,2533,Diya,Night
2024-10-13 13:27:00,T2,No issue,0.0,8116,7628,Asha,Night
2024-02-06 16:21:00,L9,No issue,0.0,2104,1944,Asha,Night
2024-11-28 08:35:00,P1,Breakdown,2.0,10265,9542,Asha,Day
2024-05-14 03:50:00,L8,No issue,0.0,1837,1573,Asha,Day
2024-08-25 17:31:00,L8,PM,0.0,5134,4782,Asha,Day
2024-03-30 08:21:00,T1,PM,4.0,10413,8897,Evan,Day
2024-11-14 12:58:00,L8,PM,0.0,2727,2524,Evan,Day
2024-09-12 04:11:00,T1,No issue,0.0,11647,10651,Chen,Night
2024-01-15 23:42:00,P1,Breakdown,1.0,7646,7477,Evan,Day
2024-05-06 07:22:00,T1,No issue,0.0,11270,10307,Asha,Day
2024-11-16 14:41:00,L8,PM,1.0,6336,6120,Evan,Day
2024-09-20 15:17:00,L8,Changeover,0.0,8899,7774,Ben,Day
2024-06-19 23:58:00,P1,PM,1.0,7891,7752,Ben,Day
2024-09-05 00:38:00,L9,Breakdown,0.0,8549,8270,Evan,Night
2024-01-24 05:11:00,L8,PM,0.0,7231,6592,Asha,Day
2024-04-17 09:31:00,P1,No issue,0.0,7758,7739,Ben,Night
2024-06-04 22:51:00,P1,No issue,0.0,3031,2842,Unknown,Night
2024-07-25 19:21:00,L9,No issue,0.0,11264,11217,Chen,Night
2024-05-09 09:52:00,T2,Breakdown,4.0,572,492,Chen,Day
2024-10-12 18:41:00,T1,No issue,0.0,641,627,Asha,Day
2024-10-04 01:15:00,T2,No issue,0.0,6621,6395,Asha,Day
2024-11-20 20:30:00,T1,PM,1.0,11383,10348,Ben,Day
2024-11-27 12:52:00,P1,No issue,0.0,7921,6950,Asha,Day
2024-08-14 05:39:00,T2,No issue,0.0,7783,6674,Diya,Day
2024-03-06 19:33:00,L9,Changeover,0.0,2885,2689,Ben,Day
2024-10-17 22:00:00,T1,Quality stop,1.0,1031,938,Ben,Night
2024-09-12 05:46:00,P1,Breakdown,0.0,11013,10391,Unknown,Day
2024-01-10 12:46:00,L9,No issue,0.0,1008,990,Chen,Day
2024-06-09 08:53:00,P1,Breakdown,4.0,2702,2567,Ben,Day
2024-07-30 23:58:00,L8,Changeover,1.0,10136,9295,Diya,Night
2024-07-17 21:19:00,L8,Breakdown,0.0,10525,9639,Asha,Day
2024-11-29 22:15:00,T1,No issue,0.0,7123,6427,Chen,Day
2024-06-27 12:10:00,L9,PM,0.0,944,885,Asha,Night
2024-06-19 01:10:00,P1,Breakdown,3.0,462,428,Diya,Day
2024-04-11 13:53:00,L8,No issue,0.0,3633,3412,Asha,Night
2024-12-25 02:40:00,L9,Quality stop,1.0,7320,6536,Chen,Day
2024-06-18 22:08:00,T2,No issue,0.0,10609,9341,Diya,Night
2024-10-22 07:22:00,T1,Breakdown,0.0,7831,7551,Chen,Day
2024-11-27 21:18:00,T1,PM,1.0,7940,6761,Chen,Day
2024-07-02 15:40:00,T1,Breakdown,0.0,7395,7136,Asha,Night
2024-12-17 06:02:00,T1,No issue,0.0,2704,2470,Evan,Day
2024-05-14 23:06:00,L9,No issue,0.0,4382,3728,Evan,Day
2024-01-30 23:14:00,P1,PM,3.0,11456,11209,Asha,Day
2024-10-08 12:30:00,T2,PM,1.0,6610,5902,Diya,Night
2024-05-26 14:08:00,T2,Quality stop,2.0,5762,5313,Evan,Day
2024-07-06 15:51:00,L8,Breakdown,1.0,2689,2385,Chen,Night
2024-02-06 15:15:00,T1,PM,1.0,7987,7918,Asha,Day
2024-11-19 04:28:00,L8,No issue,0.0,8069,7170,Ben,Day
2024-01-14 20:44:00,L8,Changeover,3.0,11345,10249,Diya,Night
2024-08-13 17:21:00,T2,No issue,0.0,4143,3645,Ben,Day
2024-08-22 22:42:00,L8,Breakdown,0.0,4115,4059,Ben,Night
2024-05-23 18:38:00,T1,No issue,0.0,1282,1245,Asha,Night
2024-05-14 12:35:00,T2,No issue,0.0,5158,5011,Diya,Night
2024-02-24 10:27:00,L9,PM,0.0,905,839,Ben,Night
2024-04-05 01:22:00,T1,No issue,0.0,4466,4240,Evan,Day
2024-09-05 10:14:00,L9,No issue,0.0,9457,9326,Diya,Day
2024-10-18 22:27:00,L8,No issue,0.0,1759,1539,Chen,Day
2024-08-08 20:54:00,P1,Breakdown,2.0,5203,4930,Chen,Day
2024-02-15 00:32:00,L8,No issue,0.0,11756,10425,Chen,Night
2024-05-06 21:41:00,P1,Changeover,0.0,4803,4599,Diya,Day
2024-08-10 22:02:00,T2,No issue,0.0,2097,1914,Ben,Day
2024-04-22 14:09:00,T2,Breakdown,2.0,2906,2754,Ben,Day
2024-07-13 02:13:00,P1,Breakdown,0.0,1057,902,Unknown,Night
2024-04-19 23:25:00,L8,No issue,0.0,11175,9563,Asha,Day
2024-04-22 02:32:00,T2,No issue,0.0,5792,5190,Chen,Night
2024-07-10 20:57:00,L9,No issue,0.0,1484,1475,Ben,Day
2024-06-17 11:35:00,P1,No issue,0.0,1062,973,Evan,Night
2024-09-02 23:42:00,L8,No issue,0.0,7657,6874,Asha,Day
2024-03-23 17:52:00,L8,Changeover,1.0,7519,7288,Evan,Night
2024-09-22 15:57:00,T1,Breakdown,1.0,11662,11158,Unknown,Day
2024-01-26 03:25:00,T2,No issue,0.0,1168,1016,Evan,Night
2024-01-24 01:11:00,L8,Changeover,2.0,2831,2503,Diya,Day
2024-11-20 14:34:00,P1,No issue,0.0,6196,6136,Asha,Day
2024-07-15 23:12:00,T2,Quality stop,1.0,6106,6101,Diya,Night
2024-07-01 13:26:00,L9,Breakdown,1.0,3009,2989,Diya,Day
2024-07-15 03:57:00,T1,PM,0.0,4366,4174,Asha,Day
2024-07-14 07:54:00,L9,PM,0.0,506,432,Asha,Day
2024-04-20 05:38:00,L9,Breakdown,1.0,4469,4111,Asha,Day
2024-06-25 04:13:00,L8,No issue,0.0,10894,10840,Chen,Day
2024-01-22 04:23:00,L8,No issue,0.0,963,887,Asha,Day
2024-08-31 22:21:00,T2,Breakdown,4.0,4989,4757,Unknown,Day
2024-08-26 14:58:00,L9,Changeover,2.0,10331,10256,Evan,Night
2024-02-08 08:43:00,P1,No issue,0.0,3206,2751,Evan,Day
2024-03-27 11:59:00,L9,No issue,0.0,5880,5626,Ben,Night
2024-03-02 04:36:00,P1,Breakdown,1.0,6710,6529,Asha,Day
2024-10-05 07:55:00,L9,No issue,0.0,4778,4470,Diya,Night
2024-04-13 17:30:00,P1,Breakdown,2.0,5786,5265,Diya,Day
2024-07-21 06:56:00,T2,No issue,0.0,6592,5948,Evan,Day
2024-10-05 12:30:00,L9,Breakdown,0.0,6150,5550,Asha,Day
2024-07-04 06:12:00,L8,No issue,0.0,3467,3318,Asha,Day
2024-08-17 15:09:00,L8,No issue,0.0,8015,6962,Evan,Day
2024-09-23 08:02:00,P1,Breakdown,1.0,11483,10030,Diya,Day
2024-10-25 16:57:00,T2,No issue,0.0,3975,3622,Asha,Night
2024-03-02 10:51:00,P1,No issue,0.0,6937,6644,Ben,Night
2024-03-12 02:58:00,T2,Breakdown,0.0,6129,5693,Ben,Night
2024-12-14 18:01:00,T1,PM,4.0,10690,9768,Asha,Day
2024-05-09 21:32:00,T2,Quality stop,0.0,3912,3746,Ben,Day
2024-02-02 21:38:00,P1,Breakdown,0.0,10939,10673,Diya,Night
2024-11-04 16:01:00,T2,Breakdown,4.0,9196,8973,Asha,Night
2024-10-28 19:34:00,P1,Quality stop,0.0,3389,3290,Ben,Night
2024-10-07 11:55:00,P1,Breakdown,4.0,3107,2706,Ben,Day
2024-03-30 22:01:00,L9,PM,0.0,8019,7180,Chen,Day
2024-02-12 11:09:00,P1,No issue,0.0,8242,7446,Diya,Night
2024-03-09 02:49:00,P1,No issue,0.0,5167,4483,Asha,Night
2024-02-19 13:37:00,L8,Quality stop,0.0,3250,3161,Evan,Day
2024-09-01 12:21:00,L9,Breakdown,0.0,2422,2174,Chen,Day
2024-06-29 14:31:00,L8,No issue,0.0,6210,5379,Diya,Day
2024-07-28 16:13:00,P1,No issue,0.0,10416,10347,Evan,Night
2024-05-15 11:40:00,T1,No issue,0.0,7430,6426,Evan,Day
2024-01-06 08:31:00,P1,No issue,0.0,10556,9279,Ben,Night
2024-02-03 02:39:00,T1,No issue,0.0,5016,4944,Evan,Night
2024-09-06 10:03:00,P1,Quality stop,3.0,752,680,Ben,Day
2024-03-17 01:58:00,T2,No issue,0.0,5509,5009,Asha,Day
2024-12-09 06:42:00,T2,Breakdown,1.0,5508,5252,Diya,Day
2024-02-28 22:18:00,L9,Breakdown,1.0,1075,1053,Diya,Day
2024-12-10 16:37:00,L9,Breakdown,1.0,1557,1387,Evan,Night
2024-04-10 04:48:00,T1,Breakdown,0.0,860,781,Chen,Day
2024-05-24 08:17:00,T2,Breakdown,1.0,6740,6372,Asha,Night
2024-01-25 20:33:00,T2,No issue,0.0,4844,4417,Evan,Night
2024-05-27 11:41:00,L8,No issue,0.0,5654,5099,Evan,Night
2024-06-03 20:35:00,T2,Breakdown,0.0,4497,3968,Evan,Day
2024-12-19 11:52:00,L9,No issue,0.0,5967,5247,Ben,Night
2024-02-12 23:34:00,T2,Breakdown,0.0,3734,3553,Asha,Day
2024-07-31 20:08:00,T1,No issue,0.0,7966,7422,Ben,Night
2024-08-14 10:01:00,T2,No issue,0.0,6719,6480,Asha,Night
2024-11-24 21:38:00,L9,No issue,0.0,10693,10635,Chen,Night
2024-09-08 07:47:00,T2,No issue,0.0,2176,1939,Asha,Day
2024-08-28 21:26:00,T2,Quality stop,3.0,2875,2686,Diya,Day
2024-12-13 03:47:00,L8,No issue,0.0,4615,4426,Diya,Day
2024-08-28 14:04:00,P1,Breakdown,0.0,369,363,Chen,Night
2024-04-09 23:58:00,T1,PM,0.0,2971,2762,Ben,Night
2024-10-22 16:31:00,L9,No issue,0.0,7416,6579,Ben,Night
2024-05-03 19:40:00,P1,Quality stop,1.0,169,144,Chen,Day
2024-07-06 10:50:00,L9,Breakdown,0.0,9454,9181,Chen,Day
2024-03-14 11:28:00,L9,No issue,0.0,3313,3031,Chen,Night
2024-07-26 16:37:00,P1,No issue,0.0,1414,1332,Ben,Night
2024-05-05 02:08:00,T2,Breakdown,2.0,4476,4126,Ben,Day
2024-10-07 01:17:00,T2,Breakdown,3.0,3964,3907,Diya,Day
2024-07-20 02:46:00,T2,Changeover,1.0,1775,1648,Diya,Day
2024-03-20 04:31:00,T1,No issue,0.0,4997,4487,Unknown,Night
2024-07-08 19:21:00,L8,Breakdown,1.0,7572,7055,Asha,Night
2024-09-22 00:09:00,P1,No issue,0.0,7992,6829,Diya,Night
2024-02-20 16:25:00,L8,No issue,0.0,9129,8784,Chen,Day
2024-06-01 11:21:00,P1,Quality stop,1.0,3786,3447,Ben,Night
2024-07-08 10:31:00,T1,Breakdown,1.0,9403,9393,Evan,Night
2024-06-22 09:21:00,P1,No issue,0.0,10184,9393,Evan,Day
2024-08-19 02:30:00,L9,Quality stop,2.0,637,566,Asha,Day
2024-02-05 19:13:00,T1,No issue,0.0,6175,6174,Chen,Night
2024-07-13 06:42:00,T2,Breakdown,4.0,10055,9523,Evan,Day
2024-11-09 08:19:00,T2,Breakdown,2.0,7239,6812,Unknown,Day
2024-11-10 18:33:00,L8,Quality stop,4.0,5591,5445,Chen,Day
2024-01-29 17:12:00,L9,No issue,0.0,1790,1589,Ben,Day
2024-05-23 21:49:00,P1,PM,0.0,11610,10866,Chen,Day
2024-06-10 18:22:00,T1,Breakdown,1.0,1531,1410,Ben,Day
2024-02-14 11:32:00,P1,No issue,0.0,5239,4478,Chen,Day
2024-05-10 07:40:00,T1,Breakdown,1.0,1919,1657,Unknown,Day
2024-05-27 13:16:00,T1,Breakdown,4.0,11467,10236,Asha,Day
2024-04-12 14:58:00,T2,No issue,0.0,3158,2751,Chen,Day
2024-11-27 19:38:00,T1,Quality stop,1.0,1253,1179,Asha,Day
2024-08-04 10:10:00,T2,Changeover,0.0,882,794,Chen,Day
2024-01-08 19:47:00,T1,Changeover,0.0,259,221,Asha,Night
2024-08-17 02:58:00,P1,No issue,0.0,5544,5065,Asha,Night
2024-12-22 09:23:00,T1,No issue,0.0,4352,3824,Unknown,Day
2024-05-14 14:35:00,L8,PM,0.0,1437,1281,Diya,Day
2024-10-27 20:37:00,L8,Quality stop,0.0,9192,9185,Chen,Night
2024-06-19 18:54:00,T2,No issue,0.0,9852,9493,Ben,Night
2024-01-17 17:10:00,L8,No issue,0.0,688,642,Chen,Day
2024-02-29 01:51:00,P1,No issue,0.0,9485,9434,Chen,Night
2024-06-20 07:13:00,T2,PM,0.0,11450,11443,Asha,Night
2024-02-18 12:26:00,P1,No issue,0.0,4588,4271,Ben,Night
2024-11-08 17:30:00,P1,Changeover,0.0,8059,7259,Diya,Day
2024-07-26 13:41:00,T2,No issue,0.0,6968,6466,Ben,Day
2024-03-24 03:01:00,T2,Changeover,1.0,9651,8329,Diya,Night
2024-08-15 02:04:00,P1,PM,1.0,2699,2630,Asha,Night
2024-07-19 13:22:00,T1,No issue,0.0,3302,3154,Evan,Day
2024-01-01 07:28:00,L9,PM,0.0,7491,6909,Ben,Night
2024-08-14 15:21:00,P1,Changeover,2.0,1506,1496,Diya,Day
2024-05-07 00:17:00,P1,No issue,0.0,11756,10235,Diya,Day
2024-09-02 22:23:00,L9,Breakdown,1.0,11420,10407,Diya,Day
2024-01-02 03:31:00,T1,PM,1.0,4067,3723,Chen,Night
2024-10-11 17:52:00,T2,Breakdown,1.0,8807,7564,Asha,Day
2024-03-26 08:13:00,L8,Breakdown,0.0,2835,2495,Asha,Day
2024-12-23 10:17:00,L8,Breakdown,2.0,3372,3134,Chen,Night
2024-12-22 16:41:00,T1,Breakdown,1.0,5915,5846,Unknown,Night
2024-10-06 22:37:00,P1,No issue,0.0,6053,5432,Evan,Day
2024-11-12 04:02:00,P1,Breakdown,4.0,10342,10173,Diya,Day
2024-03-06 16:55:00,L8,PM,0.0,4966,4812,Chen,Night
2024-06-21 00:45:00,T1,Breakdown,2.0,5733,5342,Chen,Day
2024-02-25 17:11:00,T1,PM,0.0,4339,4162,Evan,Day
2024-01-27 19:10:00,L9,Breakdown,4.0,1986,1939,Chen,Day
2024-10-30 18:39:00,T2,Breakdown,0.0,10088,9404,Chen,Night
2024-01-09 00:40:00,P1,Breakdown,0.0,3206,3099,Diya,Day
2024-12-11 05:00:00,L8,Quality stop,1.0,6962,6747,Chen,Night
2024-06-01 21:24:00,L9,No issue,0.0,9025,8071,Ben,Night
2024-12-20 19:57:00,T2,PM,1.0,5539,5364,Asha,Night
2024-04-07 05:53:00,P1,Changeover,1.0,1309,1171,Diya,Night
2024-06-12 20:49:00,P1,No issue,0.0,10823,9218,Diya,Night
2024-09-02 05:33:00,T1,Breakdown,0.0,1216,1169,Asha,Night
2024-02-24 19:48:00,T1,Breakdown,3.0,4180,4098,Ben,Day
2024-09-15 02:16:00,T1,No issue,0.0,6780,6664,Ben,Day
2024-10-01 16:48:00,L9,Breakdown,4.0,5622,4845,Unknown,Day
2024-09-11 10:35:00,P1,Quality stop,0.0,1071,1051,Asha,Day
2024-09-20 23:55:00,L9,Quality stop,2.0,6655,5705,Evan,Night
2024-05-14 02:57:00,L9,Breakdown,1.0,10143,9565,Ben,Day
2024-03-30 18:07:00,P1,PM,0.0,10819,10678,Asha,Night
2024-01-09 14:02:00,L8,No issue,0.0,5339,5047,Ben,Day
2024-11-08 04:54:00,T1,Changeover,0.0,1742,1544,Ben,Day
2024-04-06 16:24:00,L9,Breakdown,1.0,8634,7719,Evan,Day
2024-10-22 04:02:00,L8,No issue,0.0,4613,4220,Asha,Day
2024-10-27 12:19:00,T1,No issue,0.0,2270,2059,Ben,Day
2024-07-04 17:46:00,L9,No issue,0.0,8036,7191,Ben,Day
2024-08-19 18:24:00,T1,No issue,0.0,10331,9926,Diya,Day
2024-04-05 15:38:00,L8,No issue,0.0,5528,5325,Unknown,Day
2024-01-03 22:58:00,T2,Changeover,0.0,2614,2579,Evan,Day
2024-03-07 09:12:00,L8,Changeover,0.0,10926,10013,Ben,Day
2024-04-17 04:53:00,P1,PM,3.0,176,172,Evan,Night
2024-08-21 17:07:00,T1,Breakdown,2.0,7696,7076,Ben,Day
2024-07-13 13:10:00,P1,No issue,0.0,10915,9828,Asha,Night
2024-05-03 09:42:00,T2,No issue,0.0,8125,8099,Chen,Night
2024-01-04 00:20:00,P1,Changeover,0.0,9328,9021,Chen,Day
2024-01-03 23:27:00,L9,PM,4.0,1737,1734,Evan,Night
2024-12-26 16:28:00,L9,PM,0.0,4214,3871,Asha,Day
2024-01-31 21:15:00,L9,Breakdown,0.0,3006,2754,Evan,Day
2024-10-21 14:41:00,L9,No issue,0.0,4567,4360,Chen,Day
2024-10-15 13:51:00,T2,No issue,0.0,1032,903,Diya,Day
2024-10-15 18:09:00,T2,No issue,0.0,11564,10699,Diya,Night
2024-10-02 10:08:00,P1,No issue,0.0,4462,4212,Asha,Night
2024-08-01 15:19:00,T1,No issue,0.0,9229,8023,Asha,Night
2024-10-20 07:30:00,L8,No issue,0.0,7909,7130,Evan,Night
2024-01-30 08:35:00,L8,Quality stop,2.0,1772,1554,Diya,Night
2024-03-14 16:03:00,P1,Changeover,0.0,7022,6887,Diya,Night
2024-01-28 00:43:00,P1,Breakdown,2.0,522,443,Evan,Day
2024-03-16 05:25:00,L9,No issue,0.0,8429,8040,Asha,Night
2024-09-30 16:38:00,L9,Breakdown,0.0,11025,10475,Diya,Night
2024-02-07 05:41:00,L8,No issue,0.0,10260,10112,Diya,Night
2024-12-25 11:42:00,T2,No issue,0.0,2405,2090,Asha,Day
2024-09-21 02:00:00,L8,No issue,0.0,9087,8802,Chen,Night
2024-07-23 10:32:00,L8,Breakdown,1.0,5588,4855,Unknown,Night
2024-11-06 02:42:00,L8,No issue,0.0,6604,5965,Chen,Night
2024-02-04 15:09:00,P1,Quality stop,1.0,2698,2602,Asha,Day
2024-02-26 02:48:00,P1,Breakdown,0.0,6463,6075,Diya,Day
2024-11-28 05:49:00,L9,No issue,0.0,11967,10861,Unknown,Day
2024-04-22 05:12:00,T2,No issue,0.0,9632,8326,Ben,Day
2024-11-30 04:56:00,P1,Breakdown,1.0,5846,5302,Chen,Night
2024-01-03 04:30:00,T1,No issue,0.0,8334,8040,Asha,Night
2024-11-03 08:28:00,T2,Quality stop,3.0,8298,7663,Asha,Night
2024-08-08 15:46:00,P1,PM,0.0,2387,2110,Ben,Day
2024-09-17 11:30:00,P1,Breakdown,0.0,1084,1017,Diya,Day
2024-02-22 21:44:00,T2,Quality stop,1.0,11586,10867,Diya,Day
2024-07-04 08:32:00,T1,No issue,0.0,8888,8061,Diya,Day
2024-01-21 12:21:00,P1,Changeover,0.0,5420,5324,Unknown,Day
2024-10-16 04:45:00,L8,No issue,0.0,7988,6813,Ben,Night
2024-04-15 13:13:00,L8,Breakdown,0.0,8118,7245,Diya,Day
2024-12-28 19:44:00,L8,No issue,0.0,2020,1752,Evan,Day
2024-02-20 04:23:00,L9,No issue,0.0,5744,5463,Ben,Day
2024-01-10 17:44:00,L9,Breakdown,0.0,645,563,Evan,Night
2024-11-07 11:56:00,L8,No issue,0.0,11080,9570,Diya,Day
2024-03-08 10:27:00,T2,No issue,0.0,2445,2399,Diya,Night
2024-09-16 02:47:00,P1,Breakdown,0.0,10077,9245,Asha,Night
2024-06-01 07:04:00,T1,Breakdown,2.0,5852,5723,Diya,Night
2024-07-11 03:17:00,T1,No issue,0.0,3813,3529,Unknown,Day
2024-01-21 09:07:00,L8,Breakdown,0.0,11835,11274,Diya,Day
2024-07-13 10:16:00,L9,PM,0.0,3872,3465,Ben,Night
2024-05-07 15:28:00,T2,No issue,0.0,4634,4190,Chen,Night
2024-08-01 04:51:00,T2,No issue,0.0,8541,8316,Asha,Day
2024-09-12 00:50:00,L8,No issue,0.0,1874,1676,Evan,Day
2024-10-07 20:11:00,L8,PM,1.0,4020,3665,Chen,Day
2024-10-08 08:38:00,L8,No issue,0.0,4331,4166,Diya,Day
2024-01-25 23:19:00,T1,PM,1.0,1085,933,Evan,Night
2024-07-25 15:20:00,T2,Quality stop,2.0,9432,8370,Evan,Day
2024-11-02 20:36:00,T1,No issue,0.0,6436,6175,Asha,Night
2024-04-08 03:51:00,L8,Breakdown,0.0,664,661,Chen,Day
2024-02-18 00:17:00,T1,No issue,0.0,208,197,Diya,Day
2024-12-06 22:17:00,L9,PM,1.0,10375,10195,Diya,Night
2024-02-02 16:42:00,L8,PM,0.0,7045,6622,Asha,Day
2024-08-09 23:35:00,T1,Changeover,1.0,4834,4762,Chen,Day
2024-03-21 05:42:00,L8,No issue,0.0,11483,9799,Diya,Day
2024-03-15 18:30:00,P1,No issue,0.0,11903,11591,Chen,Night
2024-03-21 14:24:00,L8,No issue,0.0,11529,10936,Diya,Day
2024-05-23 13:30:00,T2,PM,1.0,5892,5741,Ben,Night
2024-01-26 14:34:00,T1,Breakdown,0.0,738,677,Ben,Day
2024-12-24 13:21:00,P1,No issue,0.0,2276,2206,Evan,Day
2024-08-19 15:28:00,T2,No issue,0.0,4891,4446,Ben,Day
2024-09-11 20:16:00,L9,Breakdown,2.0,10298,10182,Asha,Day
2024-12-11 13:47:00,T2,No issue,0.0,5175,4711,Unknown,Day
2024-02-03 02:03:00,P1,No issue,0.0,8800,7748,Diya,Day
2024-01-02 04:27:00,P1,No issue,0.0,7778,6690,Asha,Day
2024-10-15 07:23:00,L9,Breakdown,0.0,9912,9435,Ben,Night
2024-04-08 00:28:00,P1,Quality stop,0.0,2392,2337,Asha,Day
2024-03-08 10:54:00,T1,No issue,0.0,7200,6427,Asha,Night
2024-07-27 21:55:00,T1,No issue,0.0,11730,10297,Evan,Day
2024-02-26 01:05:00,T2,Quality stop,0.0,10939,9347,Diya,Day
2024-05-10 21:53:00,T2,PM,0.0,6050,5743,Asha,Day
2024-08-16 19:34:00,T2,Breakdown,1.0,1629,1627,Ben,Night
2024-07-10 20:37:00,T2,PM,0.0,11871,11620,Chen,Day
2024-07-11 00:37:00,T1,Quality stop,1.0,5062,4327,Asha,Night
2024-04-06 13:04:00,T2,Breakdown,0.0,3249,3180,Evan,Day
2024-08-20 21:54:00,L8,Breakdown,1.0,887,875,Chen,Night
2024-09-24 07:06:00,T2,No issue,0.0,10700,10233,Ben,Night
2024-10-15 05:36:00,T2,PM,1.0,3585,3288,Ben,Day
2024-08-12 17:29:00,T2,Breakdown,0.0,10176,9827,Diya,Day
2024-01-17 05:49:00,T1,Breakdown,0.0,10444,9867,Asha,Night
2024-05-30 07:10:00,L8,No issue,0.0,553,550,Chen,Night
2024-10-23 01:12:00,T1,Quality stop,0.0,5116,4971,Ben,Day
2024-06-12 17:00:00,L9,Breakdown,2.0,6165,5845,Asha,Day
2024-08-10 02:40:00,P1,No issue,0.0,4737,4561,Asha,Day
2024-09-08 21:04:00,P1,No issue,0.0,6843,6080,Chen,Day
2024-09-19 17:42:00,T1,Changeover,2.0,11044,10517,Asha,Day
2024-11-07 11:45:00,L9,No issue,0.0,5140,4814,Asha,Day
2024-08-13 22:43:00,T1,No issue,0.0,10494,9472,Ben,Night
2024-12-19 07:13:00,T1,No issue,0.0,4083,3941,Asha,Night
2024-08-24 23:11:00,L8,No issue,0.0,6825,6506,Evan,Day
2024-09-07 02:49:00,P1,PM,1.0,3336,2987,Evan,Day
2024-09-08 03:18:00,T1,Breakdown,1.0,6515,5741,Evan,Day
2024-09-03 04:07:00,T1,PM,1.0,9912,9382,Chen,Day
2024-04-18 23:59:00,L8,No issue,0.0,6524,6270,Evan,Day
2024-12-08 14:18:00,L8,Quality stop,1.0,8884,8279,Evan,Day
2024-09-17 15:32:00,L8,Breakdown,3.0,1633,1554,Chen,Day
2024-04-27 17:56:00,P1,No issue,0.0,11131,9831,Ben,Day
2024-05-07 07:38:00,T2,No issue,0.0,1685,1450,Unknown,Night
2024-12-16 09:49:00,T2,No issue,0.0,2261,1939,Chen,Day
2024-12-19 05:29:00,T2,No issue,0.0,2180,1924,Chen,Night
2024-10-29 12:08:00,T1,No issue,0.0,4759,4754,Evan,Night
2024-09-21 00:20:00,L8,No issue,0.0,1234,1209,Chen,Day
2024-06-21 02:57:00,P1,Changeover,1.0,8920,8208,Ben,Day
2024-09-16 04:26:00,T1,No issue,0.0,3721,3323,Chen,Day
2024-01-14 18:34:00,P1,Breakdown,0.0,7176,6134,Ben,Day
2024-04-23 06:20:00,T1,No issue,0.0,3519,3461,Unknown,Day
2024-08-02 23:13:00,L8,Changeover,1.0,7429,7222,Evan,Night
2024-02-14 00:16:00,P1,No issue,0.0,10002,9683,Ben,Day
2024-06-09 10:15:00,T2,Breakdown,0.0,1940,1759,Ben,Night
2024-03-05 19:36:00,L9,No issue,0.0,620,594,Chen,Day
2024-12-26 22:11:00,T1,PM,1.0,109,106,Diya,Night
2024-03-14 17:30:00,T1,PM,2.0,10649,9341,Evan,Day
2024-12-09 17:36:00,L8,No issue,0.0,4326,3789,Ben,Day
2024-07-20 07:23:00,L9,No issue,0.0,4167,3666,Chen,Day
2024-09-02 21:33:00,T1,PM,2.0,524,496,Ben,Day
2024-05-13 01:54:00,L8,Quality stop,2.0,11442,11346,Ben,Day
2024-10-29 10:21:00,T1,Breakdown,2.0,4860,4544,Ben,Day
2024-10-12 10:22:00,T1,Quality stop,0.0,1684,1655,Ben,Day
2024-09-02 05:43:00,T1,No issue,0.0,5730,4967,Evan,Night
2024-11-22 09:21:00,L8,Breakdown,2.0,3804,3241,Unknown,Night
2024-04-21 16:05:00,L8,No issue,0.0,4749,4361,Ben,Night
2024-05-25 20:36:00,P1,No issue,0.0,9122,7853,Asha,Day
2024-06-14 05:39:00,L8,No issue,0.0,8479,8469,Diya,Day
2024-04-20 15:57:00,P1,Breakdown,1.0,6814,5984,Evan,Night
2024-04-25 16:24:00,T1,No issue,0.0,934,909,Chen,Day
2024-09-26 18:54:00,T1,Breakdown,1.0,9527,9344,Diya,Night
2024-11-25 11:45:00,P1,No issue,0.0,4721,4148,Asha,Night
2024-10-05 00:14:00,T2,No issue,0.0,1403,1296,Evan,Night
2024-12-28 12:14:00,T1,No issue,0.0,4771,4258,Asha,Day
2024-10-02 05:48:00,L8,Breakdown,0.0,2357,2265,Evan,Day
2024-06-13 11:30:00,T2,PM,1.0,2344,2071,Diya,Day
2024-07-03 16:33:00,L9,PM,1.0,7551,7167,Ben,Day
2024-07-08 23:56:00,P1,Breakdown,1.0,2816,2668,Evan,Day
2024-05-14 17:06:00,T2,No issue,0.0,4226,4059,Asha,Day
2024-09-08 20:16:00,L8,PM,4.0,7444,6632,Chen,Day
2024-03-12 22:41:00,L8,Breakdown,2.0,6016,5248,Ben,Day
2024-07-10 01:10:00,T1,Changeover,4.0,881,790,Ben,Night
2024-10-21 03:20:00,L8,Breakdown,1.0,7530,7028,Evan,Night
2024-03-18 18:24:00,L8,No issue,0.0,5054,4737,Diya,Day
2024-10-29 14:32:00,T1,No issue,0.0,3240,2858,Asha,Day
2024-08-09 15:44:00,T1,PM,1.0,5685,5530,Ben,Day
2024-08-15 06:39:00,L8,Breakdown,0.0,5576,5566,Chen,Night
2024-06-22 10:23:00,P1,Breakdown,2.0,7887,7854,Ben,Night
2024-09-10 06:20:00,L8,Quality stop,0.0,4057,3754,Asha,Day
2024-09-15 01:16:00,T1,No issue,0.0,7727,7615,Chen,Day
2024-05-06 02:48:00,P1,No issue,0.0,5072,4323,Diya,Day
2024-04-21 21:42:00,T1,Breakdown,0.0,526,495,Evan,Night
2024-12-12 19:22:00,P1,Quality stop,2.0,5429,5360,Ben,Day
2024-07-04 22:20:00,L9,Quality stop,2.0,6160,5583,Diya,Day
2024-05-15 06:24:00,T1,No issue,0.0,2436,2375,Chen,Day
2024-09-23 17:22:00,L9,PM,1.0,3329,3185,Evan,Night
2024-08-03 20:51:00,L9,Quality stop,0.0,6810,6028,Asha,Day
2024-04-05 10:30:00,P1,No issue,0.0,10636,9148,Unknown,Day
2024-02-21 22:48:00,T1,No issue,0.0,11308,11151,Evan,Day
2024-09-23 04:54:00,L8,Changeover,2.0,2756,2668,Diya,Night
2024-12-28 02:01:00,T2,Changeover,0.0,5923,5230,Diya,Night
2024-04-30 20:57:00,P1,Changeover,2.0,6027,5648,Ben,Night
2024-03-07 17:21:00,L9,Breakdown,1.0,4103,3884,Diya,Day
2024-11-25 14:13:00,T2,No issue,0.0,1132,1113,Asha,Day
2024-06-10 11:06:00,L9,No issue,0.0,10836,9650,Diya,Night
2024-11-18 07:38:00,P1,Quality stop,0.0,4828,4725,Asha,Day
2024-12-12 23:29:00,T2,Breakdown,0.0,6285,6161,Ben,Day
2024-02-01 09:24:00,L9,No issue,0.0,759,678,Unknown,Day
2024-06-19 09:36:00,T1,Changeover,2.0,915,872,Asha,Day
2024-04-04 08:09:00,T2,PM,1.0,7851,7543,Asha,Day
2024-10-02 11:03:00,P1,PM,0.0,6858,6450,Diya,Night
2024-06-23 23:26:00,L8,Breakdown,0.0,2565,2510,Chen,Night
2024-10-16 14:28:00,T1,Breakdown,0.0,4743,4604,Asha,Day
2024-03-22 01:20:00,T1,Breakdown,0.0,5517,5248,Asha,Day
2024-09-14 21:27:00,T1,Breakdown,0.0,3756,3536,Asha,Day
2024-10-19 08:14:00,L9,Quality stop,2.0,6819,6649,Unknown,Day
2024-08-11 11:40:00,T2,Quality stop,0.0,11740,10197,Diya,Day
2024-04-16 15:16:00,T1,Quality stop,1.0,1782,1515,Evan,Night
2024-05-24 11:40:00,L8,Breakdown,2.0,5107,4805,Diya,Day
2024-06-02 06:17:00,T1,Quality stop,1.0,7261,7195,Evan,Day
2024-04-03 11:11:00,T1,Breakdown,2.0,698,648,Chen,Night
2024-10-31 17:10:00,P1,Quality stop,1.0,9324,8121,Chen,Day
2024-11-06 11:04:00,T1,PM,3.0,7822,7608,Ben,Day
2024-04-05 09:00:00,L8,PM,3.0,2573,2520,Chen,Night
2024-08-20 21:44:00,T1,No issue,0.0,6971,6266,Asha,Day
2024-07-15 18:55:00,L9,Changeover,0.0,5364,5134,Evan,Day
2024-02-08 16:44:00,T1,No issue,0.0,8002,7793,Evan,Day
2024-07-11 07:50:00,P1,Changeover,1.0,2518,2280,Diya,Day
2024-06-24 22:36:00,L9,Quality stop,0.0,1282,1118,Unknown,Day
2024-06-15 19:04:00,L9,Breakdown,1.0,4503,4247,Diya,Day
2024-03-15 23:10:00,P1,No issue,0.0,11431,11215,Ben,Night
2024-05-14 00:39:00,L8,Breakdown,3.0,10275,10001,Evan,Night
2024-04-01 06:16:00,L8,Breakdown,0.0,124,110,Diya,Day
2024-01-28 13:38:00,T2,Quality stop,1.0,9716,9671,Chen,Day
2024-05-28 09:14:00,L8,No issue,0.0,11305,9733,Asha,Night
2024-01-25 04:31:00,L9,Quality stop,2.0,8915,8852,Diya,Night
2024-06-02 22:06:00,P1,PM,1.0,9742,8761,Asha,Night
2024-01-30 23:51:00,T1,Changeover,1.0,11090,10153,Evan,Day
2024-12-16 20:31:00,L9,Breakdown,0.0,9532,9271,Chen,Night
2024-12-25 11:22:00,P1,No issue,0.0,1093,976,Chen,Day
2024-06-15 18:45:00,T1,Breakdown,2.0,11956,10303,Asha,Day
2024-08-31 12:01:00,T1,Quality stop,2.0,2951,2580,Asha,Night
2024-05-21 17:41:00,T1,PM,0.0,5246,4675,Diya,Night
2024-08-09 10:57:00,P1,Breakdown,4.0,10093,9209,Unknown,Night
2024-10-06 12:59:00,P1,PM,1.0,7333,6758,Evan,Night
2024-07-18 20:31:00,L9,Changeover,0.0,550,513,Diya,Day
2024-07-28 23:30:00,P1,No issue,0.0,10655,10424,Chen,Day
2024-04-17 14:21:00,P1,Quality stop,0.0,3076,2897,Evan,Day
2024-11-25 18:10:00,T2,No issue,0.0,3110,2789,Diya,Night
2024-03-20 20:10:00,P1,Changeover,1.0,1341,1263,Diya,Night
2024-11-16 20:24:00,T2,Breakdown,0.0,2193,1990,Ben,Night
2024-12-15 23:39:00,T1,Breakdown,0.0,10822,10044,Chen,Day
2024-06-06 16:11:00,P1,Breakdown,0.0,11842,11333,Diya,Day
2024-02-15 22:21:00,T2,Changeover,0.0,2446,2139,Diya,Day
2024-01-04 14:10:00,T2,Breakdown,0.0,3660,3207,Diya,Day
2024-05-26 21:29:00,L9,Quality stop,0.0,4596,4244,Asha,Day
2024-08-28 23:21:00,L8,No issue,0.0,5669,4936,Ben,Day
2024-03-07 07:39:00,L8,No issue,0.0,1186,1077,Asha,Day
2024-11-24 10:33:00,T1,No issue,0.0,11641,9999,Ben,Day
2024-10-25 03:18:00,T1,No issue,0.0,5824,4952,Asha,Night
2024-10-29 09:19:00,T2,Quality stop,0.0,3608,3375,Ben,Night
2024-10-05 05:58:00,P1,PM,1.0,9329,8802,Ben,Night
2024-06-25 10:25:00,T1,No issue,0.0,4431,3956,Diya,Day
2024-08-03 00:53:00,L9,No issue,0.0,4014,3999,Asha,Night
2024-12-30 19:55:00,T2,Breakdown,1.0,6228,6090,Chen,Night
2024-03-27 07:43:00,L9,Breakdown,4.0,2924,2853,Diya,Day
2024-01-05 01:47:00,T2,PM,0.0,41,37,Ben,Day
2024-04-02 18:04:00,T1,PM,1.0,2662,2482,Diya,Day
2024-03-14 13:10:00,T1,No issue,0.0,7922,7535,Ben,Day
2024-07-27 16:38:00,T2,Breakdown,0.0,3589,3171,Chen,Day
2024-02-27 22:14:00,P1,Changeover,0.0,2726,2572,Diya,Night
2024-02-25 04:57:00,T2,Quality stop,0.0,9511,8853,Evan,Day
2024-11-18 20:19:00,P1,Breakdown,0.0,2811,2427,Chen,Night
2024-10-10 23:02:00,L8,No issue,0.0,389,356,Ben,Day
2024-12-08 03:42:00,T2,No issue,0.0,8083,7708,Ben,Night
2024-07-14 15:43:00,P1,No issue,0.0,4418,4057,Evan,Night
2024-11-22 01:12:00,T2,Breakdown,1.0,1318,1315,Diya,Day
2024-08-23 09:51:00,L8,No issue,0.0,1606,1405,Chen,Night
2024-04-27 04:33:00,T1,PM,0.0,4012,3985,Evan,Day
2024-02-15 19:45:00,L8,Quality stop,0.0,418,396,Chen,Night
2024-07-11 20:31:00,L9,Breakdown,2.0,3996,3618,Asha,Day
2024-05-07 22:58:00,P1,PM,0.0,1669,1453,Ben,Day
2024-10-23 08:56:00,L9,Quality stop,0.0,7851,7592,Chen,Day
2024-02-04 16:46:00,T2,No issue,0.0,9693,8459,Evan,Day
2024-05-03 02:43:00,L9,PM,2.0,1844,1684,Ben,Day
2024-07-15 08:51:00,T2,Changeover,3.0,5345,5041,Asha,Day
2024-11-16 17:38:00,T2,No issue,0.0,10768,9313,Ben,Night
2024-03-13 09:27:00,P1,PM,2.0,2145,1999,Chen,Day
2024-08-13 13:07:00,T2,Changeover,1.0,1396,1389,Asha,Night
2024-12-26 10:35:00,P1,PM,0.0,10108,10038,Chen,Day
2024-06-30 07:21:00,P1,Breakdown,0.0,4309,4301,Unknown,Day
2024-07-04 06:00:00,L9,Breakdown,0.0,2168,2031,Asha,Night
2024-05-15 15:48:00,P1,Breakdown,0.0,4381,4360,Chen,Night
2024-05-05 16:02:00,P1,No issue,0.0,2104,1993,Asha,Night
2024-06-17 16:56:00,L8,Changeover,0.0,1269,1244,Chen,Day
2024-03-08 18:46:00,T2,No issue,0.0,11170,10805,Asha,Night
2024-03-29 03:54:00,T2,Changeover,2.0,7129,6284,Asha,Night
2024-08-26 18:49:00,L9,Breakdown,1.0,9881,8548,Ben,Day
2024-07-21 10:31:00,L8,No issue,0.0,10063,8633,Chen,Night
2024-07-11 16:44:00,L9,PM,1.0,5161,4882,Chen,Night
2024-11-02 10:50:00,T2,Breakdown,2.0,10913,9864,Ben,Day
2024-03-21 16:04:00,L9,No issue,0.0,797,699,Chen,Day
2024-03-12 01:02:00,L9,No issue,0.0,8023,7901,Ben,Night
2024-02-16 08:36:00,P1,Breakdown,0.0,5254,5144,Asha,Day
2024-09-06 01:33:00,T1,PM,0.0,5691,5166,Ben,Day
2024-01-02 02:15:00,T2,Changeover,0.0,10522,9234,Asha,Night
2024-05-08 15:08:00,L9,Breakdown,0.0,11541,11520,Evan,Day
2024-02-22 05:31:00,L8,No issue,0.0,1616,1435,Asha,Night
2024-04-21 02:29:00,T2,No issue,0.0,10661,10469,Diya,Night
2024-06-13 12:32:00,T1,PM,0.0,11496,9937,Ben,Day
2024-05-29 11:55:00,P1,No issue,0.0,11813,11272,Chen,Day
2024-01-23 07:00:00,T2,No issue,0.0,1546,1395,Asha,Day
2024-12-20 18:43:00,L8,No issue,0.0,4202,4041,Evan,Day
2024-04-30 23:36:00,T2,Breakdown,2.0,9429,9031,Chen,Day
2024-12-01 03:13:00,L8,No issue,0.0,4638,4431,Chen,Day
2024-11-05 21:06:00,L8,PM,0.0,9579,8458,Ben,Night
2024-08-28 10:17:00,L9,Breakdown,0.0,8414,7292,Chen,Day
2024-02-04 01:31:00,L8,PM,0.0,8098,7970,Evan,Night
2024-10-18 07:40:00,T1,No issue,0.0,9470,8918,Chen,Day
2024-12-05 00:29:00,P1,No issue,0.0,3004,2778,Asha,Day
2024-01-24 13:49:00,T2,No issue,0.0,3182,2710,Asha,Night
2024-03-26 16:31:00,T2,No issue,0.0,6304,5420,Asha,Day
2024-04-02 00:03:00,T1,No issue,0.0,9945,9464,Diya,Day
2024-07-05 22:12:00,P1,No issue,0.0,10942,9997,Chen,Night
2024-05-15 19:51:00,L8,No issue,0.0,999,989,Evan,Night
2024-01-23 00:29:00,L8,No issue,0.0,11979,10231,Chen,Night
2024-10-08 18:12:00,P1,No issue,0.0,11078,9733,Chen,Night
2024-04-15 21:28:00,T2,Breakdown,1.0,2269,2078,Unknown,Day
2024-12-19 13:45:00,L8,Breakdown,1.0,3109,2825,Asha,Day
2024-11-28 23:45:00,L8,Breakdown,0.0,4677,4235,Evan,Day
2024-11-11 04:47:00,T2,No issue,0.0,5216,5199,Chen,Day
2024-06-23 02:59:00,L8,PM,1.0,5149,5071,Ben,Night
2024-07-22 18:13:00,T1,Breakdown,4.0,5634,5131,Chen,Day
2024-01-24 17:23:00,L8,Changeover,0.0,6446,6062,Ben,Night
2024-06-24 16:03:00,L8,PM,0.0,4944,4895,Diya,Night
2024-12-29 21:04:00,L8,No issue,0.0,3021,2699,Diya,Day
2024-02-15 10:55:00,P1,Changeover,0.0,5020,4468,Asha,Night
2024-04-27 16:34:00,T1,Quality stop,0.0,10159,9765,Chen,Day
2024-04-24 15:55:00,T1,Quality stop,1.0,6109,5990,Evan,Day
2024-03-31 21:33:00,P1,No issue,0.0,4309,3820,Diya,Day
2024-10-20 11:35:00,L9,Breakdown,0.0,4941,4650,Asha,Day
2024-09-21 23:30:00,T2,Changeover,0.0,3552,3502,Ben,Night
2024-02-23 13:21:00,T2,No issue,0.0,11383,11042,Asha,Day
2024-06-19 09:18:00,T1,No issue,0.0,4375,3837,Ben,Night
2024-08-03 19:08:00,L8,No issue,0.0,2383,2056,Diya,Day
2024-07-16 12:50:00,P1,No issue,0.0,6932,6431,Diya,Day
2024-10-15 13:46:00,L9,Breakdown,1.0,10315,9104,Evan,Night
2024-08-12 20:16:00,T2,No issue,0.0,7640,6500,Chen,Night
2024-02-22 04:32:00,T1,No issue,0.0,8280,7957,Evan,Day
2024-06-22 07:54:00,T2,Breakdown,0.0,11181,9628,Asha,Night
2024-04-15 09:20:00,P1,No issue,0.0,5611,5105,Chen,Day
2024-05-30 04:44:00,L8,PM,1.0,7245,7237,Asha,Night
2024-10-02 20:51:00,L9,PM,2.0,10896,10615,Evan,Night
2024-11-20 13:32:00,T2,No issue,0.0,2931,2768,Evan,Night
2024-05-17 12:50:00,T1,No issue,0.0,7766,6930,Chen,Night
2024-02-29 10:23:00,T2,No issue,0.0,10206,10011,Ben,Day
2024-02-21 18:30:00,L9,PM,1.0,10509,9785,Diya,Day
2024-05-07 18:34:00,P1,Breakdown,0.0,1926,1712,Unknown,Day
2024-09-01 06:10:00,P1,Quality stop,1.0,9642,8725,Chen,Day
2024-03-08 00:15:00,T2,No issue,0.0,7410,6469,Evan,Day
2024-10-21 23:26:00,T2,Quality stop,0.0,7349,6832,Ben,Day
2024-04-02 10:54:00,T1,Breakdown,1.0,8745,8044,Evan,Day
2024-09-11 15:07:00,T2,No issue,0.0,3173,2869,Diya,Night
2024-01-06 10:48:00,T2,PM,1.0,10004,8532,Ben,Day
2024-01-09 12:17:00,L8,No issue,0.0,183,156,Chen,Night
2024-03-17 18:07:00,P1,PM,0.0,10300,9780,Ben,Day
2024-03-03 23:51:00,T2,Quality stop,4.0,3172,2815,Chen,Night
2024-08-13 13:45:00,T1,No issue,0.0,4541,4430,Diya,Day
2024-06-04 22:29:00,T1,Breakdown,2.0,892,814,Chen,Night
2024-01-15 18:02:00,T1,No issue,0.0,3809,3538,Evan,Night
2024-09-02 12:40:00,P1,Quality stop,1.0,5068,5007,Evan,Night
2024-04-27 14:03:00,L9,PM,1.0,5450,4857,Ben,Night
2024-12-13 08:21:00,L9,Changeover,1.0,5987,5594,Asha,Night
2024-10-21 05:53:00,T1,No issue,0.0,1783,1666,Unknown,Day
2024-02-08 19:06:00,P1,Quality stop,4.0,9755,9347,Ben,Day
2024-02-21 03:40:00,T2,PM,0.0,375,352,Chen,Night
2024-07-09 01:18:00,P1,Changeover,0.0,11125,10889,Chen,Day
2024-09-07 18:46:00,T1,No issue,0.0,1308,1308,Evan,Night
2024-03-02 07:57:00,L8,PM,0.0,10234,9110,Evan,Day
2024-09-25 23:01:00,T1,Breakdown,0.0,3857,3412,Chen,Night
2024-09-21 19:13:00,T1,No issue,0.0,2576,2551,Asha,Night
2024-08-12 07:58:00,T1,Breakdown,0.0,11712,11469,Diya,Day
2024-11-22 22:04:00,L8,No issue,0.0,457,441,Unknown,Night
2024-01-24 10:14:00,P1,No issue,0.0,8982,8919,Ben,Night
2024-08-08 01:05:00,T1,Breakdown,1.0,2665,2435,Evan,Night
2024-06-25 00:58:00,T2,Quality stop,1.0,11540,10475,Evan,Night
2024-12-30 10:15:00,L8,No issue,0.0,4112,3976,Evan,Night
2024-08-27 05:37:00,P1,No issue,0.0,10120,9884,Asha,Day
2024-07-07 15:42:00,L9,No issue,0.0,9986,9657,Chen,Day
2024-11-16 10:14:00,P1,Breakdown,0.0,7176,7134,Evan,Day
2024-09-18 09:01:00,T1,Breakdown,1.0,7533,6811,Chen,Day
2024-03-01 14:40:00,T2,No issue,0.0,417,378,Chen,Night
2024-07-19 20:53:00,L8,Breakdown,1.0,11228,10147,Evan,Day
2024-11-14 03:18:00,T2,PM,0.0,228,224,Diya,Day
2024-09-27 03:45:00,L8,No issue,0.0,9451,8565,Chen,Day
2024-09-07 14:34:00,T2,No issue,0.0,672,608,Ben,Day
2024-02-08 12:25:00,L8,Breakdown,0.0,787,722,Asha,Night
2024-06-08 02:26:00,P1,No issue,0.0,5007,4597,Evan,Day
2024-10-09 18:48:00,T2,Quality stop,0.0,7352,6692,Chen,Night
2024-01-13 02:14:00,T2,No issue,0.0,5960,5766,Asha,Day
2024-11-23 09:44:00,T2,Quality stop,1.0,2970,2724,Asha,Day
2024-04-27 04:01:00,L8,No issue,0.0,1663,1416,Asha,Night
2024-03-19 11:35:00,L8,Breakdown,0.0,1058,1021,Asha,Day
2024-05-11 15:10:00,L8,PM,0.0,2195,2142,Diya,Day
2024-05-13 13:55:00,L8,PM,1.0,2906,2777,Asha,Day
2024-06-17 16:01:00,L9,PM,1.0,187,163,Ben,Day
2024-06-10 23:49:00,L8,Breakdown,0.0,5937,5901,Evan,Day
2024-10-14 20:17:00,L9,Breakdown,0.0,5842,5149,Unknown,Day
2024-03-12 18:17:00,T2,No issue,0.0,4501,4462,Chen,Night
2024-10-03 14:37:00,L8,Changeover,0.0,3058,2700,Asha,Night
2024-04-29 01:33:00,P1,No issue,0.0,7683,7386,Diya,Day
2024-07-08 01:18:00,L9,Breakdown,0.0,508,442,Evan,Day
2024-09-13 04:28:00,T1,Quality stop,0.0,7687,7055,Diya,Day
2024-11-20 10:17:00,L8,Quality stop,1.0,3044,2595,Evan,Night
2024-11-20 21:50:00,L8,No issue,0.0,3563,3428,Asha,Day
2024-02-03 16:00:00,L8,Quality stop,1.0,5034,4644,Ben,Day
2024-07-27 22:24:00,T2,No issue,0.0,8857,8694,Evan,Day
2024-09-23 08:13:00,T1,Breakdown,1.0,5948,5369,Asha,Night
2024-11-16 16:14:00,T2,Quality stop,0.0,8243,7520,Ben,Day
2024-11-11 09:41:00,T1,Breakdown,0.0,9745,9069,Diya,Day
2024-06-02 17:12:00,P1,No issue,0.0,7826,7810,Diya,Night
2024-01-06 16:00:00,L9,No issue,0.0,2153,2036,Chen,Day
2024-04-04 10:36:00,P1,No issue,0.0,9975,8701,Asha,Day
2024-02-08 18:25:00,L8,No issue,0.0,4238,3642,Ben,Night
2024-06-24 16:57:00,T2,No issue,0.0,1141,1065,Evan,Night
2024-07-29 22:03:00,P1,No issue,0.0,2153,2020,Evan,Day
2024-08-21 14:48:00,L9,No issue,0.0,11857,11015,Chen,Day
2024-01-03 16:10:00,P1,No issue,0.0,9984,9165,Unknown,Day
2024-08-16 17:26:00,P1,Breakdown,0.0,9434,8937,Evan,Night
2024-06-16 11:24:00,T1,No issue,0.0,1212,1117,Diya,Day
2024-07-28 08:18:00,L8,No issue,0.0,833,760,Unknown,Day
2024-10-22 00:48:00,L9,Breakdown,3.0,10037,9831,Chen,Night
2024-07-20 09:40:00,L9,Quality stop,0.0,8423,7377,Chen,Day
2024-12-11 10:42:00,L9,Quality stop,0.0,4543,4220,Chen,Night
2024-03-25 23:10:00,T2,Breakdown,1.0,9138,8332,Asha,Day
2024-05-28 23:06:00,T2,No issue,0.0,4476,4193,Ben,Day
2024-12-29 16:55:00,L8,No issue,0.0,8362,7125,Unknown,Night
2024-06-16 14:25:00,L8,Breakdown,1.0,3197,2868,Ben,Day
2024-12-28 15:25:00,T1,PM,0.0,4678,4303,Evan,Day
2024-07-30 07:55:00,P1,No issue,0.0,3166,3150,Evan,Day
2024-03-09 14:29:00,T1,Changeover,0.0,1553,1465,Asha,Day
2024-04-27 10:32:00,T2,No issue,0.0,6569,6180,Chen,Day
2024-05-24 12:10:00,L9,Quality stop,2.0,9717,8976,Ben,Night
2024-04-04 04:20:00,T2,PM,2.0,289,266,Evan,Night
2024-08-02 18:50:00,L8,Quality stop,2.0,8351,8074,Chen,Night
2024-10-07 16:14:00,L9,No issue,0.0,7247,6459,Chen,Day
2024-10-12 16:20:00,L8,No issue,0.0,3489,3007,Evan,Day
2024-05-19 10:10:00,T2,No issue,0.0,7926,6817,Chen,Day
2024-03-10 20:00:00,T2,PM,3.0,1418,1299,Evan,Night
2024-03-27 23:20:00,T1,PM,1.0,6847,6470,Ben,Night
2024-09-13 00:21:00,L8,No issue,0.0,1415,1371,Evan,Day
2024-06-06 22:18:00,L8,No issue,0.0,10985,9376,Ben,Night
2024-01-16 08:14:00,L8,PM,1.0,4723,4622,Chen,Day
2024-06-01 23:48:00,L8,Changeover,0.0,1174,1073,Asha,Night
2024-06-25 13:34:00,T1,Breakdown,2.0,7530,7379,Diya,Day
2024-11-22 23:21:00,P1,Quality stop,0.0,5406,4821,Evan,Day
2024-03-10 06:35:00,T1,No issue,0.0,2577,2367,Diya,Day
2024-12-08 08:02:00,T2,No issue,0.0,11476,9915,Ben,Night
2024-05-04 16:52:00,P1,No issue,0.0,7941,6964,Asha,Day
2024-03-21 17:02:00,T2,Quality stop,1.0,8966,8195,Chen,Night
2024-02-25 11:08:00,T2,Changeover,1.0,1951,1919,Chen,Day
2024-11-06 16:45:00,T1,Quality stop,2.0,7609,7268,Evan,Day
2024-06-29 16:54:00,T1,Quality stop,2.0,11795,10392,Ben,Day
2024-02-18 15:37:00,T1,Changeover,0.0,7049,6775,Diya,Day
2024-09-27 06:49:00,P1,No issue,0.0,3450,3442,Asha,Day
2024-07-09 10:09:00,P1,No issue,0.0,3879,3494,Ben,Day
2024-11-09 12:36:00,L9,Quality stop,0.0,3305,3158,Diya,Day
2024-01-23 16:34:00,L9,Breakdown,0.0,4411,4196,Evan,Day
2024-05-03 05:12:00,L8,Breakdown,1.0,2295,2057,Asha,Day
2024-12-30 02:34:00,P1,Breakdown,4.0,2616,2603,Evan,Day
2024-08-15 02:06:00,L9,No issue,0.0,11529,10460,Asha,Night
2024-12-12 21:30:00,L9,No issue,0.0,8446,7705,Ben,Day
2024-10-28 23:50:00,T2,Breakdown,0.0,5478,4777,Asha,Night
2024-02-06 23:27:00,L9,Changeover,0.0,389,365,Diya,Night
2024-01-11 02:33:00,L8,No issue,0.0,8507,7897,Chen,Night
2024-09-26 05:58:00,T1,Changeover,2.0,10686,9608,Diya,Day
2024-03-26 08:50:00,L9,PM,0.0,4843,4618,Diya,Day
2024-12-06 06:22:00,T1,No issue,0.0,9888,9127,Chen,Night
2024-05-06 14:31:00,L9,No issue,0.0,8533,8140,Chen,Night
2024-11-14 11:56:00,T2,Breakdown,0.0,6926,6273,Chen,Day
2024-04-25 02:45:00,T1,Breakdown,0.0,7089,6567,Diya,Day
2024-07-26 04:19:00,P1,Changeover,1.0,5191,4736,Chen,Day
2024-03-26 15:38:00,L8,PM,0.0,1917,1789,Unknown,Night
2024-10-20 06:27:00,L9,No issue,0.0,2047,1787,Chen,Night
2024-11-29 15:14:00,P1,Quality stop,0.0,30,26,Chen,Night
2024-12-12 03:08:00,T2,Changeover,1.0,10687,10428,Ben,Day
2024-07-29 21:52:00,T2,No issue,0.0,8096,7399,Asha,Day
2024-08-04 21:01:00,T1,Breakdown,0.0,2677,2631,Evan,Night
2024-03-04 10:59:00,P1,No issue,0.0,799,706,Diya,Day
2024-10-29 04:05:00,P1,Breakdown,1.0,1927,1922,Ben,Night
2024-01-07 09:37:00,T1,Breakdown,1.0,3904,3805,Diya,Day
2024-07-24 22:25:00,P1,Breakdown,0.0,7588,6852,Diya,Day
2024-10-25 15:28:00,P1,PM,2.0,9539,8899,Chen,Night
2024-11-23 07:01:00,T2,No issue,0.0,263,238,Chen,Day
2024-11-03 22:03:00,T1,No issue,0.0,24,23,Chen,Day
2024-01-12 02:23:00,L9,No issue,0.0,3102,2654,Ben,Day
2024-07-15 07:58:00,T1,No issue,0.0,2618,2390,Evan,Night
2024-04-24 10:42:00,L9,Quality stop,0.0,9912,8651,Ben,Night
2024-07-06 23:08:00,T1,No issue,0.0,1194,1034,Chen,Day
2024-07-31 03:54:00,T2,Quality stop,1.0,8580,8502,Evan,Night
2024-01-28 01:35:00,P1,Changeover,2.0,3415,3315,Unknown,Night
2024-09-16 07:49:00,T1,No issue,0.0,6319,5407,Evan,Night
2024-11-30 00:56:00,L9,Changeover,2.0,4287,4084,Chen,Night
2024-04-03 20:32:00,P1,Breakdown,0.0,4331,4125,Chen,Day
2024-08-16 07:54:00,P1,PM,0.0,6666,5742,Diya,Day
2024-01-08 18:14:00,L9,No issue,0.0,10086,9174,Chen,Day
2024-11-06 03:51:00,L8,Breakdown,3.0,4714,4060,Asha,Night
2024-07-21 20:56:00,L9,No issue,0.0,1387,1294,Diya,Night
2024-05-04 14:12:00,P1,Changeover,1.0,4745,4327,Evan,Day
2024-10-16 01:28:00,L8,PM,2.0,9793,8560,Asha,Night
2024-12-05 13:49:00,T1,Breakdown,1.0,7953,7394,Chen,Night
2024-09-03 05:52:00,P1,PM,0.0,831,717,Asha,Night
2024-03-18 10:27:00,L9,Quality stop,0.0,2793,2660,Evan,Night
2024-02-14 00:08:00,T1,Breakdown,1.0,11074,10241,Chen,Day
2024-08-23 19:03:00,P1,Breakdown,1.0,9056,7817,Asha,Day
2024-01-14 07:39:00,P1,Breakdown,2.0,8256,7288,Asha,Night
2024-01-29 22:33:00,L8,Breakdown,0.0,7069,6904,Diya,Day
2024-03-13 03:19:00,T2,Changeover,0.0,8961,8332,Ben,Day
2024-12-03 16:06:00,P1,No issue,0.0,5350,5129,Asha,Night
2024-08-21 01:36:00,P1,Breakdown,0.0,8797,7491,Unknown,Night
2024-09-15 14:53:00,L9,No issue,0.0,2346,2040,Chen,Night
2024-05-13 04:19:00,L8,No issue,0.0,1746,1537,Evan,Night
2024-09-19 20:13:00,T1,No issue,0.0,6567,5884,Ben,Night
2024-09-04 06:15:00,L9,No issue,0.0,2046,1961,Asha,Day
2024-04-08 19:01:00,L8,Breakdown,2.0,5955,5619,Diya,Day
2024-01-22 08:56:00,T2,Breakdown,0.0,3480,3153,Diya,Night
2024-10-20 12:00:00,T2,Breakdown,3.0,4419,4073,Diya,Day
2024-12-11 12:36:00,T1,Changeover,1.0,10837,10449,Diya,Night
2024-04-04 07:47:00,L9,No issue,0.0,557,545,Diya,Day
2024-11-08 22:10:00,T1,PM,1.0,967,912,Ben,Day
2024-05-10 05:01:00,L8,Quality stop,0.0,3243,2961,Chen,Day
2024-06-11 07:26:00,P1,PM,1.0,10677,10523,Evan,Day
2024-09-17 03:39:00,L8,No issue,0.0,1843,1639,Diya,Day
2024-10-16 02:14:00,T2,No issue,0.0,1108,951,Chen,Day
2024-06-21 12:19:00,L9,No issue,0.0,229,217,Evan,Day
2024-02-11 14:34:00,T2,Quality stop,1.0,1981,1970,Chen,Day
2024-11-28 01:14:00,P1,Quality stop,1.0,1177,1082,Chen,Day
2024-03-19 04:20:00,T1,No issue,0.0,10519,9144,Chen,Day
2024-04-09 17:10:00,T2,Breakdown,0.0,11857,10421,Chen,Day
2024-11-11 07:48:00,T2,PM,1.0,815,714,Evan,Day
2024-05-08 13:37:00,T1,Changeover,1.0,10907,10151,Asha,Day
2024-03-28 00:42:00,T2,Breakdown,0.0,208,195,Chen,Day
2024-08-28 01:38:00,P1,PM,0.0,11653,10876,Diya,Day
2024-03-22 09:41:00,L9,Quality stop,3.0,1592,1582,Asha,Day
2024-06-08 16:34:00,L8,PM,3.0,9312,7943,Chen,Day
2024-06-08 04:22:00,T1,No issue,0.0,9350,8065,Asha,Night
2024-10-15 09:48:00,T1,PM,1.0,11610,11048,Chen,Day
2024-07-29 22:09:00,L8,Breakdown,0.0,2582,2284,Evan,Day
2024-11-20 03:20:00,P1,Breakdown,0.0,7770,7657,Ben,Day
2024-04-24 12:57:00,T2,No issue,0.0,11305,9631,Asha,Night
2024-04-02 01:03:00,T2,Breakdown,1.0,2503,2202,Chen,Night
2024-09-10 04:07:00,T1,Changeover,1.0,9625,9000,Chen,Day
2024-04-21 00:30:00,P1,Breakdown,1.0,6156,5579,Chen,Night
2024-04-23 04:36:00,L9,Breakdown,0.0,9863,8792,Diya,Night
2024-09-07 18:09:00,P1,Breakdown,4.0,6455,6369,Evan,Night
2024-12-19 01:12:00,L8,No issue,0.0,5589,5364,Asha,Day
2024-03-07 11:15:00,L9,PM,0.0,11838,10575,Ben,Day
2024-01-31 15:41:00,P1,No issue,0.0,3954,3549,Evan,Day
2024-04-22 18:10:00,P1,Quality stop,0.0,3772,3740,Chen,Night
2024-03-17 00:45:00,T2,No issue,0.0,6795,6758,Chen,Night
2024-12-02 04:01:00,P1,No issue,0.0,10696,10118,Ben,Night
2024-01-11 17:42:00,P1,No issue,0.0,7655,7317,Diya,Night
2024-07-03 19:09:00,P1,Breakdown,0.0,692,642,Evan,Day
2024-03-04 22:16:00,T1,Breakdown,0.0,9729,8977,Diya,Day
2024-01-29 20:17:00,T1,No issue,0.0,8436,8327,Diya,Night
2024-02-16 22:42:00,T2,Breakdown,0.0,9951,8493,Asha,Day
2024-10-17 06:06:00,P1,Changeover,1.0,5015,4461,Asha,Night
2024-11-07 22:28:00,L9,Breakdown,1.0,10732,9534,Asha,Night
2024-11-29 08:37:00,P1,No issue,0.0,4448,4076,Diya,Night
2024-05-14 01:40:00,L8,PM,0.0,8308,8176,Chen,Day
2024-02-11 17:19:00,L9,No issue,0.0,7427,6631,Asha,Night
2024-09-28 18:01:00,L9,PM,0.0,7043,6916,Ben,Day
2024-08-06 07:39:00,L8,No issue,0.0,2748,2578,Unknown,Night
2024-09-02 11:34:00,L8,No issue,0.0,6602,5962,Diya,Night
2024-03-04 07:23:00,T1,No issue,0.0,2419,2241,Unknown,Day
2024-01-29 22:00:00,T1,No issue,0.0,10278,8870,Evan,Night
2024-09-19 13:46:00,T1,No issue,0.0,1870,1612,Diya,Day
2024-01-02 22:33:00,T1,No issue,0.0,250,243,Evan,Day
2024-03-18 06:52:00,L9,No issue,0.0,8767,7648,Diya,Night
2024-03-10 05:40:00,L8,Breakdown,1.0,3549,3170,Diya,Day
2024-11-05 05:52:00,L8,PM,1.0,11940,11523,Asha,Day
2024-05-10 16:10:00,P1,Quality stop,1.0,2159,1900,Chen,Night
2024-03-03 11:55:00,T2,Breakdown,0.0,3442,2980,Ben,Night
2024-11-23 04:07:00,T2,Breakdown,2.0,1187,1113,Asha,Night
2024-06-11 21:04:00,T1,Changeover,1.0,7525,6920,Evan,Night
2024-01-04 12:58:00,T2,Changeover,1.0,25,21,Asha,Day
2024-07-16 05:45:00,T2,PM,2.0,196,183,Chen,Night
2024-06-03 01:57:00,P1,PM,0.0,1322,1273,Evan,Night
2024-06-19 13:45:00,L8,Breakdown,0.0,2504,2484,Asha,Day
2024-12-01 04:07:00,T1,Breakdown,1.0,3503,3048,Chen,Day
2024-09-30 05:49:00,L9,No issue,0.0,3503,3425,Evan,Day
2024-10-09 06:51:00,P1,Breakdown,0.0,771,716,Chen,Day
2024-07-12 08:39:00,L8,Breakdown,0.0,1391,1320,Chen,Day
2024-07-30 15:06:00,P1,Breakdown,3.0,364,357,Chen,Day
2024-09-08 04:23:00,L8,Breakdown,1.0,2296,2098,Asha,Day
2024-09-15 22:14:00,L9,Breakdown,0.0,616,592,Diya,Night
2024-02-10 09:34:00,L9,Breakdown,4.0,11338,10825,Chen,Day
2024-10-07 13:15:00,T2,No issue,0.0,10031,9284,Diya,Night
2024-06-01 13:01:00,T1,No issue,0.0,9990,9453,Diya,Day
2024-08-20 01:22:00,L8,Breakdown,4.0,7903,6760,Unknown,Night
2024-11-16 19:16:00,L9,Breakdown,0.0,7122,6717,Evan,Night
2024-10-05 05:30:00,T1,No issue,0.0,7579,7157,Chen,Night
2024-11-29 21:33:00,L8,PM,0.0,8526,7403,Ben,Day
2024-04-03 13:15:00,L9,No issue,0.0,843,822,Diya,Day
2024-03-31 05:29:00,T1,No issue,0.0,7151,7128,Asha,Day
2024-09-12 09:10:00,P1,Breakdown,1.0,5851,5647,Unknown,Day
2024-07-06 08:23:00,P1,No issue,0.0,6066,6042,Chen,Day
2024-01-08 18:51:00,T1,Changeover,3.0,3262,2796,Evan,Day
2024-05-11 06:20:00,T2,Quality stop,4.0,9982,9491,Evan,Day
2024-05-11 05:20:00,T2,Breakdown,0.0,8431,8358,Ben,Day
2024-01-04 15:43:00,T1,No issue,0.0,2295,2288,Evan,Day
2024-09-16 12:54:00,T2,PM,1.0,1502,1423,Asha,Day
2024-03-05 13:27:00,L8,Changeover,0.0,1291,1134,Ben,Day
2024-06-14 23:54:00,P1,Breakdown,0.0,7939,7728,Diya,Night
2024-12-11 09:38:00,T2,Changeover,1.0,11393,11269,Chen,Day
2024-01-01 02:10:00,T1,No issue,0.0,8926,7955,Ben,Night
2024-12-27 16:43:00,P1,Breakdown,1.0,2511,2177,Diya,Night
2024-07-07 10:50:00,P1,Breakdown,1.0,5011,4846,Diya,Night
2024-03-14 02:28:00,L9,No issue,0.0,3161,2971,Evan,Day
2024-01-31 01:40:00,T2,Breakdown,1.0,6425,5931,Chen,Day
2024-07-16 14:13:00,P1,Changeover,1.0,9409,8851,Chen,Night
2024-02-17 17:23:00,T1,No issue,0.0,1632,1528,Asha,Night
2024-07-21 08:24:00,P1,Breakdown,0.0,11338,10145,Asha,Day
2024-05-13 18:46:00,T1,Breakdown,0.0,5803,4942,Chen,Day
2024-09-27 13:37:00,L8,Breakdown,4.0,8345,7756,Diya,Day
2024-11-03 23:26:00,L8,Changeover,0.0,7842,7272,Diya,Night
2024-10-17 12:08:00,L9,Changeover,0.0,9654,9277,Chen,Day
2024-09-22 20:44:00,T2,PM,2.0,9631,8223,Diya,Day
2024-07-31 06:24:00,L9,Breakdown,3.0,439,431,Chen,Night
2024-11-02 08:24:00,L9,No issue,0.0,1422,1396,Ben,Night
2024-01-24 13:45:00,L8,Breakdown,1.0,10925,9862,Chen,Night
2024-11-06 14:03:00,P1,No issue,0.0,1418,1319,Chen,Night
2024-02-03 21:06:00,T2,Breakdown,3.0,521,516,Chen,Day
2024-05-31 10:38:00,L9,No issue,0.0,5950,5563,Asha,Day
2024-11-30 13:14:00,L9,No issue,0.0,726,623,Diya,Night
2024-03-16 00:48:00,P1,PM,4.0,11233,11064,Asha,Day
2024-08-19 17:12:00,L9,Breakdown,0.0,2819,2546,Diya,Day
2024-08-11 18:11:00,P1,No issue,0.0,1853,1649,Evan,Day
2024-02-20 21:26:00,T2,PM,1.0,6853,6162,Ben,Night
2024-06-02 03:30:00,T2,PM,0.0,1542,1468,Ben,Night
2024-11-06 03:19:00,T1,No issue,0.0,4263,3672,Unknown,Night
2024-01-28 08:13:00,P1,No issue,0.0,7091,6562,Unknown,Day
2024-12-10 07:30:00,P1,Breakdown,0.0,11695,10888,Ben,Day
2024-12-20 23:40:00,L9,PM,2.0,3460,2955,Asha,Day
2024-01-30 12:58:00,T1,No issue,0.0,515,484,Ben,Night
2024-07-04 23:46:00,L8,Quality stop,1.0,3724,3364,Chen,Day
2024-04-16 08:40:00,T2,No issue,0.0,722,633,Diya,Day
2024-10-25 17:16:00,T2,No issue,0.0,540,538,Asha,Day
2024-04-08 10:22:00,P1,PM,0.0,3766,3456,Evan,Day
2024-11-17 11:12:00,T1,Changeover,1.0,2676,2290,Ben,Day
2024-12-27 20:16:00,L9,No issue,0.0,2564,2485,Evan,Day
2024-04-13 04:23:00,P1,No issue,0.0,1197,1035,Ben,Day
2024-07-11 20:34:00,T1,Quality stop,0.0,9497,8559,Diya,Night
2024-09-25 05:17:00,T2,Breakdown,0.0,831,777,Diya,Day
2024-08-11 05:08:00,L8,No issue,0.0,2853,2602,Chen,Day
2024-03-28 22:54:00,L9,PM,1.0,10171,8907,Diya,Night
2024-12-05 08:11:00,P1,PM,1.0,10649,9681,Evan,Night
2024-02-10 08:32:00,T2,Breakdown,1.0,9766,8327,Diya,Day
2024-01-24 16:42:00,T2,No issue,0.0,8140,8059,Asha,Night
2024-10-24 20:34:00,T1,Breakdown,3.0,426,378,Chen,Night
2024-07-20 22:34:00,P1,Quality stop,1.0,9135,8776,Asha,Day
2024-12-05 03:40:00,T2,No issue,0.0,6754,6309,Unknown,Day
2024-05-03 21:02:00,L8,Quality stop,1.0,5203,4526,Evan,Night
2024-05-24 07:59:00,P1,Breakdown,2.0,3814,3685,Evan,Day
2024-01-03 14:44:00,T1,Quality stop,0.0,2764,2494,Ben,Night
2024-07-06 14:26:00,L9,PM,1.0,9796,8930,Evan,Night
2024-07-13 12:07:00,L9,PM,0.0,412,359,Evan,Day
2024-02-07 18:41:00,P1,Changeover,1.0,5974,5293,Diya,Night
2024-08-10 23:58:00,T2,PM,0.0,5433,5145,Diya,Day
2024-12-21 13:20:00,L9,No issue,0.0,1399,1221,Asha,Night
2024-02-17 22:37:00,P1,PM,0.0,4837,4814,Chen,Day
2024-07-02 00:05:00,L8,Breakdown,1.0,11024,10382,Evan,Day
2024-08-05 23:06:00,L8,Quality stop,1.0,2700,2416,Ben,Day
2024-04-19 23:50:00,L9,No issue,0.0,1421,1400,Diya,Night
2024-02-29 16:38:00,P1,Breakdown,1.0,4342,3868,Chen,Night
2024-02-20 12:50:00,T1,Quality stop,0.0,1653,1632,Diya,Night
2024-09-03 02:21:00,L8,Quality stop,2.0,8953,8317,Asha,Day
2024-07-14 04:45:00,T1,No issue,0.0,5230,5058,Evan,Day
2024-12-16 15:05:00,L9,No issue,0.0,9514,8957,Ben,Night
2024-12-08 19:38:00,P1,No issue,0.0,10771,9680,Evan,Night
2024-05-09 13:24:00,P1,No issue,0.0,3652,3493,Diya,Night
2024-08-07 17:06:00,T2,PM,2.0,6109,5632,Ben,Night
2024-03-02 09:23:00,T2,No issue,0.0,5242,4846,Diya,Night
2024-06-07 04:31:00,T2,Quality stop,4.0,4697,4221,Chen,Day
2024-10-19 03:32:00,T2,Breakdown,1.0,3845,3803,Asha,Night
2024-06-13 19:21:00,L8,No issue,0.0,3056,2976,Diya,Night
2024-02-13 14:17:00,L9,Breakdown,1.0,8773,7872,Unknown,Night
2024-05-31 11:19:00,T1,No issue,0.0,5706,4857,Ben,Day
2024-09-03 09:22:00,T1,Breakdown,0.0,7533,7161,Chen,Day
2024-08-26 14:22:00,P1,Quality stop,0.0,7651,6912,Diya,Night
2024-11-10 12:15:00,P1,Changeover,0.0,11122,10361,Asha,Day
2024-07-06 10:59:00,T1,No issue,0.0,11024,9506,Chen,Day
2024-01-19 05:08:00,L9,Quality stop,1.0,6775,6264,Diya,Day
2024-08-07 01:19:00,L8,Changeover,1.0,4229,3892,Chen,Day
2024-03-13 00:25:00,T1,PM,0.0,988,972,Evan,Day
2024-05-30 08:37:00,T1,No issue,0.0,6180,5609,Chen,Day
2024-02-24 09:01:00,T2,PM,4.0,10566,9475,Diya,Day
2024-04-13 03:05:00,P1,PM,0.0,11680,11329,Chen,Day
2024-03-11 04:30:00,L9,Breakdown,0.0,4205,4152,Asha,Day
2024-05-17 19:09:00,L8,PM,1.0,6751,6019,Chen,Night
2024-03-14 16:58:00,L9,Breakdown,1.0,9696,8883,Ben,Day
2024-05-08 05:48:00,T1,PM,1.0,1357,1170,Ben,Day
2024-05-12 16:47:00,L8,No issue,0.0,212,203,Evan,Night
2024-01-20 19:43:00,L8,No issue,0.0,4471,3808,Ben,Day
2024-08-08 13:05:00,T2,No issue,0.0,2383,2223,Unknown,Night
2024-09-11 13:00:00,L9,No issue,0.0,5379,5317,Asha,Night
2024-07-04 23:05:00,L8,Quality stop,1.0,9173,9033,Asha,Day
2024-02-24 17:47:00,L8,No issue,0.0,9271,9225,Chen,Day
2024-02-18 17:44:00,T2,No issue,0.0,3982,3506,Chen,Night
2024-12-03 09:09:00,P1,No issue,0.0,3314,3026,Chen,Day
2024-03-13 12:13:00,P1,Breakdown,2.0,678,634,Evan,Day
2024-01-06 22:06:00,L8,Changeover,0.0,9191,8376,Diya,Day
2024-02-09 03:08:00,L8,Breakdown,2.0,4841,4259,Evan,Night
2024-12-24 13:09:00,P1,PM,1.0,200,195,Ben,Day
2024-10-15 14:44:00,P1,Breakdown,3.0,5996,5739,Unknown,Night
2024-08-24 21:55:00,T2,Quality stop,0.0,4531,4115,Unknown,Day
2024-02-15 02:07:00,T1,Quality stop,0.0,11436,9731,Diya,Day
2024-02-16 13:58:00,P1,Quality stop,0.0,1141,1072,Diya,Night
2024-10-06 05:13:00,T1,Breakdown,2.0,9667,9296,Asha,Day
2024-07-27 05:51:00,L9,No issue,0.0,2045,1992,Diya,Night
2024-10-29 10:04:00,P1,No issue,0.0,7787,6791,Asha,Night
2024-03-12 04:05:00,L8,No issue,0.0,6820,6809,Diya,Day
2024-12-25 21:46:00,T1,No issue,0.0,1069,973,Diya,Day
2024-08-09 05:02:00,P1,Breakdown,1.0,11208,9922,Ben,Day
2024-01-13 23:24:00,L8,Quality stop,0.0,6609,6429,Asha,Night
2024-08-23 12:43:00,L8,PM,0.0,4712,4561,Diya,Day
2024-06-03 09:06:00,L9,No issue,0.0,11798,10266,Diya,Day
2024-12-26 04:30:00,P1,No issue,0.0,1966,1820,Diya,Day
2024-02-12 15:46:00,L9,No issue,0.0,4996,4521,Asha,Day
2024-12-07 22:29:00,T2,Quality stop,2.0,2721,2417,Chen,Day
2024-04-24 22:31:00,L9,Quality stop,0.0,6596,6553,Chen,Day
2024-07-10 11:11:00,P1,PM,0.0,9780,9311,Unknown,Day
2024-06-25 12:16:00,L9,Quality stop,4.0,2037,1916,Asha,Night
2024-02-26 02:56:00,T2,No issue,0.0,7573,7051,Asha,Day
2024-06-30 07:11:00,L8,Changeover,1.0,5314,5287,Diya,Day
2024-03-17 18:42:00,T1,No issue,0.0,6341,5868,Asha,Day
2024-12-13 02:59:00,L9,PM,4.0,6366,5582,Diya,Night
2024-01-25 19:16:00,L9,PM,0.0,3758,3254,Asha,Day
2024-11-30 05:59:00,T2,No issue,0.0,10169,9465,Ben,Day
2024-11-21 07:49:00,L9,Breakdown,2.0,2783,2426,Diya,Night
2024-07-13 01:21:00,L9,Breakdown,0.0,6161,6141,Asha,Day
2024-05-24 02:19:00,T1,No issue,0.0,11080,10942,Chen,Day
2024-05-11 02:29:00,T2,Changeover,0.0,5627,5351,Ben,Night
2024-09-30 10:22:00,L8,No issue,0.0,1321,1270,Ben,Day
2024-09-14 05:48:00,L9,Changeover,0.0,499,425,Ben,Night
2024-03-31 14:13:00,T2,No issue,0.0,7704,7393,Ben,Day
2024-10-11 13:40:00,P1,Changeover,0.0,5459,4978,Ben,Day
2024-03-27 15:26:00,P1,Changeover,4.0,10282,9063,Evan,Day
2024-06-26 13:31:00,T2,Breakdown,4.0,7884,7350,Chen,Day
2024-12-20 21:49:00,T1,Breakdown,3.0,1133,1079,Diya,Day
2024-05-06 02:43:00,T2,PM,0.0,10519,9355,Chen,Night
2024-02-24 11:49:00,T2,No issue,0.0,9551,9303,Evan,Day
2024-06-08 13:21:00,P1,PM,0.0,4932,4386,Chen,Night
2024-01-25 01:11:00,T2,Changeover,0.0,2094,2024,Asha,Day
2024-08-20 00:38:00,P1,Quality stop,2.0,3706,3211,Chen,Day
2024-04-24 10:08:00,P1,Breakdown,1.0,5930,5469,Chen,Day
2024-02-22 15:37:00,L8,Breakdown,0.0,10312,9319,Ben,Day
2024-01-20 01:28:00,T1,PM,0.0,3700,3305,Diya,Night
2024-09-08 19:48:00,P1,PM,0.0,4927,4250,Ben,Day
2024-12-03 06:03:00,L8,Changeover,0.0,11764,11154,Asha,Day
2024-10-29 07:47:00,L8,Breakdown,0.0,2725,2338,Asha,Night
2024-10-05 10:23:00,P1,No issue,0.0,3120,2658,Asha,Day
2024-06-01 14:42:00,L9,No issue,0.0,141,128,Chen,Day
2024-07-19 18:34:00,P1,Changeover,0.0,6228,6029,Asha,Day
2024-11-13 03:50:00,L8,Breakdown,1.0,780,774,Evan,Night
2024-01-09 10:08:00,P1,No issue,0.0,4280,4025,Chen,Day
2024-05-24 00:42:00,L8,No issue,0.0,3890,3637,Evan,Day
2024-01-09 15:25:00,L8,Breakdown,0.0,11556,9938,Chen,Night
2024-04-15 12:25:00,L9,Changeover,4.0,6704,5912,Chen,Day
2024-06-21 18:13:00,L8,No issue,0.0,612,578,Ben,Day
2024-12-29 21:17:00,T1,Breakdown,1.0,9431,8899,Asha,Day
2024-05-16 05:55:00,T2,No issue,0.0,7103,6609,Chen,Day
2024-05-28 19:11:00,T2,No issue,0.0,9648,9028,Chen,Day
2024-12-07 09:47:00,T2,Quality stop,1.0,1474,1450,Diya,Night
2024-09-20 16:17:00,L8,No issue,0.0,2764,2418,Asha,Day
2024-08-23 12:20:00,L9,No issue,0.0,11974,11081,Asha,Day
2024-02-23 08:05:00,P1,No issue,0.0,7866,7700,Ben,Day
2024-05-13 12:06:00,T2,No issue,0.0,4861,4424,Evan,Night
2024-02-07 12:35:00,T2,No issue,0.0,11681,11445,Evan,Night
2024-09-08 07:41:00,L9,No issue,0.0,11655,10276,Evan,Night
2024-02-24 18:24:00,T1,Changeover,3.0,7972,7456,Diya,Day
2024-04-03 15:05:00,L9,No issue,0.0,7099,6818,Chen,Day
2024-08-22 13:33:00,T2,PM,1.0,5182,4491,Asha,Night
2024-03-12 05:59:00,L9,No issue,0.0,10482,9505,Diya,Day
2024-10-18 13:23:00,P1,Breakdown,0.0,2214,2123,Chen,Day
2024-05-02 09:41:00,T2,No issue,0.0,11488,10263,Evan,Day
2024-05-08 01:51:00,T1,No issue,0.0,5810,5588,Evan,Night
2024-08-13 22:03:00,T1,Quality stop,0.0,10020,9715,Diya,Day
2024-04-11 00:06:00,T1,No issue,0.0,5581,4792,Ben,Night
2024-02-25 09:41:00,T2,PM,0.0,2812,2732,Ben,Night
2024-05-13 16:38:00,T2,Breakdown,0.0,7748,6957,Ben,Night
2024-04-27 23:22:00,L9,Breakdown,1.0,8973,8245,Diya,Day
2024-03-14 04:12:00,P1,No issue,0.0,5206,5025,Chen,Day
2024-04-10 17:17:00,T2,Quality stop,1.0,2939,2585,Evan,Day
2024-04-15 21:33:00,T2,PM,2.0,1662,1643,Diya,Day
2024-04-22 16:37:00,T1,Breakdown,1.0,3239,2988,Diya,Night
2024-06-08 07:52:00,T1,PM,1.0,7499,6515,Ben,Day
2024-02-19 20:50:00,L8,Breakdown,1.0,7596,7545,Asha,Night
2024-01-31 13:13:00,L8,No issue,0.0,7141,6330,Chen,Night
2024-08-24 04:34:00,T1,No issue,0.0,10609,9307,Diya,Day
2024-05-21 17:13:00,L8,No issue,0.0,9984,9811,Unknown,Night
2024-10-16 00:52:00,T2,PM,0.0,4045,4023,Diya,Night
2024-12-04 16:25:00,L8,Quality stop,0.0,1806,1690,Ben,Day
2024-04-24 09:27:00,T1,No issue,0.0,4182,4142,Ben,Day
2024-11-20 04:14:00,T2,Breakdown,1.0,11423,10995,Ben,Night
2024-01-12 09:35:00,T1,No issue,0.0,2979,2879,Asha,Day
2024-12-01 02:51:00,L9,PM,2.0,540,478,Diya,Night
2024-04-14 20:47:00,T1,No issue,0.0,9833,8969,Evan,Day
2024-09-18 01:19:00,T2,PM,1.0,479,436,Evan,Day
2024-01-20 23:28:00,P1,Changeover,2.0,3934,3396,Chen,Day
2024-04-02 11:23:00,T2,Changeover,0.0,8172,7745,Asha,Night
2024-07-06 00:50:00,T1,No issue,0.0,6710,6174,Chen,Day
2024-10-30 02:43:00,T2,No issue,0.0,10842,10300,Ben,Day
2024-08-09 06:48:00,T2,Breakdown,0.0,11937,10823,Chen,Day
2024-02-08 18:18:00,L8,No issue,0.0,11742,10731,Ben,Night
2024-11-16 19:13:00,L8,Quality stop,0.0,11464,10299,Chen,Night
2024-04-19 11:59:00,L9,Quality stop,0.0,7863,7379,Diya,Night
2024-10-08 11:13:00,T2,PM,2.0,5659,5010,Evan,Night
2024-10-28 20:28:00,L9,Breakdown,1.0,9900,9003,Ben,Night
2024-06-28 18:16:00,L9,Breakdown,3.0,404,349,Evan,Day
2024-06-27 06:42:00,L9,Breakdown,1.0,6494,5694,Ben,Day
2024-07-25 11:02:00,L9,Breakdown,1.0,11835,10935,Chen,Day
2024-10-04 23:50:00,L9,Changeover,0.0,332,320,Ben,Night
2024-07-11 20:42:00,T1,Changeover,0.0,5131,5008,Evan,Day
2024-05-04 22:57:00,L9,Breakdown,0.0,10101,9263,Diya,Day
2024-12-20 22:30:00,L8,Breakdown,2.0,11930,10495,Ben,Night
2024-12-25 11:23:00,T1,PM,1.0,906,828,Chen,Night
2024-06-20 15:19:00,T2,PM,2.0,422,418,Diya,Day
2024-06-30 07:17:00,P1,Breakdown,1.0,9985,9542,Asha,Day
2024-09-08 13:19:00,L9,No issue,0.0,8992,8606,Ben,Day
2024-08-06 07:51:00,T1,No issue,0.0,3711,3527,Evan,Night
2024-05-09 09:31:00,P1,PM,1.0,3961,3491,Evan,Day
2024-10-20 16:52:00,T2,No issue,0.0,1102,945,Chen,Day
2024-03-26 13:30:00,T1,Breakdown,0.0,211,208,Diya,Day
2024-01-12 07:37:00,L8,Breakdown,0.0,2596,2413,Chen,Day
2024-08-28 04:20:00,L8,PM,4.0,1605,1554,Chen,Day
2024-07-02 13:43:00,T1,Breakdown,0.0,3271,3242,Chen,Night
2024-11-19 00:55:00,L9,Changeover,0.0,5441,5312,Ben,Night
2024-10-16 00:18:00,L8,Breakdown,1.0,8845,7686,Asha,Day
2024-11-01 11:14:00,P1,No issue,0.0,665,625,Chen,Night
2024-03-22 07:17:00,T1,Quality stop,1.0,528,521,Ben,Day
2024-09-06 14:31:00,L9,Breakdown,0.0,4869,4860,Ben,Night
2024-04-03 08:59:00,L8,Breakdown,0.0,9072,8791,Chen,Night
2024-09-04 13:52:00,T2,Breakdown,0.0,2734,2442,Ben,Day
2024-04-11 07:09:00,L9,No issue,0.0,3174,2948,Asha,Day
2024-05-31 22:40:00,T2,Breakdown,0.0,3881,3785,Diya,Day
2024-05-08 14:54:00,T1,Quality stop,1.0,10752,10349,Diya,Day
2024-07-02 07:05:00,T1,No issue,0.0,2137,2116,Diya,Day
2024-04-13 13:23:00,P1,No issue,0.0,8362,8361,Ben,Day
2024-08-12 03:08:00,T1,PM,0.0,3972,3707,Asha,Day
2024-09-29 05:50:00,L8,Breakdown,4.0,6898,6673,Diya,Night
2024-04-28 05:38:00,L8,Breakdown,0.0,6611,6022,Diya,Day
2024-02-08 02:49:00,P1,Changeover,3.0,723,635,Diya,Day
2024-02-24 17:15:00,T1,No issue,0.0,2907,2704,Diya,Day
2024-01-31 02:03:00,T2,No issue,0.0,1900,1841,Evan,Night
2024-04-20 07:01:00,L9,Quality stop,1.0,8867,7959,Diya,Day
2024-06-15 05:23:00,L8,No issue,0.0,11525,11403,Asha,Day
2024-04-15 03:40:00,P1,Breakdown,3.0,1114,1107,Chen,Night
2024-05-15 01:56:00,L9,Changeover,0.0,11056,9899,Ben,Night
2024-08-11 07:28:00,L9,Breakdown,2.0,11380,11207,Asha,Day
2024-02-02 03:02:00,T2,Breakdown,1.0,4059,3524,Chen,Day
2024-10-15 01:08:00,L8,No issue,0.0,227,202,Asha,Day
2024-12-05 03:33:00,T2,No issue,0.0,9409,8903,Ben,Day
2024-09-05 12:13:00,T2,Quality stop,2.0,9048,8925,Chen,Day
2024-01-24 20:34:00,L8,No issue,0.0,528,502,Evan,Day
2024-06-20 12:36:00,T1,PM,1.0,8498,7884,Asha,Night
2024-03-17 03:08:00,T2,Changeover,1.0,9378,9144,Ben,Night
2024-10-22 06:36:00,L8,Breakdown,0.0,1242,1092,Ben,Day
2024-08-14 06:44:00,L8,Breakdown,1.0,5554,5390,Ben,Night
2024-09-11 06:05:00,L8,Changeover,0.0,1950,1744,Ben,Night
2024-10-29 12:10:00,L9,Changeover,3.0,11797,11254,Ben,Day
2024-02-27 09:46:00,T1,No issue,0.0,6980,6218,Evan,Night
2024-04-01 07:32:00,L9,PM,1.0,768,741,Ben,Day
2024-05-31 06:07:00,T2,Quality stop,4.0,7315,6956,Diya,Day
2024-10-09 02:35:00,P1,Breakdown,2.0,9150,8251,Diya,Night
2024-07-18 15:14:00,P1,PM,0.0,180,160,Diya,Night
2024-08-25 14:59:00,L8,No issue,0.0,1064,952,Asha,Day
2024-04-10 09:16:00,P1,PM,0.0,2667,2500,Chen,Day
2024-04-14 04:53:00,P1,No issue,0.0,869,844,Chen,Day
2024-07-12 00:18:00,P1,PM,1.0,3673,3483,Evan,Night
2024-11-26 04:27:00,L8,Changeover,0.0,2111,1808,Chen,Day
2024-03-19 08:21:00,T2,PM,2.0,5011,4531,Chen,Night
2024-04-03 21:28:00,L9,Breakdown,0.0,8919,7917,Diya,Night
2024-10-01 12:49:00,P1,No issue,0.0,10412,9901,Diya,Day
2024-08-27 23:41:00,L8,Changeover,0.0,2439,2157,Evan,Day
2024-07-20 07:28:00,L8,Changeover,1.0,1561,1455,Diya,Day
2024-02-10 17:05:00,T1,Breakdown,0.0,1349,1275,Diya,Night
2024-03-08 15:24:00,L9,No issue,0.0,7036,6445,Diya,Day
2024-07-16 12:58:00,T2,No issue,0.0,10712,10062,Ben,Night
2024-07-24 00:35:00,P1,Breakdown,1.0,3263,3159,Chen,Night
2024-05-08 23:49:00,P1,Quality stop,1.0,8703,7630,Ben,Night
2024-12-18 14:26:00,L8,Breakdown,0.0,4848,4202,Chen,Night
2024-10-09 22:10:00,L8,PM,3.0,9027,8076,Ben,Night
2024-01-24 17:59:00,P1,Breakdown,1.0,620,560,Evan,Night
2024-07-15 10:45:00,P1,Changeover,1.0,2582,2331,Evan,Night
2024-05-07 21:19:00,P1,Quality stop,3.0,3747,3434,Diya,Day
2024-03-11 11:45:00,T2,Breakdown,2.0,8696,8166,Ben,Day
2024-10-12 21:11:00,P1,Quality stop,1.0,4666,4624,Chen,Day
2024-03-04 01:51:00,L9,No issue,0.0,544,512,Diya,Day
2024-12-08 09:47:00,T2,PM,0.0,8572,7757,Asha,Night
2024-07-10 03:09:00,T1,No issue,0.0,501,452,Asha,Day
2024-08-12 08:54:00,T2,No issue,0.0,3106,2954,Chen,Day
2024-01-24 12:28:00,L8,Quality stop,0.0,7149,7084,Ben,Day
2024-06-28 09:37:00,L9,No issue,0.0,10232,8884,Evan,Day
2024-11-17 09:42:00,T2,No issue,0.0,4008,3430,Asha,Day
2024-09-02 12:31:00,L8,No issue,0.0,8069,7687,Ben,Day
2024-08-11 05:53:00,P1,Changeover,0.0,1255,1170,Unknown,Day
2024-11-09 17:14:00,T1,No issue,0.0,11430,11328,Evan,Day
2024-07-17 06:11:00,L9,Changeover,2.0,2519,2454,Evan,Night
2024-06-01 17:42:00,T2,Breakdown,1.0,7020,6914,Diya,Day
2024-03-03 02:57:00,L9,PM,0.0,11081,9616,Chen,Day
2024-03-22 09:27:00,T2,No issue,0.0,5238,4965,Diya,Day
2024-07-09 14:23:00,P1,No issue,0.0,4813,4321,Asha,Night
2024-05-02 11:27:00,T2,PM,2.0,6574,6447,Ben,Day
2024-07-01 16:37:00,P1,PM,1.0,684,634,Ben,Night
2024-03-17 09:04:00,T1,PM,1.0,10861,9686,Chen,Night
2024-01-13 12:08:00,L9,No issue,0.0,3201,2922,Diya,Day
2024-11-28 17:51:00,L8,No issue,0.0,1249,1218,Ben,Day
2024-01-10 05:30:00,P1,PM,0.0,1205,1184,Diya,Day
2024-09-24 03:47:00,P1,Quality stop,0.0,10855,9666,Asha,Day
2024-04-15 07:17:00,L8,Quality stop,0.0,10648,9408,Diya,Day
2024-08-18 19:40:00,T1,PM,3.0,2042,1976,Chen,Day
2024-12-07 08:19:00,L8,PM,0.0,5591,5311,Ben,Night
2024-11-14 02:59:00,P1,Breakdown,3.0,1789,1531,Ben,Night
2024-12-25 03:39:00,P1,Changeover,1.0,3371,3248,Asha,Night
2024-12-22 11:34:00,T1,Breakdown,2.0,9728,9055,Diya,Night
2024-11-08 00:22:00,T2,No issue,0.0,1063,1004,Asha,Night
2024-09-13 09:35:00,P1,No issue,0.0,9736,8319,Diya,Day
2024-01-29 02:07:00,T1,No issue,0.0,6821,6569,Ben,Day
2024-10-22 23:53:00,P1,Quality stop,0.0,7746,7383,Diya,Day
2024-12-15 11:31:00,L8,No issue,0.0,2980,2690,Chen,Day
2024-02-24 13:56:00,T1,No issue,0.0,3714,3187,Evan,Day
2024-08-27 03:29:00,L9,PM,0.0,1248,1195,Chen,Day
2024-09-06 15:46:00,T2,No issue,0.0,3847,3505,Asha,Night
2024-04-10 04:17:00,P1,PM,0.0,4669,4133,Ben,Day
2024-10-21 01:13:00,L9,No issue,0.0,8107,7452,Chen,Day
2024-10-28 07:44:00,T1,No issue,0.0,403,386,Chen,Night
2024-05-10 01:25:00,T2,No issue,0.0,9006,8555,Asha,Night
2024-09-27 06:01:00,P1,No issue,0.0,11150,9878,Unknown,Day
2024-05-08 16:01:00,L8,Breakdown,1.0,11273,9829,Ben,Day
2024-01-07 19:34:00,L9,Breakdown,0.0,9872,9089,Asha,Night
2024-08-05 20:21:00,T1,Quality stop,0.0,8803,7624,Asha,Night
2024-08-06 03:04:00,T1,No issue,0.0,3073,2624,Asha,Night
2024-12-25 11:11:00,T2,Changeover,1.0,4233,3613,Asha,Day
2024-08-10 14:58:00,P1,No issue,0.0,9158,8083,Ben,Day
2024-03-10 10:27:00,L9,No issue,0.0,9377,8333,Ben,Day
2024-11-21 13:13:00,L8,No issue,0.0,1294,1114,Ben,Night
2024-03-05 07:46:00,L8,No issue,0.0,5565,5004,Chen,Day
2024-12-27 15:42:00,T2,Changeover,0.0,11439,10040,Asha,Day
2024-07-02 10:40:00,L9,No issue,0.0,1943,1776,Diya,Night
2024-06-03 08:59:00,L9,Quality stop,1.0,11374,10592,Ben,Night
2024-03-16 05:39:00,P1,No issue,0.0,6324,6169,Diya,Day
2024-04-13 03:23:00,T1,Breakdown,0.0,10415,8913,Asha,Day
2024-11-12 23:19:00,P1,No issue,0.0,6453,6270,Diya,Night
2024-10-16 18:00:00,T2,No issue,0.0,617,579,Asha,Day
2024-05-19 11:51:00,T2,No issue,0.0,10004,8522,Asha,Day
2024-05-11 03:03:00,T1,Breakdown,0.0,7457,6477,Evan,Night
2024-01-17 13:43:00,L8,Changeover,0.0,9360,8354,Asha,Day
2024-05-04 03:46:00,T2,No issue,0.0,751,695,Diya,Day
2024-06-20 15:05:00,T2,PM,0.0,4900,4350,Ben,Day
2024-10-06 17:12:00,L8,No issue,0.0,4632,4312,Asha,Day
2024-08-20 15:26:00,T2,Breakdown,1.0,8577,7744,Evan,Day
2024-01-10 05:10:00,T1,PM,0.0,4765,4247,Chen,Day
2024-10-09 07:31:00,T1,No issue,0.0,876,788,Chen,Day
2024-02-17 20:38:00,L9,No issue,0.0,1284,1199,Ben,Day
2024-11-24 13:44:00,P1,Breakdown,1.0,10180,8818,Chen,Day
2024-06-25 03:39:00,P1,PM,4.0,11140,9729,Chen,Night
2024-11-16 19:37:00,T2,Breakdown,4.0,2903,2496,Ben,Day
2024-01-17 05:13:00,L8,No issue,0.0,3062,2728,Evan,Day
2024-05-25 20:33:00,L8,Breakdown,1.0,8738,8172,Chen,Day
2024-05-13 11:01:00,P1,Changeover,0.0,11059,9683,Asha,Night
2024-10-12 19:31:00,P1,Quality stop,0.0,7911,7581,Diya,Day
2024-04-13 06:44:00,T1,Breakdown,4.0,1043,886,Asha,Day
2024-09-20 16:31:00,T2,No issue,0.0,9842,9403,Evan,Day
2024-11-16 15:34:00,L9,Breakdown,0.0,10499,10125,Ben,Night
2024-11-13 03:35:00,T2,Breakdown,0.0,11372,10348,Ben,Night
2024-11-06 17:47:00,L9,No issue,0.0,4165,3665,Ben,Day
2024-09-14 15:37:00,T2,No issue,0.0,7453,6340,Diya,Day
2024-01-17 22:25:00,T2,PM,0.0,4014,3514,Ben,Night
2024-09-15 09:19:00,T2,No issue,0.0,3455,3062,Ben,Day
2024-09-05 17:45:00,L9,No issue,0.0,8939,7815,Ben,Day
2024-09-09 02:19:00,L9,No issue,0.0,7215,6287,Asha,Night
2024-04-26 00:35:00,P1,Quality stop,0.0,10289,9755,Evan,Night
2024-09-15 02:50:00,T2,No issue,0.0,4756,4347,Evan,Day
2024-01-12 22:26:00,P1,Changeover,1.0,6594,6494,Evan,Day
2024-09-13 20:07:00,T1,Breakdown,1.0,6403,5602,Diya,Night
2024-11-04 06:58:00,L9,No issue,0.0,5510,5097,Diya,Night
2024-04-05 01:51:00,T2,PM,2.0,5040,4528,Chen,Night
2024-01-29 15:56:00,L9,No issue,0.0,1644,1635,Ben,Day
2024-07-28 22:18:00,T1,No issue,0.0,7324,6698,Ben,Day
2024-06-03 02:40:00,L9,Breakdown,2.0,5976,5386,Chen,Night
2024-08-16 15:00:00,P1,No issue,0.0,4721,4162,Evan,Night
2024-12-20 07:01:00,L8,Breakdown,3.0,735,684,Asha,Night
2024-08-14 05:53:00,L8,Quality stop,1.0,2200,2183,Ben,Day
2024-10-17 00:42:00,L8,PM,3.0,9338,9293,Evan,Night
2024-06-22 06:00:00,L8,No issue,0.0,10026,8984,Asha,Day
2024-02-01 15:53:00,T2,No issue,0.0,7417,7189,Asha,Day
2024-03-05 10:34:00,T2,Breakdown,0.0,5630,4810,Chen,Day
2024-08-19 11:34:00,L9,Breakdown,4.0,11091,10710,Asha,Day
2024-05-06 19:03:00,T2,No issue,0.0,3908,3405,Chen,Night
2024-11-28 13:35:00,T2,Quality stop,1.0,8404,8272,Asha,Day
2024-05-23 01:48:00,L8,No issue,0.0,5953,5667,Chen,Day
2024-09-03 10:23:00,T2,PM,0.0,10866,9890,Ben,Day
2024-02-21 14:14:00,L9,Breakdown,1.0,2465,2319,Asha,Day
2024-06-21 20:43:00,L8,No issue,0.0,10092,9794,Evan,Day
2024-11-27 09:11:00,L8,Breakdown,0.0,10446,8957,Chen,Day
2024-10-19 08:24:00,L8,Breakdown,3.0,9158,7900,Asha,Night
2024-01-15 15:41:00,P1,Breakdown,1.0,7349,6823,Evan,Night
2024-03-29 08:10:00,T1,Breakdown,0.0,11747,11205,Evan,Day
2024-08-03 22:06:00,L8,Changeover,1.0,4348,3914,Diya,Day
2024-07-21 12:37:00,L8,PM,2.0,9634,9024,Diya,Day
2024-03-12 03:58:00,L9,Breakdown,0.0,8622,7489,Ben,Day
2024-01-19 00:58:00,P1,No issue,0.0,4885,4791,Ben,Day
2024-02-02 04:41:00,L8,Breakdown,0.0,6487,5870,Asha,Day
2024-01-14 13:04:00,L9,No issue,0.0,5102,4369,Evan,Day
2024-10-08 06:45:00,T2,Breakdown,0.0,8453,7399,Diya,Day
2024-01-26 19:58:00,L8,Breakdown,1.0,7053,6385,Ben,Day
2024-07-10 05:08:00,P1,Breakdown,0.0,6491,6458,Chen,Night
2024-08-25 12:51:00,L8,No issue,0.0,3327,3006,Ben,Day
2024-10-09 22:25:00,L8,Changeover,0.0,10690,9619,Evan,Day
2024-01-24 18:13:00,P1,No issue,0.0,9182,8441,Unknown,Night
2024-05-10 21:06:00,T1,PM,1.0,7474,6407,Chen,Night
2024-04-10 13:52:00,P1,Breakdown,4.0,3412,3077,Chen,Night
2024-01-30 23:51:00,P1,PM,0.0,5482,5187,Ben,Night
2024-07-29 08:24:00,L8,No issue,0.0,557,510,Diya,Night
2024-06-04 20:25:00,L9,Breakdown,3.0,11880,11110,Asha,Night
2024-01-24 02:11:00,L8,No issue,0.0,7080,6905,Unknown,Night
2024-12-21 15:20:00,P1,PM,0.0,5851,5574,Diya,Night
2024-10-19 14:51:00,L9,No issue,0.0,1031,916,Evan,Night
2024-06-15 03:42:00,T1,Changeover,1.0,8979,8742,Ben,Day
2024-05-25 04:58:00,L8,No issue,0.0,5083,4606,Chen,Night
2024-01-27 10:00:00,T2,PM,1.0,1798,1613,Evan,Day
2024-06-09 11:02:00,T1,No issue,0.0,310,280,Asha,Night
2024-07-29 18:37:00,T1,PM,1.0,1213,1109,Asha,Day
2024-02-06 15:13:00,L8,PM,1.0,5475,4705,Ben,Day
2024-04-11 17:10:00,P1,No issue,0.0,10219,9195,Unknown,Day
2024-01-07 22:25:00,L9,Breakdown,1.0,7685,6588,Ben,Day
2024-01-02 01:19:00,L9,Quality stop,4.0,10064,9105,Ben,Day
2024-05-20 22:21:00,L9,No issue,0.0,7693,7088,Asha,Night
2024-02-22 22:06:00,L9,Changeover,0.0,232,202,Ben,Day
2024-06-05 15:56:00,L9,No issue,0.0,10862,10664,Asha,Day
2024-08-10 06:29:00,T2,Changeover,0.0,10250,9777,Diya,Night
2024-06-24 14:41:00,L9,Changeover,0.0,6097,5441,Evan,Night
2024-08-02 16:21:00,L9,No issue,0.0,2561,2281,Ben,Day
2024-02-02 09:24:00,P1,No issue,0.0,1604,1590,Chen,Night
2024-08-08 07:29:00,P1,Breakdown,1.0,4448,3862,Asha,Night
2024-02-16 19:40:00,T2,Changeover,1.0,8093,7154,Ben,Night
2024-12-30 19:11:00,L9,Breakdown,0.0,1976,1754,Chen,Night
2024-02-08 22:00:00,T1,No issue,0.0,1550,1383,Ben,Day
2024-01-13 08:39:00,T2,No issue,0.0,6645,5749,Chen,Day
2024-10-01 10:16:00,P1,Breakdown,1.0,2933,2911,Ben,Day
2024-07-13 07:53:00,T1,No issue,0.0,2351,2227,Ben,Day
2024-04-05 00:16:00,T1,No issue,0.0,10415,8908,Ben,Day
2024-02-16 04:32:00,L9,No issue,0.0,6975,6445,Ben,Day
2024-08-30 18:50:00,T2,No issue,0.0,7238,6752,Asha,Day
2024-11-30 01:58:00,P1,PM,1.0,11130,9607,Asha,Day
2024-10-21 16:24:00,L9,Changeover,1.0,6546,5917,Diya,Day
2024-03-23 11:42:00,T1,No issue,0.0,2534,2395,Ben,Day
2024-04-20 02:16:00,T1,No issue,0.0,9221,8394,Ben,Day
2024-03-22 10:09:00,L9,Breakdown,1.0,4441,4025,Chen,Day
2024-08-04 04:26:00,P1,PM,1.0,1984,1790,Chen,Night
2024-08-11 03:24:00,T1,Changeover,0.0,7305,6573,Ben,Night
2024-03-12 04:19:00,L9,No issue,0.0,7721,7161,Unknown,Night
2024-06-26 04:53:00,T1,No issue,0.0,5484,4769,Evan,Day
2024-09-22 17:21:00,T1,Quality stop,0.0,5271,4614,Unknown,Day
2024-04-27 03:31:00,T1,Breakdown,1.0,7346,7334,Asha,Night
2024-06-18 12:03:00,T1,Breakdown,0.0,4527,4442,Ben,Day
2024-06-22 02:38:00,P1,Quality stop,2.0,7411,6985,Chen,Night
2024-07-11 06:54:00,T2,Quality stop,1.0,1633,1430,Unknown,Day
2024-03-21 17:00:00,L8,PM,1.0,6594,6139,Asha,Day
2024-01-26 06:33:00,T2,Breakdown,2.0,2675,2466,Unknown,Night
2024-03-04 14:23:00,L9,No issue,0.0,8028,7397,Chen,Night
2024-07-31 06:37:00,L8,PM,1.0,5102,4805,Chen,Day
2024-02-03 12:39:00,P1,No issue,0.0,11758,10007,Diya,Day
2024-02-07 13:04:00,P1,Breakdown,1.0,2312,2294,Ben,Day
2024-11-13 12:39:00,T1,PM,2.0,10530,10220,Asha,Day
2024-03-29 04:04:00,T2,No issue,0.0,9696,9292,Asha,Night
2024-10-02 17:47:00,L9,Breakdown,0.0,9228,8098,Chen,Night
2024-01-07 23:57:00,T1,Breakdown,2.0,5451,5364,Ben,Night
2024-03-06 18:43:00,P1,Quality stop,1.0,9,8,Diya,Day
2024-04-06 22:37:00,T1,PM,0.0,9869,8528,Chen,Day
2024-06-28 23:45:00,P1,No issue,0.0,3909,3486,Ben,Night
2024-07-04 05:48:00,T1,Quality stop,3.0,3012,2854,Evan,Day
2024-11-26 03:55:00,P1,Breakdown,1.0,8207,7744,Evan,Night
2024-11-26 08:23:00,T1,No issue,0.0,1741,1657,Ben,Day
2024-03-27 01:21:00,T1,PM,1.0,6319,6157,Ben,Day
2024-12-16 04:05:00,L8,No issue,0.0,7217,6684,Ben,Night
2024-10-05 03:17:00,T1,No issue,0.0,5386,5354,Asha,Night
2024-09-27 03:31:00,L9,No issue,0.0,10688,9737,Asha,Night
2024-10-09 03:08:00,P1,Quality stop,4.0,2640,2279,Evan,Night
2024-07-12 04:47:00,T2,No issue,0.0,8381,8288,Diya,Day
2024-06-19 20:47:00,T2,No issue,0.0,1271,1126,Ben,Night
2024-03-23 15:27:00,P1,No issue,0.0,6558,6225,Chen,Day
2024-01-22 17:24:00,L9,Quality stop,1.0,8690,8544,Chen,Day
2024-05-28 16:08:00,L9,Breakdown,1.0,10036,9388,Ben,Day
2024-01-19 03:20:00,P1,Changeover,3.0,6465,5753,Unknown,Day
2024-07-21 12:52:00,L9,PM,3.0,3384,2988,Chen,Day
2024-07-30 17:52:00,T2,No issue,0.0,3972,3645,Asha,Night
2024-09-01 14:28:00,P1,No issue,0.0,5041,4715,Chen,Day
2024-02-14 02:07:00,P1,Quality stop,0.0,11980,11510,Chen,Day
2024-03-22 22:51:00,T1,No issue,0.0,7365,6852,Asha,Day
2024-01-04 07:32:00,L8,Breakdown,1.0,9337,9140,Diya,Day
2024-10-26 00:00:00,L8,PM,0.0,8174,8135,Asha,Night
2024-11-28 03:56:00,P1,PM,0.0,3865,3445,Diya,Day
2024-11-12 03:26:00,T1,No issue,0.0,10416,9043,Evan,Day
2024-12-20 19:19:00,P1,No issue,0.0,6207,5674,Ben,Day
2024-05-01 21:12:00,L8,No issue,0.0,10789,9632,Chen,Day
2024-10-30 02:34:00,T1,No issue,0.0,6156,5810,Asha,Day
2024-02-25 08:56:00,T2,No issue,0.0,1461,1413,Chen,Day
2024-06-25 20:56:00,L8,Breakdown,1.0,10910,10605,Diya,Day
2024-07-28 19:52:00,L8,No issue,0.0,7639,7448,Diya,Day
2024-10-21 09:40:00,L9,No issue,0.0,6956,6876,Diya,Night
2024-01-12 04:36:00,P1,Quality stop,2.0,10472,10148,Chen,Day
2024-05-03 02:12:00,P1,No issue,0.0,3438,3190,Chen,Night
2024-07-10 23:11:00,T2,No issue,0.0,6790,6508,Chen,Day
2024-06-02 03:02:00,L8,No issue,0.0,6203,5761,Asha,Night
2024-11-27 22:13:00,P1,No issue,0.0,4607,4143,Asha,Night
2024-04-04 07:10:00,L9,Breakdown,0.0,9155,7900,Evan,Night
2024-06-17 10:30:00,T1,Changeover,2.0,11559,10195,Chen,Day
2024-01-06 23:56:00,L8,Breakdown,2.0,4311,3918,Ben,Night
2024-11-04 01:53:00,L9,No issue,0.0,7297,6905,Asha,Day
2024-08-28 00:27:00,L8,Quality stop,0.0,4709,4616,Ben,Day
2024-11-02 21:48:00,L8,Quality stop,0.0,7518,7462,Diya,Day
2024-03-29 22:33:00,T2,Breakdown,1.0,5142,4980,Ben,Night
2024-11-17 09:57:00,P1,Quality stop,0.0,4472,4274,Asha,Day
2024-09-01 23:15:00,P1,Quality stop,0.0,1249,1117,Ben,Day
2024-05-30 12:20:00,P1,Breakdown,3.0,2525,2494,Asha,Day
2024-09-28 07:39:00,T2,PM,0.0,2134,2020,Evan,Day
2024-03-12 16:08:00,L9,Breakdown,0.0,587,512,Ben,Night
2024-04-18 14:00:00,P1,Breakdown,2.0,4811,4732,Asha,Day
2024-08-07 12:26:00,P1,PM,2.0,5294,4843,Evan,Night
2024-11-17 02:08:00,P1,No issue,0.0,11832,10058,Evan,Day
2024-12-02 00:15:00,P1,No issue,0.0,11185,9546,Ben,Night
2024-12-01 23:50:00,T2,Changeover,0.0,7584,7251,Unknown,Day
2024-06-01 22:43:00,L8,PM,0.0,11048,10389,Ben,Day
2024-08-06 13:59:00,L8,PM,4.0,4142,3964,Asha,Night
2024-02-24 06:20:00,L8,No issue,0.0,246,218,Ben,Night
2024-06-18 16:36:00,T2,Breakdown,0.0,2853,2721,Diya,Day
2024-08-22 09:36:00,L8,No issue,0.0,5889,5491,Asha,Day
2024-10-30 17:06:00,L9,Quality stop,1.0,2312,2158,Unknown,Night
2024-07-14 08:05:00,L8,No issue,0.0,7136,6870,Ben,Day
2024-02-05 16:18:00,T1,Changeover,1.0,6686,6198,Ben,Day
2024-01-04 17:09:00,L9,No issue,0.0,11607,10956,Evan,Day
2024-03-12 11:14:00,T1,PM,0.0,8515,7260,Ben,Day
2024-07-19 03:16:00,L9,No issue,0.0,3874,3869,Chen,Day
2024-05-23 02:28:00,L9,Breakdown,1.0,7024,6629,Ben,Night
2024-07-01 11:12:00,L8,No issue,0.0,11597,9939,Evan,Day
2024-02-11 12:19:00,T1,Breakdown,0.0,10587,10262,Ben,Night
2024-11-02 09:24:00,L8,Breakdown,0.0,5818,5717,Asha,Day
2024-08-19 14:26:00,T2,No issue,0.0,3193,3181,Chen,Day
2024-12-26 23:49:00,T2,PM,2.0,1795,1775,Diya,Night
2024-04-07 14:56:00,T1,No issue,0.0,4184,3991,Asha,Day
2024-12-15 12:01:00,L8,Breakdown,0.0,4084,3767,Diya,Day
2024-05-05 23:38:00,T1,Changeover,1.0,11588,11095,Asha,Night
2024-01-17 17:29:00,T2,No issue,0.0,9849,9414,Evan,Day
2024-04-06 13:04:00,P1,Changeover,0.0,8722,7860,Ben,Night
2024-01-05 05:47:00,L8,No issue,0.0,5100,4953,Diya,Day
2024-08-11 07:15:00,P1,No issue,0.0,8194,7676,Diya,Day
2024-06-30 08:10:00,P1,Quality stop,0.0,11626,10013,Ben,Day
2024-12-01 17:51:00,T2,No issue,0.0,3816,3286,Asha,Night
2024-07-10 04:24:00,P1,Breakdown,0.0,11896,11528,Evan,Night
2024-11-18 23:27:00,P1,Breakdown,0.0,8229,7507,Chen,Day
2024-06-13 18:14:00,L9,Quality stop,1.0,7769,7746,Chen,Day
2024-07-25 15:13:00,T1,Changeover,0.0,6010,5306,Evan,Night
2024-12-12 09:33:00,P1,Quality stop,1.0,5206,4702,Chen,Day
2024-05-11 01:31:00,P1,No issue,0.0,9929,9227,Chen,Night
2024-06-24 04:04:00,L8,PM,2.0,11232,11045,Diya,Day
2024-04-27 04:21:00,T2,No issue,0.0,8823,8115,Ben,Night
2024-02-14 15:01:00,P1,PM,1.0,10146,9315,Ben,Night
2024-01-19 03:03:00,P1,No issue,0.0,5049,4742,Evan,Day
2024-03-24 05:00:00,T1,No issue,0.0,10842,9857,Ben,Day
2024-08-30 04:01:00,L9,No issue,0.0,5711,5154,Chen,Night
2024-06-28 01:09:00,T1,No issue,0.0,4300,3716,Evan,Day
2024-08-06 20:22:00,T1,Breakdown,1.0,5757,5430,Ben,Night
2024-11-14 04:46:00,T2,Breakdown,1.0,7092,6604,Diya,Night
2024-03-20 09:52:00,L8,Quality stop,0.0,9629,9141,Evan,Night
2024-07-04 02:39:00,T2,No issue,0.0,1272,1161,Evan,Day
2024-05-23 21:44:00,L8,Breakdown,0.0,5365,4851,Evan,Day
2024-06-07 00:03:00,T1,Breakdown,1.0,6943,6403,Diya,Day
2024-03-19 18:42:00,P1,No issue,0.0,818,793,Chen,Night
2024-06-10 20:50:00,T2,Quality stop,2.0,6610,5736,Diya,Day
2024-10-30 13:06:00,L8,Breakdown,1.0,11865,10541,Evan,Day
2024-10-01 20:55:00,T1,PM,1.0,10144,9052,Evan,Day
2024-12-27 04:38:00,L8,No issue,0.0,3725,3398,Chen,Night
2024-02-17 18:14:00,T2,Changeover,1.0,8270,7481,Ben,Night
2024-11-29 21:15:00,T2,PM,1.0,11233,11075,Diya,Day
2024-10-22 18:04:00,P1,Breakdown,0.0,6645,6130,Unknown,Day
2024-01-21 16:53:00,P1,PM,0.0,8337,7962,Ben,Day
2024-06-08 09:49:00,L8,Changeover,4.0,6742,5878,Unknown,Day
2024-11-16 12:08:00,L8,No issue,0.0,442,438,Diya,Day
2024-01-10 02:15:00,T2,No issue,0.0,8118,7121,Chen,Night
2024-02-29 10:20:00,T1,Breakdown,1.0,4408,3945,Asha,Day
2024-07-06 15:13:00,L8,No issue,0.0,8548,7918,Diya,Night
2024-07-06 23:26:00,L9,No issue,0.0,3342,3207,Unknown,Day
2024-11-30 20:22:00,L8,Breakdown,0.0,9596,8520,Chen,Day
2024-05-29 06:51:00,L8,No issue,0.0,11400,10889,Chen,Night
2024-10-29 22:28:00,T2,Changeover,0.0,3108,2908,Asha,Night
2024-10-18 08:58:00,L8,No issue,0.0,4688,4343,Chen,Day
2024-04-18 01:43:00,L9,Changeover,2.0,6067,5184,Ben,Day
2024-12-05 05:28:00,P1,Breakdown,0.0,6726,5724,Unknown,Day
2024-03-30 00:58:00,L8,Changeover,1.0,10893,9789,Diya,Day
2024-05-23 19:24:00,L9,No issue,0.0,11844,10639,Unknown,Night
2024-06-05 15:37:00,P1,No issue,0.0,1209,1066,Diya,Day
2024-01-10 02:27:00,L9,No issue,0.0,7575,7120,Evan,Day
2024-03-17 20:09:00,L9,No issue,0.0,6351,6219,Evan,Night
2024-10-06 10:15:00,L9,No issue,0.0,8282,7873,Evan,Night
2024-09-03 09:41:00,T2,Changeover,1.0,7400,7202,Chen,Day
2024-01-09 05:57:00,T1,No issue,0.0,8156,7400,Diya,Night
2024-10-13 15:26:00,T1,Breakdown,4.0,8886,8512,Asha,Night
2024-03-13 03:00:00,L8,No issue,0.0,1717,1598,Ben,Day
2024-12-14 09:51:00,P1,Breakdown,1.0,9552,9097,Diya,Night
2024-11-05 18:55:00,L8,No issue,0.0,1374,1372,Asha,Day
2024-05-08 17:44:00,L9,PM,2.0,7056,7013,Evan,Day
2024-09-18 07:50:00,L9,No issue,0.0,4491,4002,Asha,Day
2024-01-29 08:33:00,L9,No issue,0.0,2183,2115,Diya,Day
2024-11-23 14:57:00,T2,Breakdown,2.0,6242,6138,Evan,Day
2024-12-21 00:22:00,T1,Quality stop,0.0,9217,8649,Chen,Night
2024-02-27 02:47:00,T2,No issue,0.0,6974,6548,Evan,Night
2024-04-09 22:54:00,P1,Breakdown,4.0,4568,4468,Asha,Day
2024-03-05 08:14:00,P1,No issue,0.0,9489,8827,Diya,Night
2024-02-19 06:24:00,T1,No issue,0.0,1869,1719,Ben,Day
2024-01-22 20:10:00,L8,Changeover,0.0,5235,5026,Ben,Night
2024-09-19 18:20:00,T2,No issue,0.0,6838,6198,Chen,Day
2024-10-28 17:44:00,P1,Breakdown,0.0,1244,1217,Asha,Day
2024-05-07 18:24:00,L8,Breakdown,1.0,4886,4739,Diya,Night
2024-10-02 01:21:00,P1,No issue,0.0,2742,2557,Diya,Day
2024-06-22 08:02:00,T1,PM,0.0,7611,7546,Diya,Day
2024-02-04 18:55:00,L9,No issue,0.0,770,680,Ben,Night
2024-10-23 18:28:00,L8,Breakdown,0.0,5770,5563,Diya,Day
2024-11-12 03:56:00,P1,Quality stop,0.0,7965,7173,Asha,Day
2024-01-28 21:28:00,T2,No issue,0.0,2133,1964,Chen,Day
2024-07-28 06:36:00,T2,No issue,0.0,2959,2627,Chen,Day
2024-02-18 11:18:00,L8,Breakdown,0.0,10327,9328,Evan,Day
2024-01-27 23:57:00,L8,Breakdown,1.0,5338,5253,Diya,Day
2024-04-16 15:36:00,L8,Changeover,1.0,3980,3653,Asha,Day
2024-02-06 07:08:00,L8,Breakdown,0.0,8372,8336,Asha,Day
2024-08-21 04:21:00,L8,No issue,0.0,208,195,Ben,Night
2024-01-26 14:49:00,L8,PM,0.0,3889,3485,Asha,Night
2024-09-07 08:03:00,T1,PM,0.0,5,4,Chen,Day
2024-10-01 12:17:00,P1,Changeover,0.0,10329,9353,Evan,Night
2024-04-19 18:46:00,T2,No issue,0.0,4740,4354,Chen,Day
2024-12-07 05:52:00,T2,No issue,0.0,2670,2657,Ben,Day
2024-12-04 02:16:00,P1,Breakdown,0.0,3337,3048,Asha,Night
2024-07-11 23:42:00,L9,Changeover,2.0,10765,9943,Evan,Day
2024-04-04 08:41:00,T1,PM,1.0,7737,7368,Asha,Day
2024-07-14 03:04:00,T2,Breakdown,0.0,4835,4119,Evan,Day
2024-08-04 09:05:00,T2,No issue,0.0,5064,4738,Asha,Night
2024-01-02 17:29:00,T2,No issue,0.0,1301,1129,Unknown,Day
2024-05-25 18:52:00,L8,No issue,0.0,1398,1362,Evan,Night
2024-07-19 01:24:00,T1,Breakdown,1.0,996,934,Evan,Day
2024-11-09 03:35:00,T1,PM,2.0,10087,9507,Ben,Night
2024-01-08 15:59:00,T1,Quality stop,1.0,635,596,Diya,Day
2024-07-23 08:36:00,T1,Changeover,1.0,5779,5388,Ben,Day
2024-08-11 18:31:00,T1,No issue,0.0,4097,3767,Evan,Night
2024-10-25 07:15:00,T2,No issue,0.0,4786,4530,Ben,Day
2024-07-04 12:30:00,T1,No issue,0.0,1236,1212,Chen,Night
2024-12-02 03:47:00,L9,PM,0.0,7982,7163,Ben,Day
2024-07-11 18:54:00,L9,No issue,0.0,11638,10179,Asha,Night
2024-09-29 04:48:00,T2,Quality stop,2.0,8954,8094,Evan,Day
2024-09-17 14:07:00,L8,Breakdown,0.0,2656,2410,Evan,Day
2024-11-06 02:50:00,L9,No issue,0.0,892,830,Chen,Day
2024-10-17 16:21:00,L9,No issue,0.0,10072,8878,Asha,Day
2024-04-26 09:49:00,T1,Breakdown,0.0,1732,1492,Ben,Day
2024-05-13 21:46:00,P1,No issue,0.0,5123,4425,Diya,Day
2024-10-02 18:45:00,L8,PM,0.0,1737,1696,Asha,Night
2024-11-12 09:36:00,T1,Breakdown,1.0,286,251,Evan,Night
2024-08-16 15:09:00,T2,No issue,0.0,6718,5884,Chen,Day
2024-05-13 22:46:00,L8,Breakdown,0.0,2765,2631,Ben,Night
2024-12-02 16:02:00,T1,No issue,0.0,3646,3595,Unknown,Day
2024-08-07 16:28:00,T1,No issue,0.0,8658,7649,Diya,Night
2024-05-13 09:09:00,L8,Quality stop,1.0,4734,4663,Ben,Day
2024-11-10 05:54:00,L9,No issue,0.0,7237,7136,Evan,Night
2024-05-31 11:05:00,T2,Breakdown,1.0,5936,5872,Asha,Day
2024-12-03 09:39:00,T2,No issue,0.0,11528,10062,Chen,Day
2024-10-05 18:06:00,L8,Changeover,1.0,10186,9113,Diya,Day
2024-12-14 04:39:00,P1,No issue,0.0,9764,9218,Evan,Day
2024-01-19 05:47:00,T2,No issue,0.0,9347,8816,Chen,Day
2024-11-30 07:16:00,P1,Breakdown,1.0,11707,10574,Unknown,Day
2024-01-06 20:07:00,L8,Quality stop,0.0,8254,8035,Asha,Day
2024-04-17 03:41:00,T1,No issue,0.0,2920,2685,Chen,Day
2024-03-19 11:37:00,L8,Breakdown,0.0,10720,9892,Evan,Day
2024-12-13 15:47:00,L9,No issue,0.0,11851,11378,Chen,Night
2024-07-26 18:09:00,T2,Quality stop,2.0,9734,8803,Evan,Day
2024-03-28 17:23:00,T2,No issue,0.0,11314,11140,Chen,Night
2024-11-18 17:09:00,T2,No issue,0.0,2244,2113,Asha,Day
2024-06-01 14:04:00,L8,Breakdown,1.0,2914,2764,Evan,Day
2024-01-25 09:22:00,T1,No issue,0.0,6686,6497,Chen,Night
2024-07-12 03:34:00,T2,Breakdown,0.0,7389,7153,Diya,Night
2024-09-17 19:48:00,T2,Changeover,1.0,2230,2136,Evan,Night
2024-06-30 20:40:00,P1,No issue,0.0,9474,9407,Chen,Night
2024-03-24 14:32:00,P1,Changeover,1.0,4367,4115,Ben,Day
2024-04-15 05:54:00,L9,Changeover,0.0,1102,990,Chen,Day
2024-03-12 05:06:00,T2,No issue,0.0,2180,2166,Diya,Day
2024-04-11 14:23:00,P1,Quality stop,0.0,1229,1099,Evan,Day
2024-02-10 14:52:00,P1,No issue,0.0,4093,3684,Ben,Day
2024-04-23 21:06:00,T2,PM,3.0,3524,3239,Evan,Night
2024-06-11 10:01:00,L9,Changeover,1.0,490,442,Chen,Day
2024-05-07 06:38:00,P1,Breakdown,0.0,10849,10086,Ben,Night
2024-12-15 06:14:00,L8,No issue,0.0,4548,4481,Ben,Night
2024-07-16 04:52:00,L9,PM,1.0,7075,6051,Evan,Night
2024-05-12 07:12:00,T1,Breakdown,1.0,11533,11505,Asha,Night
2024-03-02 12:52:00,P1,Breakdown,1.0,9028,8644,Asha,Night
2024-09-05 10:07:00,P1,Changeover,0.0,5930,5690,Diya,Day
2024-02-29 10:47:00,P1,No issue,0.0,4030,3487,Unknown,Day
2024-09-19 02:05:00,P1,Changeover,0.0,4961,4696,Asha,Day
2024-09-08 05:25:00,P1,Quality stop,1.0,2604,2278,Asha,Night
2024-06-01 17:51:00,P1,PM,1.0,1338,1150,Diya,Night
2024-11-14 11:33:00,L9,No issue,0.0,7667,7584,Asha,Day
2024-02-25 04:54:00,T1,Changeover,0.0,5311,5021,Unknown,Night
2024-07-03 11:34:00,T1,No issue,0.0,2529,2400,Evan,Night
2024-01-24 19:42:00,T1,No issue,0.0,1329,1166,Evan,Day
2024-08-16 05:48:00,T1,Breakdown,4.0,2352,2125,Diya,Day
2024-09-22 11:06:00,T2,PM,0.0,537,458,Diya,Night
2024-03-14 18:15:00,P1,No issue,0.0,5893,5290,Unknown,Day
2024-02-10 14:12:00,L8,Changeover,1.0,4346,3979,Diya,Day
2024-07-05 14:30:00,P1,No issue,0.0,10704,9141,Ben,Day
2024-02-11 19:40:00,L9,No issue,0.0,11105,9814,Chen,Day
2024-04-19 10:34:00,L9,Changeover,1.0,7858,7137,Chen,Night
2024-08-20 19:14:00,T2,PM,0.0,4463,4301,Ben,Night
2024-06-11 23:29:00,L9,Changeover,4.0,2280,2157,Evan,Day
2024-02-22 19:17:00,P1,Breakdown,2.0,4688,4148,Chen,Night
2024-08-12 03:51:00,T2,Breakdown,0.0,9745,9247,Ben,Day
2024-02-07 12:27:00,T1,No issue,0.0,1006,909,Asha,Night
2024-08-26 19:53:00,L8,Breakdown,1.0,4809,4736,Ben,Day
2024-05-27 04:58:00,L9,No issue,0.0,8108,6929,Asha,Day
2024-12-25 00:48:00,T2,Breakdown,0.0,386,361,Asha,Day
2024-05-21 08:37:00,P1,No issue,0.0,5258,5185,Ben,Night
2024-07-09 11:10:00,T2,No issue,0.0,9783,8965,Asha,Night
2024-06-12 18:51:00,L9,No issue,0.0,1113,966,Evan,Night
2024-10-02 23:20:00,T1,Quality stop,1.0,430,407,Ben,Night
2024-02-23 12:24:00,T2,Changeover,1.0,2003,1758,Asha,Night
2024-12-01 00:17:00,L8,Breakdown,0.0,4867,4155,Chen,Night
2024-11-21 10:50:00,T2,Breakdown,1.0,4357,4186,Asha,Night
2024-11-10 15:45:00,T2,PM,1.0,9252,9206,Diya,Day
2024-07-02 12:10:00,P1,No issue,0.0,6604,5640,Evan,Day
2024-04-09 17:45:00,T2,Breakdown,2.0,4227,3862,Chen,Day
2024-09-25 12:45:00,T2,PM,0.0,10879,10780,Unknown,Day
2024-11-23 10:02:00,T2,No issue,0.0,9596,8703,Diya,Night
2024-09-30 01:02:00,L9,No issue,0.0,4865,4758,Chen,Day
2024-01-25 06:34:00,T2,Breakdown,2.0,9413,8171,Chen,Day
2024-07-27 23:38:00,L8,No issue,0.0,10502,9231,Unknown,Night
2024-04-11 03:23:00,T1,Quality stop,0.0,2838,2794,Asha,Day
2024-04-18 06:55:00,T2,Breakdown,2.0,8822,7794,Diya,Day
2024-08-23 06:50:00,T1,No issue,0.0,6158,6040,Ben,Night
2024-11-10 17:46:00,L8,No issue,0.0,5228,5225,Ben,Night
2024-04-13 08:22:00,T1,Changeover,1.0,5046,4854,Evan,Night
2024-10-25 02:59:00,T1,Quality stop,2.0,618,600,Asha,Day
2024-09-26 20:53:00,T1,Breakdown,0.0,8856,8674,Asha,Night
2024-02-04 21:24:00,T1,Breakdown,0.0,8822,7952,Evan,Day
2024-02-10 10:52:00,T2,No issue,0.0,8423,7824,Evan,Day
2024-06-11 13:13:00,T2,PM,0.0,2391,2166,Asha,Day
2024-07-25 01:23:00,T2,Quality stop,0.0,5939,5448,Asha,Day
2024-12-07 08:11:00,L9,No issue,0.0,3229,2761,Unknown,Day
2024-07-25 22:26:00,T1,No issue,0.0,7317,7046,Diya,Night
2024-09-24 17:33:00,T2,Changeover,1.0,5713,5603,Asha,Day
2024-10-22 22:47:00,T2,No issue,0.0,5404,4695,Asha,Night
2024-07-17 02:59:00,T2,No issue,0.0,11223,10936,Evan,Day
2024-03-19 02:20:00,P1,Changeover,0.0,3251,2967,Ben,Day
2024-08-01 12:11:00,T2,Changeover,1.0,3741,3270,Evan,Day
2024-02-09 00:52:00,T1,Quality stop,3.0,6352,5789,Asha,Night
2024-10-26 02:36:00,L9,PM,1.0,2848,2561,Evan,Day
2024-01-27 19:42:00,P1,No issue,0.0,5304,4583,Diya,Night
2024-07-14 01:13:00,L9,Breakdown,2.0,331,286,Chen,Day
2024-01-12 15:40:00,P1,No issue,0.0,1313,1157,Unknown,Day
2024-02-01 18:08:00,L8,Breakdown,1.0,6052,5418,Diya,Day
2024-03-22 02:41:00,P1,PM,2.0,899,845,Chen,Day
2024-05-08 14:02:00,T1,No issue,0.0,3883,3520,Evan,Night
2024-05-18 14:06:00,P1,Breakdown,0.0,1213,1175,Ben,Day
2024-10-20 09:32:00,L8,PM,1.0,3363,3235,Diya,Day
2024-09-15 08:24:00,T2,Changeover,0.0,196,194,Ben,Day
2024-01-31 18:13:00,L8,Breakdown,0.0,9606,8632,Asha,Day
2024-01-07 07:29:00,P1,No issue,0.0,8056,7798,Evan,Day
2024-02-01 16:58:00,T2,No issue,0.0,1492,1377,Evan,Night
2024-08-09 20:05:00,L8,Quality stop,1.0,1542,1485,Asha,Day
2024-01-29 05:10:00,L8,No issue,0.0,9338,9112,Ben,Night
2024-09-13 05:59:00,T2,Quality stop,1.0,2185,2036,Diya,Day
2024-02-04 04:25:00,T1,No issue,0.0,4600,4137,Evan,Day
2024-11-28 09:54:00,L9,No issue,0.0,11868,11761,Evan,Day
2024-07-03 08:24:00,T2,No issue,0.0,4858,4289,Evan,Day
2024-03-17 21:32:00,P1,No issue,0.0,4057,3645,Chen,Day
2024-01-10 10:11:00,L9,Breakdown,1.0,10683,10435,Chen,Day
2024-09-29 21:28:00,L9,No issue,0.0,6071,5830,Ben,Night
2024-05-11 09:43:00,T1,Changeover,1.0,288,250,Chen,Day
2024-02-21 16:20:00,P1,Changeover,0.0,9561,8310,Unknown,Day
2024-09-17 06:01:00,L8,Changeover,0.0,9904,8934,Chen,Day
2024-07-20 11:49:00,P1,PM,0.0,992,932,Asha,Day
2024-08-05 21:20:00,P1,Changeover,1.0,9354,9255,Diya,Night
2024-08-29 17:54:00,T2,Breakdown,4.0,1677,1463,Ben,Day
2024-11-16 02:36:00,T1,No issue,0.0,1930,1642,Chen,Day
2024-10-02 23:55:00,T2,No issue,0.0,2489,2474,Ben,Night
2024-12-30 08:31:00,T1,Breakdown,0.0,8665,8107,Evan,Day
2024-07-15 05:32:00,T2,No issue,0.0,3659,3281,Ben,Night
2024-03-06 22:58:00,L8,Breakdown,1.0,7336,6309,Asha,Day
2024-08-16 15:37:00,P1,No issue,0.0,4075,3966,Chen,Night
2024-02-08 16:31:00,P1,Changeover,0.0,1164,1111,Ben,Night
2024-11-05 17:27:00,L9,Breakdown,3.0,2587,2493,Diya,Night
2024-07-01 01:01:00,P1,Breakdown,2.0,9792,8523,Chen,Day
2024-03-03 05:45:00,L8,PM,0.0,4594,4373,Ben,Day
2024-10-12 09:40:00,L9,Breakdown,1.0,5382,5176,Evan,Day
2024-03-19 03:37:00,L8,No issue,0.0,3743,3472,Evan,Night
2024-03-08 18:57:00,L9,Quality stop,0.0,9139,7823,Chen,Day
2024-11-17 15:33:00,L8,PM,1.0,7391,6588,Ben,Night
2024-02-28 16:01:00,P1,No issue,0.0,7504,6932,Asha,Day
2024-12-10 05:00:00,T1,No issue,0.0,6282,6112,Asha,Day
2024-05-17 15:23:00,T1,No issue,0.0,3171,3103,Asha,Night
2024-04-26 09:45:00,T2,Changeover,1.0,2141,1925,Diya,Day
2024-01-22 17:14:00,P1,Quality stop,0.0,4410,4058,Ben,Night
2024-12-08 17:23:00,L9,No issue,0.0,9867,9296,Asha,Night
2024-01-24 12:01:00,P1,PM,1.0,8506,8379,Ben,Day
2024-12-15 02:58:00,L9,Changeover,0.0,1424,1303,Ben,Night
2024-09-30 20:57:00,T1,No issue,0.0,10940,10346,Chen,Day
2024-12-04 07:45:00,L9,Breakdown,1.0,2428,2130,Evan,Night
2024-03-04 08:04:00,T2,No issue,0.0,3496,3474,Asha,Night
2024-10-05 07:30:00,L9,Quality stop,0.0,5606,5402,Unknown,Night
2024-01-07 07:59:00,L9,No issue,0.0,10825,10139,Ben,Night
2024-06-05 13:37:00,T2,No issue,0.0,8672,8668,Ben,Night
2024-05-10 23:18:00,L8,No issue,0.0,1039,940,Chen,Day
2024-06-05 14:13:00,L8,No issue,0.0,6287,5855,Asha,Day
2024-09-23 13:39:00,L8,PM,1.0,10202,8906,Ben,Day
2024-05-30 04:14:00,L8,Quality stop,2.0,7911,7571,Chen,Night
2024-08-20 17:07:00,L9,PM,0.0,10044,9633,Unknown,Night
2024-09-07 11:06:00,L9,No issue,0.0,9528,8928,Ben,Day
2024-02-26 17:59:00,L8,PM,3.0,11196,10866,Ben,Day
2024-06-12 04:03:00,P1,No issue,0.0,2033,2019,Evan,Night
2024-07-16 18:14:00,L9,PM,3.0,1297,1267,Unknown,Day
2024-08-12 03:47:00,T2,Changeover,1.0,5452,4668,Asha,Day
2024-07-31 03:09:00,P1,No issue,0.0,7554,6447,Ben,Night
2024-11-14 09:46:00,T1,Breakdown,0.0,9235,8243,Ben,Day
2024-11-06 10:10:00,T2,Breakdown,3.0,6770,6263,Ben,Day
2024-06-26 03:40:00,T1,Breakdown,2.0,11923,11660,Diya,Night
2024-10-03 15:25:00,P1,PM,0.0,339,330,Asha,Day
2024-08-08 14:49:00,P1,PM,0.0,4591,3930,Ben,Night
2024-09-04 14:48:00,L9,Quality stop,0.0,9638,8580,Ben,Day
2024-10-23 16:57:00,L8,PM,1.0,4356,4124,Diya,Night
2024-01-30 22:43:00,L8,No issue,0.0,396,338,Chen,Day
2024-10-26 00:24:00,P1,Changeover,2.0,11993,10376,Diya,Night
2024-12-24 16:15:00,T1,No issue,0.0,920,871,Asha,Day
2024-03-12 18:16:00,T2,No issue,0.0,612,568,Ben,Night
2024-05-17 01:52:00,T2,PM,2.0,10989,10011,Ben,Night
2024-08-15 03:02:00,T1,No issue,0.0,8384,7561,Evan,Night
2024-06-23 10:24:00,L8,Breakdown,0.0,4084,3579,Evan,Night
2024-05-17 02:42:00,L8,PM,1.0,11273,10699,Asha,Night
2024-05-23 12:40:00,L9,Breakdown,0.0,1002,885,Evan,Day
2024-05-31 11:09:00,T1,Quality stop,2.0,1350,1349,Diya,Day
2024-02-03 23:08:00,T1,Breakdown,1.0,11633,10661,Unknown,Day
2024-01-09 09:37:00,T1,Quality stop,1.0,629,558,Ben,Day
2024-08-06 13:09:00,P1,Changeover,4.0,2645,2378,Asha,Night
2024-10-30 08:45:00,T2,Quality stop,1.0,6161,5894,Asha,Day
2024-08-12 17:19:00,L8,Breakdown,1.0,8100,7830,Chen,Day
2024-07-09 22:06:00,L9,No issue,0.0,7017,6531,Chen,Night
2024-07-07 09:22:00,T2,No issue,0.0,5569,5132,Ben,Night
2024-01-21 15:26:00,L8,No issue,0.0,11948,11220,Evan,Night
2024-04-15 19:02:00,L9,PM,1.0,11799,10973,Ben,Day
2024-12-08 16:28:00,T2,No issue,0.0,3571,3414,Unknown,Day
2024-09-12 13:40:00,L8,Breakdown,0.0,2291,2258,Asha,Day
2024-02-27 20:40:00,L8,PM,3.0,2471,2460,Diya,Day
2024-12-19 12:32:00,T1,No issue,0.0,7970,6871,Diya,Day
2024-05-01 20:04:00,P1,No issue,0.0,806,778,Diya,Day
2024-11-06 10:35:00,P1,No issue,0.0,8398,8341,Asha,Night
2024-08-07 20:27:00,L9,Breakdown,1.0,10160,9825,Asha,Day
2024-06-07 20:18:00,L9,Quality stop,0.0,4051,3859,Asha,Day
2024-11-24 07:31:00,T2,Quality stop,1.0,7905,6888,Asha,Day
2024-07-29 04:46:00,P1,PM,0.0,3407,3391,Ben,Day
2024-06-08 05:26:00,L8,No issue,0.0,4070,3574,Chen,Night
2024-10-19 15:35:00,L8,Breakdown,0.0,8642,7536,Diya,Night
2024-06-22 00:47:00,T1,Breakdown,4.0,9607,8953,Asha,Night
2024-08-05 14:52:00,T2,Changeover,0.0,758,748,Ben,Night
2024-10-03 20:19:00,P1,Breakdown,0.0,9154,8554,Diya,Night
2024-09-14 08:54:00,P1,No issue,0.0,6507,6174,Ben,Night
2024-06-02 20:45:00,T1,No issue,0.0,3400,2999,Chen,Day
2024-02-19 23:33:00,P1,No issue,0.0,2986,2949,Ben,Night
2024-03-06 08:50:00,P1,Breakdown,0.0,9845,8815,Diya,Day
2024-03-30 17:04:00,L9,No issue,0.0,3974,3915,Chen,Day
2024-04-07 04:51:00,L8,No issue,0.0,5525,5104,Asha,Night
2024-12-11 21:12:00,L8,PM,0.0,7533,7151,Asha,Night
2024-07-30 21:55:00,T2,Breakdown,1.0,8553,8106,Diya,Night
2024-02-28 03:33:00,P1,Breakdown,1.0,2840,2664,Evan,Day
2024-08-05 14:56:00,T2,No issue,0.0,3448,3283,Chen,Night
2024-07-24 11:21:00,T1,No issue,0.0,4938,4262,Asha,Night
2024-11-15 20:51:00,P1,No issue,0.0,1071,991,Chen,Night
2024-09-06 02:32:00,T2,No issue,0.0,8344,7851,Evan,Night
2024-07-10 02:43:00,P1,Breakdown,1.0,10842,9641,Chen,Night
2024-07-02 18:14:00,T1,No issue,0.0,10877,10056,Chen,Night
2024-02-15 23:32:00,L9,Breakdown,2.0,7390,6638,Ben,Day
2024-06-26 02:27:00,P1,Breakdown,1.0,3798,3472,Asha,Night
2024-04-17 07:23:00,P1,No issue,0.0,9683,9073,Asha,Day
2024-01-10 17:22:00,P1,PM,0.0,8250,8208,Evan,Day
2024-03-17 11:55:00,P1,PM,1.0,4897,4428,Ben,Day
2024-01-12 18:21:00,P1,No issue,0.0,3352,2945,Diya,Day
2024-04-19 11:03:00,T1,No issue,0.0,6618,6482,Chen,Night
2024-08-10 06:12:00,P1,No issue,0.0,7830,7086,Asha,Day
2024-10-22 19:54:00,T1,PM,0.0,7985,7891,Unknown,Night
2024-10-18 16:55:00,L9,PM,0.0,2103,1859,Diya,Day
2024-08-01 14:12:00,P1,Quality stop,1.0,11203,10602,Chen,Day
2024-12-25 16:29:00,P1,No issue,0.0,10834,10106,Asha,Night
2024-01-07 07:22:00,T2,No issue,0.0,4450,4205,Ben,Night
2024-12-02 03:46:00,T2,Breakdown,0.0,11096,10615,Diya,Night
2024-01-09 03:21:00,P1,PM,0.0,11759,10661,Asha,Day
2024-11-10 16:36:00,L9,No issue,0.0,4710,4660,Diya,Day
2024-05-13 12:32:00,P1,No issue,0.0,192,169,Ben,Day
2024-08-07 14:06:00,P1,PM,2.0,5230,4484,Asha,Day
2024-04-10 05:45:00,P1,PM,0.0,6888,6333,Chen,Day
2024-02-21 16:05:00,P1,Breakdown,3.0,335,289,Diya,Night
2024-03-13 00:33:00,L8,No issue,0.0,6775,6588,Asha,Night
2024-02-13 20:01:00,P1,Breakdown,0.0,4659,4504,Chen,Day
2024-05-03 16:17:00,T2,Changeover,0.0,6029,5383,Asha,Night
2024-05-30 20:07:00,L8,No issue,0.0,11447,11252,Ben,Day
2024-11-17 20:20:00,L8,Changeover,2.0,4999,4409,Asha,Day
2024-06-03 07:15:00,P1,No issue,0.0,6432,5967,Ben,Day
2024-08-28 19:11:00,L8,No issue,0.0,5881,5037,Evan,Night
2024-04-07 12:12:00,L8,PM,1.0,1989,1785,Chen,Day
2024-09-07 11:39:00,T2,No issue,0.0,1524,1382,Chen,Day
2024-08-29 14:53:00,L8,Breakdown,0.0,10373,9629,Diya,Day
2024-06-23 05:00:00,L8,No issue,0.0,8676,8676,Asha,Day
2024-08-12 11:53:00,L8,PM,0.0,11530,10366,Evan,Day
2024-08-23 10:44:00,L9,Breakdown,1.0,6323,5719,Unknown,Day
2024-08-01 09:02:00,P1,Quality stop,2.0,9085,8416,Chen,Night
2024-08-05 03:53:00,L8,Changeover,0.0,7094,6480,Evan,Day
2024-07-28 07:56:00,L8,Breakdown,1.0,11621,10197,Ben,Day
2024-05-14 09:12:00,T2,Breakdown,0.0,11224,10000,Asha,Night
2024-02-13 22:16:00,P1,No issue,0.0,1741,1490,Evan,Night
2024-05-05 20:13:00,P1,PM,2.0,6666,6454,Ben,Day
2024-02-24 01:40:00,T2,No issue,0.0,5837,5370,Asha,Night
2024-11-02 21:59:00,L9,Changeover,4.0,4427,3801,Asha,Night
2024-10-08 06:22:00,T1,No issue,0.0,3380,3221,Asha,Day
2024-04-08 00:02:00,L9,Breakdown,1.0,3102,2813,Asha,Night
2024-02-22 05:10:00,P1,No issue,0.0,10653,9357,Asha,Night
2024-01-06 22:03:00,L8,No issue,0.0,8335,7985,Chen,Day
2024-09-03 20:18:00,T2,Breakdown,4.0,1633,1495,Asha,Day
2024-12-12 23:45:00,L9,Quality stop,0.0,1150,1010,Diya,Day
2024-04-01 15:26:00,L9,PM,1.0,3422,3201,Asha,Night
2024-02-06 22:59:00,L9,No issue,0.0,3713,3620,Ben,Day
2024-07-07 06:06:00,L9,Breakdown,1.0,10874,9535,Ben,Night
2024-08-26 14:15:00,T1,No issue,0.0,6757,6598,Chen,Day
2024-10-30 22:47:00,P1,Quality stop,0.0,11838,11255,Ben,Day
2024-08-30 03:31:00,L8,Breakdown,2.0,11920,11357,Ben,Night
2024-02-02 17:44:00,L9,Breakdown,2.0,4616,4298,Asha,Night
2024-04-01 04:41:00,L9,Quality stop,0.0,8716,7417,Evan,Day
2024-12-22 15:33:00,T1,No issue,0.0,5725,5620,Diya,Day
2024-05-30 11:02:00,T1,Breakdown,4.0,5993,5338,Diya,Night
2024-04-11 21:47:00,L8,Breakdown,0.0,5156,4737,Ben,Day
2024-06-07 01:23:00,P1,Changeover,1.0,2172,1911,Evan,Day
2024-01-02 08:26:00,P1,No issue,0.0,8069,6858,Unknown,Night
2024-04-30 09:00:00,P1,PM,1.0,9334,9315,Ben,Day
2024-09-20 13:06:00,T1,Quality stop,0.0,4344,3859,Chen,Day
2024-10-19 11:37:00,T1,Breakdown,0.0,2751,2595,Chen,Night
2024-06-29 22:35:00,P1,Quality stop,1.0,7661,6938,Ben,Day
2024-07-24 14:34:00,T2,Breakdown,1.0,2642,2406,Diya,Night
2024-08-27 23:45:00,L9,No issue,0.0,10564,10184,Diya,Day
2024-04-02 01:25:00,T2,PM,1.0,5812,5360,Asha,Night
2024-05-08 02:17:00,L8,Breakdown,1.0,9044,8905,Diya,Day
2024-06-30 17:36:00,L9,No issue,0.0,6576,6470,Diya,Day
2024-03-28 14:21:00,L9,No issue,0.0,1111,1012,Asha,Day
2024-09-07 19:01:00,L8,No issue,0.0,4972,4560,Asha,Night
2024-01-29 18:17:00,T1,Breakdown,0.0,3346,2854,Ben,Night
2024-01-04 13:15:00,T2,Quality stop,0.0,10053,9284,Ben,Day
2024-06-10 04:47:00,T2,No issue,0.0,6140,5530,Diya,Night
2024-05-07 20:17:00,L9,Breakdown,4.0,11688,11201,Chen,Day
2024-06-08 20:28:00,T1,No issue,0.0,1247,1201,Ben,Night
2024-10-18 07:55:00,T2,Breakdown,1.0,7308,6294,Chen,Day
2024-02-04 22:21:00,P1,Quality stop,0.0,741,646,Chen,Night
2024-03-23 00:24:00,L8,Breakdown,0.0,4700,4679,Chen,Night
2024-10-10 10:30:00,T1,No issue,0.0,11260,11053,Unknown,Night
2024-12-21 05:14:00,L8,No issue,0.0,9897,9728,Unknown,Day
2024-08-09 23:17:00,T1,PM,0.0,9383,7981,Diya,Night
2024-04-30 18:45:00,T1,No issue,0.0,1900,1668,Diya,Night
2024-05-15 18:59:00,T1,Breakdown,0.0,7748,7513,Diya,Day
2024-08-16 17:33:00,L8,Changeover,1.0,11371,10349,Diya,Day
2024-03-19 04:12:00,L9,No issue,0.0,6610,6156,Ben,Day
2024-03-17 09:44:00,T2,PM,1.0,6587,6285,Evan,Day
2024-04-02 23:57:00,P1,Breakdown,0.0,11603,10964,Unknown,Night
2024-06-29 23:11:00,T1,Breakdown,1.0,6640,5871,Unknown,Day
2024-08-04 04:33:00,T2,PM,2.0,4409,4242,Ben,Night
2024-07-10 11:22:00,T2,No issue,0.0,10360,10215,Chen,Day
2024-09-04 19:25:00,P1,Breakdown,0.0,7940,7395,Ben,Day
2024-11-20 03:18:00,T1,No issue,0.0,6206,5604,Diya,Day
2024-03-06 23:19:00,T1,Quality stop,1.0,8483,8461,Diya,Day
2024-06-07 12:39:00,P1,No issue,0.0,4889,4316,Diya,Day
2024-08-26 02:59:00,L9,No issue,0.0,434,373,Ben,Day
2024-08-28 06:27:00,T2,No issue,0.0,2959,2639,Chen,Day
2024-02-20 22:43:00,T1,No issue,0.0,4768,4624,Ben,Day
2024-08-27 09:12:00,P1,Changeover,0.0,5785,5383,Ben,Night
2024-08-16 23:55:00,T1,No issue,0.0,11834,11171,Diya,Night
2024-04-29 19:06:00,P1,No issue,0.0,9988,9888,Asha,Day
2024-10-18 21:18:00,L9,Breakdown,1.0,1600,1385,Chen,Day
2024-09-16 06:10:00,L8,PM,1.0,9976,9721,Evan,Night
2024-02-27 23:00:00,L9,No issue,0.0,9496,8870,Diya,Day
2024-12-15 16:33:00,P1,No issue,0.0,2225,2004,Asha,Day
2024-04-17 18:12:00,L8,PM,1.0,6902,6820,Diya,Day
2024-09-22 02:08:00,P1,No issue,0.0,8185,7244,Asha,Day
2024-03-22 13:12:00,L9,No issue,0.0,8311,7120,Diya,Night
2024-12-14 19:10:00,T2,Breakdown,4.0,779,686,Ben,Night
2024-04-27 06:07:00,T1,No issue,0.0,5277,4787,Asha,Day
2024-10-13 07:02:00,T2,No issue,0.0,2280,2055,Diya,Day
2024-10-07 11:35:00,T2,No issue,0.0,8429,8275,Diya,Night
2024-12-04 20:50:00,L8,Quality stop,3.0,3764,3696,Diya,Day
2024-09-02 10:42:00,L8,No issue,0.0,9559,9249,Ben,Night
2024-06-24 02:53:00,L8,Breakdown,1.0,6648,6540,Asha,Day
2024-12-06 19:30:00,T1,No issue,0.0,410,378,Asha,Night
2024-11-09 05:15:00,T1,No issue,0.0,2395,2040,Diya,Night
2024-12-26 17:54:00,L8,PM,2.0,2348,2125,Evan,Night
2024-07-28 18:54:00,L9,No issue,0.0,7930,7190,Evan,Night
2024-07-10 10:58:00,T1,Breakdown,3.0,10989,9666,Diya,Day
2024-05-30 18:58:00,L9,PM,1.0,7715,7206,Ben,Night
2024-11-11 15:59:00,T2,PM,0.0,10896,10565,Chen,Night
2024-12-22 09:27:00,L8,No issue,0.0,9968,9235,Asha,Day
2024-04-07 13:41:00,L8,Quality stop,4.0,5323,5084,Asha,Day
2024-09-14 10:50:00,L9,Breakdown,3.0,8351,7671,Ben,Day
2024-03-11 00:26:00,L9,No issue,0.0,9082,8335,Ben,Night
2024-04-04 18:11:00,P1,Breakdown,0.0,3264,3042,Chen,Day
2024-04-11 09:28:00,P1,No issue,0.0,1033,935,Chen,Night
2024-11-25 03:04:00,L9,Breakdown,0.0,1905,1874,Asha,Day
2024-05-15 10:13:00,T1,Breakdown,0.0,8916,8815,Chen,Night
2024-04-29 06:53:00,T2,No issue,0.0,2837,2603,Asha,Day
2024-02-25 00:09:00,L8,No issue,0.0,1505,1437,Diya,Day
2024-05-15 17:48:00,L9,No issue,0.0,4798,4175,Evan,Night
2024-05-22 18:27:00,P1,No issue,0.0,7646,6627,Diya,Night
2024-02-29 15:34:00,L9,PM,1.0,1261,1132,Asha,Day
2024-12-19 04:17:00,T2,PM,2.0,553,500,Unknown,Day
2024-10-17 15:13:00,L9,Quality stop,1.0,4422,3965,Diya,Day
2024-03-10 21:35:00,L9,No issue,0.0,1680,1582,Diya,Day
2024-01-28 16:45:00,P1,Breakdown,1.0,2567,2418,Ben,Day
2024-08-23 09:22:00,T1,No issue,0.0,1987,1950,Chen,Night
2024-05-11 08:26:00,P1,Changeover,2.0,11792,10663,Diya,Night
2024-01-21 14:39:00,L9,Breakdown,1.0,6322,5901,Asha,Day
2024-10-05 18:23:00,T2,No issue,0.0,6149,5941,Unknown,Night
2024-08-08 17:53:00,L9,No issue,0.0,10445,9488,Chen,Day
2024-11-30 07:13:00,L9,Breakdown,1.0,3585,3473,Chen,Day
2024-06-23 20:43:00,T2,No issue,0.0,935,840,Evan,Night
2024-10-27 05:59:00,T1,No issue,0.0,4547,4131,Diya,Night
2024-08-13 18:55:00,P1,PM,3.0,5845,5457,Diya,Night
2024-12-02 14:45:00,P1,PM,1.0,10472,9164,Asha,Day
2024-08-24 22:50:00,T1,Breakdown,3.0,1160,1021,Diya,Night
2024-09-29 14:36:00,T2,No issue,0.0,6240,5585,Ben,Night
2024-06-16 00:36:00,L9,Quality stop,2.0,8671,8147,Diya,Day
2024-12-23 12:48:00,L9,No issue,0.0,2057,1847,Chen,Night
2024-06-02 07:44:00,L9,No issue,0.0,2961,2857,Evan,Night
2024-06-21 17:03:00,P1,No issue,0.0,4029,3557,Chen,Day
2024-02-12 02:50:00,T2,No issue,0.0,6849,6300,Chen,Day
2024-08-20 00:21:00,L9,No issue,0.0,3165,2806,Asha,Night
2024-01-14 19:51:00,T1,No issue,0.0,6475,5826,Chen,Night
2024-12-24 19:51:00,P1,Changeover,3.0,5252,5194,Asha,Night
2024-11-15 08:27:00,T2,No issue,0.0,7859,7579,Asha,Day
2024-02-17 20:46:00,T1,PM,0.0,3141,2769,Chen,Day
2024-12-18 18:11:00,T1,PM,3.0,11890,11155,Ben,Night
2024-09-11 20:41:00,P1,Quality stop,1.0,5883,5284,Chen,Day
2024-07-10 11:02:00,T2,No issue,0.0,4461,4428,Asha,Night
2024-02-11 13:59:00,T2,No issue,0.0,204,190,Diya,Day
2024-04-19 17:37:00,T1,PM,0.0,11684,10257,Ben,Day
2024-07-06 05:21:00,P1,Changeover,0.0,1054,906,Diya,Night
2024-09-28 21:27:00,T1,Changeover,1.0,8472,8087,Diya,Night
2024-01-08 16:02:00,P1,No issue,0.0,6504,6152,Chen,Day
2024-09-19 16:38:00,T2,No issue,0.0,9613,9329,Diya,Night
2024-07-27 00:20:00,L9,PM,3.0,11957,11680,Diya,Day
2024-05-03 11:14:00,T1,No issue,0.0,2791,2629,Evan,Day
2024-01-23 12:28:00,L9,No issue,0.0,9647,8531,Chen,Day
2024-07-27 23:02:00,L8,Breakdown,0.0,11392,10425,Unknown,Day
2024-10-10 02:40:00,L8,PM,0.0,9669,9184,Diya,Night
2024-02-04 17:04:00,L8,Breakdown,1.0,7465,7078,Chen,Day
2024-09-06 20:02:00,T1,Breakdown,2.0,8719,8134,Chen,Day
2024-04-03 03:40:00,L8,No issue,0.0,973,844,Diya,Day
2024-06-04 01:34:00,L8,Quality stop,1.0,9942,9811,Evan,Day
2024-10-05 04:09:00,T1,Breakdown,1.0,4784,4683,Evan,Day
2024-07-31 02:01:00,L8,No issue,0.0,6519,6309,Chen,Night
2024-04-06 00:47:00,P1,No issue,0.0,3829,3560,Evan,Day
2024-09-20 04:51:00,P1,No issue,0.0,2208,1892,Chen,Day
2024-01-10 10:16:00,L8,No issue,0.0,2169,2120,Asha,Night
2024-05-04 12:12:00,T1,Changeover,0.0,7901,7309,Chen,Day
2024-06-08 05:43:00,T2,No issue,0.0,2867,2855,Evan,Day
2024-06-11 04:25:00,P1,PM,4.0,1735,1518,Asha,Night
2024-12-16 12:31:00,P1,No issue,0.0,10334,9959,Ben,Day
2024-11-21 18:37:00,T2,No issue,0.0,9519,8610,Chen,Day
2024-10-17 14:19:00,P1,No issue,0.0,9420,8730,Ben,Day
2024-12-17 10:22:00,P1,Breakdown,0.0,11653,11643,Ben,Day
2024-02-15 00:38:00,T1,Changeover,0.0,11305,10186,Asha,Night
2024-05-10 04:03:00,P1,No issue,0.0,9059,8913,Ben,Day
2024-12-06 01:50:00,T2,PM,1.0,1876,1624,Evan,Day
2024-09-13 01:36:00,P1,No issue,0.0,9884,9632,Chen,Night
2024-10-01 15:28:00,L9,No issue,0.0,3043,2898,Evan,Day
2024-03-15 21:47:00,T1,Breakdown,0.0,4063,3870,Diya,Night
2024-07-28 21:17:00,T1,PM,0.0,10821,10284,Ben,Day
2024-10-03 19:48:00,T1,No issue,0.0,3285,2816,Diya,Night
2024-08-29 12:34:00,T2,Quality stop,0.0,1851,1698,Unknown,Day
2024-09-07 08:39:00,P1,Breakdown,1.0,10161,9289,Evan,Day
2024-08-25 20:44:00,L9,No issue,0.0,496,425,Chen,Day
2024-06-10 02:26:00,L9,Changeover,0.0,4866,4498,Diya,Night
2024-04-27 08:05:00,L8,PM,4.0,10906,10835,Ben,Day
2024-02-15 01:20:00,L9,Quality stop,1.0,6226,6085,Diya,Day
2024-05-15 21:11:00,L8,No issue,0.0,792,745,Asha,Night
2024-10-07 11:55:00,P1,No issue,0.0,2050,2041,Chen,Day
2024-01-17 05:05:00,T1,PM,0.0,8300,7189,Ben,Night
2024-11-27 02:00:00,P1,No issue,0.0,8040,7331,Ben,Day
2024-02-13 21:48:00,T1,Breakdown,0.0,11232,11136,Diya,Day
2024-03-31 19:53:00,T1,Changeover,0.0,204,185,Diya,Day
2024-09-18 06:43:00,T2,PM,4.0,7352,6725,Diya,Day
2024-11-08 05:44:00,P1,Changeover,2.0,5826,5661,Evan,Night
2024-11-24 17:56:00,T1,Changeover,1.0,9055,8710,Ben,Day
2024-07-07 05:31:00,L8,No issue,0.0,4897,4470,Unknown,Night
2024-08-09 10:32:00,T2,Changeover,0.0,5317,4570,Asha,Day
2024-06-30 10:24:00,L9,No issue,0.0,4375,4287,Chen,Night
2024-06-12 04:12:00,P1,Quality stop,2.0,7497,7032,Asha,Night
2024-09-03 11:23:00,T2,No issue,0.0,10795,9517,Asha,Day
2024-10-12 02:40:00,P1,No issue,0.0,125,121,Chen,Day
2024-08-10 05:15:00,L9,No issue,0.0,4049,3653,Asha,Night
2024-04-13 22:28:00,P1,No issue,0.0,793,776,Asha,Night
2024-12-24 01:53:00,L8,No issue,0.0,8188,6975,Asha,Night
2024-02-06 16:16:00,T2,No issue,0.0,4790,4238,Chen,Night
2024-02-29 05:45:00,T1,No issue,0.0,1562,1372,Evan,Night
2024-11-30 02:35:00,L8,PM,1.0,800,764,Asha,Day
2024-01-21 21:21:00,L9,No issue,0.0,6798,6685,Diya,Night
2024-11-15 23:00:00,L9,PM,0.0,6190,5354,Chen,Day
2024-01-28 09:46:00,L8,Changeover,4.0,4169,3946,Diya,Day
2024-10-13 06:11:00,P1,Changeover,4.0,9072,8940,Ben,Day
2024-09-19 16:10:00,L8,PM,4.0,2339,2166,Ben,Night
2024-03-17 13:18:00,L9,Changeover,0.0,10458,8910,Diya,Day
2024-11-02 20:35:00,T1,PM,0.0,7342,6938,Diya,Day
2024-07-22 07:41:00,P1,No issue,0.0,6426,6396,Asha,Day
2024-11-20 22:53:00,T1,No issue,0.0,8026,6995,Diya,Day
2024-11-12 06:59:00,T1,Changeover,0.0,207,187,Chen,Day
2024-05-19 13:41:00,L9,Breakdown,0.0,11758,10552,Evan,Night
2024-09-29 14:02:00,L9,No issue,0.0,11515,10603,Asha,Day
2024-11-15 20:47:00,L9,Breakdown,0.0,8297,8111,Unknown,Night
2024-10-31 03:43:00,P1,No issue,0.0,10612,9921,Asha,Night
2024-05-21 10:11:00,T1,No issue,0.0,10827,10303,Diya,Night
2024-07-16 08:49:00,L9,Changeover,0.0,8878,8587,Diya,Night
2024-11-22 03:24:00,P1,No issue,0.0,11812,10623,Chen,Day
2024-10-31 07:02:00,P1,No issue,0.0,11829,11557,Chen,Night
2024-04-16 20:24:00,T2,No issue,0.0,11334,11078,Diya,Day
2024-02-12 00:15:00,T1,PM,1.0,6467,6311,Diya,Day
2024-10-09 03:13:00,L8,No issue,0.0,3478,3444,Unknown,Night
2024-01-07 16:33:00,P1,Breakdown,1.0,179,152,Diya,Night
2024-05-04 05:12:00,L8,Breakdown,1.0,10446,10283,Evan,Day
2024-04-02 18:45:00,T2,No issue,0.0,1981,1927,Diya,Night
2024-07-22 14:22:00,L9,Breakdown,1.0,6911,6218,Ben,Night
2024-09-19 07:29:00,P1,No issue,0.0,4825,4621,Asha,Day
2024-06-08 22:41:00,T2,No issue,0.0,7657,6988,Chen,Night
2024-04-30 20:38:00,L8,PM,3.0,604,569,Evan,Day
2024-03-28 06:19:00,T1,No issue,0.0,3772,3301,Asha,Night
2024-08-12 05:21:00,T2,Quality stop,0.0,4192,3629,Diya,Day
2024-12-04 19:44:00,P1,Breakdown,2.0,9445,8157,Unknown,Day
2024-03-16 17:58:00,L8,Changeover,4.0,6451,6166,Asha,Night
2024-12-10 23:02:00,T1,Changeover,1.0,4263,3986,Evan,Day
2024-10-10 09:49:00,T2,No issue,0.0,1168,1160,Asha,Night
2024-04-01 07:29:00,L9,Quality stop,1.0,8000,7359,Ben,Day
2024-02-11 05:34:00,P1,Breakdown,3.0,9410,8395,Chen,Night
2024-01-31 00:16:00,L9,Breakdown,3.0,4735,4337,Chen,Day
2024-02-27 10:10:00,T2,No issue,0.0,4988,4671,Ben,Day
2024-05-31 00:49:00,L9,Changeover,1.0,8761,8722,Asha,Night
2024-09-22 15:57:00,L9,PM,0.0,4191,3633,Diya,Day
2024-02-16 06:21:00,T2,No issue,0.0,6344,5669,Diya,Day
2024-05-29 00:31:00,L9,No issue,0.0,9460,8669,Diya,Night
2024-08-08 05:24:00,T1,No issue,0.0,11971,11744,Chen,Day
2024-10-14 09:39:00,P1,No issue,0.0,1798,1535,Evan,Day
2024-06-28 06:04:00,T2,No issue,0.0,2685,2486,Diya,Day
2024-06-10 03:50:00,L9,PM,0.0,1750,1651,Ben,Night
2024-09-15 20:56:00,T1,Breakdown,0.0,9680,8317,Chen,Day
2024-04-16 03:24:00,L9,No issue,0.0,1231,1228,Ben,Night
2024-11-16 18:24:00,T1,No issue,0.0,3156,2914,Unknown,Day
2024-01-24 04:20:00,T1,Changeover,0.0,2375,2108,Evan,Night
2024-06-09 06:57:00,L9,No issue,0.0,5036,4608,Chen,Night
2024-01-02 07:28:00,T1,PM,0.0,9905,8936,Asha,Night
2024-02-12 13:33:00,P1,No issue,0.0,2573,2329,Asha,Day
2024-12-23 14:58:00,T1,Quality stop,0.0,6892,5910,Asha,Day
2024-10-18 01:12:00,L9,Changeover,0.0,11933,10774,Evan,Night
2024-10-02 08:54:00,P1,Quality stop,0.0,2400,2207,Ben,Day
2024-05-12 06:33:00,T2,Breakdown,1.0,350,339,Asha,Night
2024-01-08 18:22:00,T2,No issue,0.0,7844,6958,Asha,Day
2024-05-04 06:21:00,L8,PM,3.0,815,812,Diya,Night
2024-02-29 04:38:00,T2,Breakdown,0.0,8220,8145,Chen,Day
2024-11-01 21:13:00,T1,Breakdown,0.0,10003,8731,Evan,Day
2024-04-28 21:51:00,P1,No issue,0.0,3681,3196,Asha,Day
2024-04-11 07:58:00,T2,Breakdown,0.0,10913,10084,Chen,Night
2024-04-25 08:25:00,T1,Quality stop,1.0,569,502,Diya,Day
2024-04-07 15:43:00,T1,Quality stop,1.0,132,120,Chen,Night
2024-03-29 11:21:00,T1,Breakdown,1.0,3702,3373,Ben,Night
2024-11-19 13:24:00,L8,Quality stop,2.0,4476,3868,Evan,Night
2024-03-09 16:17:00,T1,Changeover,0.0,11471,9816,Ben,Night
2024-11-07 15:32:00,P1,No issue,0.0,9186,8445,Chen,Day
2024-01-21 19:01:00,T2,Breakdown,2.0,10429,9926,Ben,Night
2024-11-16 19:13:00,L9,No issue,0.0,4266,3809,Diya,Day
2024-10-10 07:13:00,L9,PM,0.0,5527,5423,Asha,Day
2024-03-27 10:19:00,L9,Breakdown,1.0,2206,1901,Asha,Day
2024-01-02 05:26:00,L8,No issue,0.0,9392,8603,Asha,Night
2024-05-18 00:14:00,L8,Breakdown,1.0,294,290,Asha,Night
2024-05-25 19:52:00,T2,Quality stop,1.0,2476,2283,Chen,Day
2024-07-15 17:22:00,L9,No issue,0.0,1450,1270,Chen,Day
2024-08-13 21:53:00,P1,No issue,0.0,5138,4997,Chen,Day
2024-06-08 15:10:00,L9,Breakdown,3.0,1059,989,Chen,Night
2024-12-03 17:11:00,T2,Breakdown,1.0,4948,4313,Chen,Night
2024-04-17 02:01:00,P1,Quality stop,3.0,6733,6702,Asha,Day
2024-03-09 12:43:00,T1,Quality stop,1.0,1265,1079,Evan,Day
2024-06-09 05:12:00,P1,No issue,0.0,3765,3416,Diya,Day
2024-09-21 19:11:00,T2,No issue,0.0,4446,4114,Ben,Day
2024-05-01 18:07:00,L9,No issue,0.0,1547,1318,Evan,Day
2024-05-07 17:11:00,P1,No issue,0.0,10144,9047,Evan,Night
2024-10-03 10:21:00,T2,Breakdown,0.0,7339,6885,Diya,Night
2024-04-18 13:11:00,L8,No issue,0.0,4890,4454,Chen,Night
2024-02-22 09:00:00,T2,PM,0.0,5311,4873,Asha,Night
2024-01-27 20:13:00,L8,Breakdown,0.0,2442,2342,Evan,Day
2024-11-06 13:14:00,T2,No issue,0.0,167,147,Evan,Night
2024-05-11 07:02:00,L9,PM,1.0,3286,3269,Chen,Day
2024-09-13 13:50:00,P1,Breakdown,0.0,5766,5615,Ben,Day
2024-12-21 20:07:00,T2,Changeover,0.0,358,336,Chen,Day
2024-06-03 06:10:00,T2,PM,1.0,11665,10850,Diya,Night
2024-09-05 06:25:00,P1,No issue,0.0,5844,5020,Asha,Day
2024-02-27 00:32:00,T1,PM,1.0,6897,6504,Ben,Day
2024-11-19 03:42:00,T2,No issue,0.0,4517,4100,Chen,Day
2024-03-22 09:09:00,P1,No issue,0.0,7181,6499,Asha,Night
2024-08-07 12:24:00,L9,Breakdown,0.0,3555,3102,Ben,Day
2024-10-11 18:05:00,L8,PM,1.0,1866,1608,Diya,Day
2024-03-21 09:04:00,P1,Changeover,0.0,7412,6531,Evan,Day
2024-08-06 05:20:00,T1,Breakdown,2.0,10443,9913,Unknown,Day
2024-04-07 00:50:00,L8,PM,0.0,4798,4592,Diya,Day
2024-02-29 05:45:00,T2,No issue,0.0,762,652,Diya,Day
2024-11-07 11:55:00,L8,PM,1.0,5743,5381,Evan,Day
2024-08-05 13:52:00,L9,PM,0.0,1479,1278,Chen,Day
2024-05-05 22:26:00,P1,PM,0.0,8018,7249,Chen,Day
2024-05-18 14:35:00,L9,Breakdown,1.0,6125,5431,Chen,Night
2024-06-18 05:20:00,P1,No issue,0.0,5070,4856,Asha,Night
2024-05-01 23:49:00,L9,No issue,0.0,901,814,Ben,Day
2024-03-02 01:08:00,L8,Breakdown,1.0,11049,9683,Evan,Night
2024-06-10 18:46:00,T1,No issue,0.0,5298,5120,Chen,Day
2024-10-22 10:30:00,P1,No issue,0.0,5980,5650,Chen,Night
2024-05-21 12:52:00,L9,PM,3.0,2211,2008,Evan,Day
2024-01-11 04:21:00,T1,No issue,0.0,4788,4531,Asha,Night
2024-08-18 03:38:00,L8,No issue,0.0,3687,3536,Asha,Night
2024-08-15 03:44:00,T1,No issue,0.0,11524,10654,Diya,Day
2024-11-08 10:24:00,P1,PM,1.0,10597,9349,Chen,Day
2024-06-19 23:53:00,L9,Changeover,1.0,4754,4129,Evan,Day
2024-07-29 14:17:00,T2,PM,1.0,1022,915,Chen,Night
2024-02-03 23:39:00,P1,Breakdown,1.0,11923,10937,Diya,Night
2024-12-23 05:30:00,T1,Changeover,0.0,4039,4018,Ben,Day
2024-09-28 06:57:00,P1,Breakdown,3.0,5466,4850,Ben,Day
2024-05-31 22:13:00,T2,Breakdown,0.0,2510,2260,Evan,Night
2024-12-16 20:57:00,L8,No issue,0.0,7637,7409,Ben,Night
2024-06-21 06:00:00,T2,Breakdown,3.0,5586,4911,Diya,Day
2024-07-23 06:28:00,P1,No issue,0.0,7827,7583,Asha,Day
2024-04-10 06:01:00,L9,Breakdown,2.0,529,458,Evan,Night
2024-06-15 16:53:00,L8,Quality stop,2.0,3272,3105,Diya,Day
2024-06-08 20:56:00,L9,PM,1.0,7596,7382,Diya,Day
2024-11-14 18:27:00,L8,No issue,0.0,8053,7683,Evan,Day
2024-09-12 07:56:00,T1,No issue,0.0,11058,10457,Ben,Day
2024-01-12 09:55:00,L8,Breakdown,0.0,3160,2701,Evan,Night
2024-08-27 06:37:00,P1,Breakdown,1.0,3181,2884,Asha,Day
2024-08-22 00:27:00,L9,Breakdown,0.0,6475,6250,Evan,Day
2024-10-20 01:35:00,T1,No issue,0.0,7109,6199,Chen,Day
2024-09-12 15:54:00,L8,No issue,0.0,9049,8065,Asha,Day
2024-08-08 17:04:00,L9,Breakdown,1.0,1548,1324,Chen,Night
2024-08-04 11:18:00,P1,No issue,0.0,6533,5648,Ben,Day
2024-03-20 05:02:00,T2,PM,4.0,7845,7737,Ben,Day
2024-06-06 02:45:00,T1,Quality stop,0.0,11202,10341,Ben,Day
2024-04-15 01:10:00,P1,PM,1.0,2080,2006,Chen,Day
2024-03-09 14:12:00,T1,Breakdown,0.0,9643,9012,Diya,Day
2024-04-22 00:29:00,L8,Breakdown,4.0,5502,4998,Diya,Day
2024-08-12 01:43:00,L9,No issue,0.0,6101,5814,Unknown,Day
2024-03-19 11:02:00,P1,No issue,0.0,8962,8157,Unknown,Day
2024-03-23 17:43:00,T2,Changeover,1.0,6750,6528,Chen,Night
2024-11-03 13:25:00,P1,Breakdown,0.0,1669,1542,Asha,Day
2024-01-02 05:43:00,T1,PM,0.0,2908,2846,Asha,Day
2024-01-06 15:59:00,T1,No issue,0.0,1461,1338,Evan,Day
2024-03-30 17:06:00,L8,No issue,0.0,11411,11001,Evan,Day
2024-01-23 06:34:00,L8,No issue,0.0,1885,1758,Asha,Day
2024-12-01 21:47:00,L9,No issue,0.0,9437,8164,Asha,Day
2024-03-21 19:07:00,T2,Breakdown,1.0,92,89,Ben,Night
2024-09-21 18:43:00,L8,Breakdown,1.0,7383,7256,Diya,Day
2024-12-05 13:14:00,T2,No issue,0.0,8193,7481,Diya,Day
2024-03-13 12:14:00,T1,No issue,0.0,7453,7145,Ben,Night
2024-11-02 18:33:00,T2,PM,4.0,9910,9221,Evan,Night
2024-02-19 07:21:00,L9,Breakdown,3.0,2659,2322,Diya,Night
2024-10-12 16:58:00,L9,Changeover,0.0,7599,6705,Evan,Night
2024-04-08 06:52:00,L8,No issue,0.0,1182,1061,Chen,Day
2024-07-29 19:36:00,T1,No issue,0.0,10997,9740,Evan,Day
2024-11-18 04:32:00,T1,No issue,0.0,2457,2289,Evan,Night
2024-05-07 16:35:00,T1,Changeover,2.0,6001,5464,Ben,Day
2024-10-12 17:44:00,L8,Breakdown,1.0,1909,1828,Diya,Night
2024-12-23 00:00:00,T2,No issue,0.0,119,116,Asha,Day
2024-03-19 16:28:00,L9,No issue,0.0,9392,9263,Chen,Day
2024-06-09 11:43:00,L8,Changeover,0.0,7390,6755,Diya,Day
2024-10-28 21:03:00,L9,No issue,0.0,7523,7280,Diya,Day
2024-02-20 00:37:00,L9,No issue,0.0,941,887,Diya,Day
2024-01-08 09:03:00,T2,Breakdown,4.0,2267,2184,Chen,Day
2024-11-01 21:32:00,P1,PM,0.0,5676,5615,Diya,Night
2024-07-02 00:06:00,L9,No issue,0.0,10876,9349,Chen,Day
2024-11-27 15:59:00,L8,No issue,0.0,995,983,Asha,Night
2024-03-20 11:40:00,P1,Changeover,1.0,9201,8548,Ben,Night
2024-04-05 12:50:00,T2,Changeover,1.0,6502,6151,Unknown,Night
2024-04-28 08:09:00,P1,Changeover,0.0,397,364,Ben,Day
2024-06-07 11:22:00,P1,PM,0.0,11455,11016,Asha,Day
2024-12-04 21:58:00,L8,PM,2.0,8551,7671,Evan,Day
2024-01-23 11:35:00,T2,No issue,0.0,11857,11299,Chen,Day
2024-01-26 17:35:00,L9,Breakdown,1.0,3009,2774,Evan,Night
2024-01-17 04:12:00,L8,Quality stop,1.0,9624,8243,Chen,Day
2024-11-09 12:28:00,T1,Quality stop,0.0,8870,8432,Ben,Day
2024-12-06 01:39:00,P1,No issue,0.0,11,10,Evan,Night
2024-01-05 21:29:00,L8,No issue,0.0,4388,4175,Evan,Day
2024-08-04 15:42:00,P1,No issue,0.0,3578,3366,Ben,Day
2024-05-07 18:46:00,L9,Quality stop,1.0,7678,7023,Ben,Day
2024-07-31 03:29:00,T2,Breakdown,1.0,543,496,Chen,Day
2024-03-01 09:20:00,T1,Breakdown,1.0,11720,11407,Evan,Day
2024-07-19 18:09:00,L8,Changeover,0.0,10217,10216,Ben,Day
2024-08-26 21:00:00,T1,No issue,0.0,1001,959,Ben,Night
2024-01-16 13:39:00,L9,No issue,0.0,11952,10205,Evan,Day
2024-07-18 12:47:00,P1,Breakdown,0.0,1331,1153,Asha,Day
2024-01-15 05:10:00,P1,PM,2.0,7523,7153,Chen,Night
2024-02-15 12:43:00,T2,Breakdown,0.0,2230,1962,Chen,Night
2024-06-15 11:15:00,L9,No issue,0.0,9831,9678,Chen,Day
2024-03-03 12:47:00,P1,No issue,0.0,10949,10363,Asha,Day
2024-03-10 10:21:00,T1,No issue,0.0,5881,5397,Chen,Night
2024-06-22 15:14:00,L8,Breakdown,1.0,10053,9237,Evan,Day
2024-12-19 05:28:00,L8,No issue,0.0,3150,3101,Asha,Night
2024-05-14 05:14:00,T2,No issue,0.0,7318,6259,Ben,Day
2024-08-30 15:05:00,T1,Changeover,3.0,11831,10697,Diya,Night
2024-05-12 09:32:00,L8,Breakdown,0.0,5636,5048,Asha,Day
2024-04-24 08:47:00,P1,No issue,0.0,8067,7172,Chen,Day
2024-09-19 11:21:00,T1,Quality stop,1.0,11557,10848,Chen,Day
2024-01-18 00:37:00,L8,Breakdown,0.0,11277,10466,Diya,Day
2024-08-30 04:53:00,L8,Breakdown,1.0,7763,6854,Asha,Night
2024-11-30 16:08:00,L9,Breakdown,0.0,6388,6059,Diya,Day
2024-01-07 05:24:00,T2,Breakdown,0.0,10985,9891,Chen,Day
2024-06-03 01:49:00,T2,Quality stop,1.0,7527,7119,Asha,Day
2024-12-24 15:00:00,T2,Breakdown,0.0,4584,4370,Ben,Day
2024-12-17 23:30:00,T2,No issue,0.0,1206,1083,Asha,Night
2024-08-22 09:44:00,T1,Breakdown,0.0,10441,9146,Asha,Day
2024-07-26 17:44:00,L9,No issue,0.0,1419,1268,Evan,Night
2024-04-13 16:06:00,P1,Breakdown,3.0,1993,1724,Evan,Night
2024-03-25 10:48:00,L8,Changeover,3.0,4748,4433,Evan,Day
2024-07-21 04:21:00,P1,Breakdown,0.0,10285,9349,Chen,Day
2024-12-29 22:33:00,L9,Quality stop,2.0,8097,7464,Diya,Day
2024-07-11 02:03:00,L9,No issue,0.0,2699,2525,Evan,Day
2024-08-24 03:57:00,T1,Quality stop,0.0,7312,6796,Diya,Night
2024-09-27 06:27:00,L8,PM,1.0,5735,5007,Evan,Day
2024-04-24 15:36:00,L9,No issue,0.0,1378,1206,Asha,Night
2024-09-23 10:12:00,T2,Changeover,0.0,6975,5945,Chen,Night
2024-04-13 07:31:00,T2,Changeover,4.0,1468,1288,Chen,Night
2024-10-16 09:56:00,P1,No issue,0.0,10966,9525,Diya,Day
2024-04-20 07:44:00,P1,No issue,0.0,6330,5487,Ben,Day
2024-06-26 22:15:00,L8,Breakdown,0.0,11316,10269,Ben,Night
2024-12-08 00:36:00,L8,No issue,0.0,11810,10603,Chen,Night
2024-06-23 11:26:00,P1,No issue,0.0,4109,3711,Evan,Night
2024-05-30 14:13:00,T1,Breakdown,1.0,3522,3002,Asha,Day
2024-03-19 05:24:00,P1,Changeover,4.0,7080,6158,Ben,Day
2024-09-18 03:20:00,L8,Breakdown,1.0,1646,1626,Asha,Day
2024-03-05 17:53:00,P1,No issue,0.0,4558,4266,Diya,Day
2024-03-05 03:51:00,T1,Changeover,1.0,5925,5259,Chen,Day
2024-04-21 07:47:00,T2,Quality stop,1.0,6113,5616,Diya,Day
2024-06-16 19:20:00,L8,Breakdown,0.0,8424,8128,Diya,Night
2024-01-03 01:59:00,T2,No issue,0.0,335,295,Evan,Day
2024-12-28 19:35:00,L8,No issue,0.0,9034,7754,Chen,Night
2024-08-20 17:43:00,L9,Breakdown,1.0,767,724,Diya,Night
2024-02-12 14:50:00,L8,Changeover,2.0,1236,1171,Chen,Night
2024-08-21 10:24:00,T1,Breakdown,4.0,6738,6656,Ben,Day
2024-12-09 02:37:00,L8,No issue,0.0,5787,5761,Evan,Night
2024-11-29 00:07:00,P1,Quality stop,0.0,1123,980,Chen,Night
2024-01-05 20:59:00,L9,No issue,0.0,7363,6928,Ben,Day
2024-01-02 01:56:00,L9,Quality stop,0.0,9865,8437,Ben,Day
2024-03-28 04:33:00,T1,No issue,0.0,11592,10039,Asha,Night
2024-08-20 02:45:00,L9,Breakdown,1.0,7327,6229,Diya,Night
2024-02-21 18:14:00,T2,PM,0.0,6966,6576,Asha,Night
2024-03-25 07:08:00,L9,Changeover,1.0,6931,6118,Asha,Day
2024-10-13 22:00:00,L8,PM,2.0,5205,5060,Asha,Night
2024-12-19 15:04:00,P1,Quality stop,3.0,9997,9839,Ben,Day
2024-11-25 11:45:00,T2,Breakdown,2.0,2684,2681,Evan,Night
2024-05-27 19:38:00,L8,No issue,0.0,3006,2775,Asha,Day
2024-04-01 20:50:00,T2,Breakdown,1.0,10894,10253,Asha,Day
2024-08-20 18:48:00,L9,No issue,0.0,5475,4659,Diya,Day
2024-10-01 23:00:00,T1,Breakdown,1.0,2244,1969,Chen,Night
2024-09-03 09:22:00,L8,Breakdown,3.0,8096,7078,Evan,Night
2024-05-31 20:47:00,L9,No issue,0.0,3267,2990,Evan,Night
2024-04-09 12:43:00,L9,PM,2.0,963,934,Evan,Day
2024-08-15 01:48:00,T1,No issue,0.0,1447,1322,Ben,Night
2024-10-28 02:26:00,T2,Breakdown,1.0,11211,10715,Ben,Night
2024-08-02 06:55:00,L8,No issue,0.0,7914,6903,Evan,Day
2024-07-01 23:40:00,T2,Breakdown,1.0,3780,3743,Asha,Night
2024-05-11 10:06:00,P1,No issue,0.0,3065,2705,Evan,Day
2024-12-16 11:27:00,T2,No issue,0.0,2350,2041,Asha,Day
2024-01-22 14:27:00,T1,No issue,0.0,7389,6554,Diya,Day
2024-08-07 11:39:00,T2,No issue,0.0,10381,10000,Diya,Day
2024-11-27 09:53:00,T2,PM,1.0,4493,4140,Ben,Day
2024-05-27 17:01:00,L8,Breakdown,1.0,7247,6305,Diya,Night
2024-05-18 15:31:00,L8,PM,0.0,2298,2108,Asha,Day
2024-10-17 18:27:00,P1,No issue,0.0,2590,2484,Asha,Day
2024-02-04 19:16:00,P1,PM,1.0,3140,2940,Diya,Night
2024-08-22 08:04:00,P1,PM,0.0,7681,6533,Chen,Day
2024-07-12 03:06:00,L8,Breakdown,1.0,6880,6877,Chen,Day
2024-08-09 05:14:00,L8,No issue,0.0,11395,11201,Unknown,Day
2024-12-13 00:54:00,L8,Quality stop,3.0,6186,5849,Diya,Night
2024-08-25 08:01:00,T2,Breakdown,0.0,10051,9947,Asha,Day
2024-03-29 22:35:00,T1,Breakdown,0.0,3128,2726,Ben,Day
2024-03-11 18:39:00,L9,Quality stop,4.0,7866,7508,Diya,Day
2024-01-19 14:39:00,T1,PM,2.0,3104,3018,Ben,Day
2024-01-28 10:57:00,P1,No issue,0.0,2582,2557,Chen,Day
2024-08-15 06:51:00,L9,PM,0.0,895,807,Evan,Day
2024-07-17 13:35:00,T2,Breakdown,0.0,6992,6764,Ben,Night
2024-06-18 14:10:00,P1,No issue,0.0,11734,10382,Diya,Day
2024-02-14 00:16:00,L9,No issue,0.0,9385,9346,Evan,Day
2024-06-13 17:03:00,L8,Breakdown,3.0,11890,10552,Diya,Day
2024-10-09 19:03:00,L9,No issue,0.0,8117,8083,Ben,Night
2024-05-20 21:37:00,T2,Breakdown,1.0,10855,10346,Unknown,Night
2024-04-20 03:56:00,L9,Changeover,0.0,3040,2610,Diya,Day
2024-12-06 19:00:00,L9,PM,1.0,984,856,Evan,Night
2024-02-26 17:57:00,L8,No issue,0.0,6501,5618,Chen,Night
2024-11-02 22:48:00,L8,PM,1.0,8152,7356,Chen,Day
2024-02-02 04:48:00,L9,No issue,0.0,7585,7228,Asha,Day
2024-10-01 15:50:00,P1,Breakdown,0.0,9194,8188,Asha,Day
2024-03-30 11:34:00,L8,No issue,0.0,1285,1095,Unknown,Day
2024-05-08 02:59:00,T1,No issue,0.0,4307,3828,Diya,Day
2024-10-22 04:25:00,L9,Breakdown,2.0,10319,9173,Ben,Night
2024-07-20 18:34:00,T1,Changeover,1.0,5102,4692,Asha,Day
2024-01-12 04:11:00,P1,No issue,0.0,11761,11375,Chen,Night
2024-09-19 07:54:00,T1,Breakdown,1.0,9723,8540,Diya,Day
2024-04-29 02:08:00,T1,Breakdown,2.0,2923,2555,Diya,Night
2024-04-12 06:04:00,T1,No issue,0.0,2752,2384,Evan,Night
2024-04-19 17:27:00,L8,PM,0.0,9697,8618,Diya,Day
2024-02-28 20:09:00,L9,No issue,0.0,7691,6627,Chen,Day
2024-03-20 09:09:00,P1,Breakdown,0.0,5038,4846,Chen,Day
2024-12-01 15:37:00,T2,No issue,0.0,2663,2417,Ben,Day
2024-04-22 18:06:00,T2,PM,1.0,11823,10170,Chen,Day
2024-08-12 18:34:00,P1,No issue,0.0,9711,8570,Asha,Night
2024-03-04 03:41:00,P1,No issue,0.0,3242,2829,Diya,Day
2024-12-27 04:23:00,T1,No issue,0.0,3128,2828,Evan,Night
2024-07-02 06:25:00,L8,Changeover,4.0,11308,10714,Diya,Day
2024-04-11 09:07:00,P1,No issue,0.0,11355,11299,Unknown,Night
2024-01-15 23:27:00,L8,Breakdown,2.0,6005,5121,Diya,Night
2024-07-28 12:54:00,T1,No issue,0.0,7585,6834,Diya,Day
2024-02-15 21:38:00,T2,Changeover,0.0,8892,8782,Chen,Night
2024-08-30 14:01:00,L8,No issue,0.0,5546,5136,Ben,Night
2024-06-13 04:46:00,L8,No issue,0.0,8072,7499,Asha,Night
2024-07-13 02:26:00,T1,No issue,0.0,192,168,Asha,Night
2024-01-18 23:24:00,L8,PM,0.0,9587,9542,Chen,Night
2024-08-29 12:14:00,P1,Breakdown,2.0,4677,4498,Chen,Night
2024-12-15 11:29:00,P1,Changeover,2.0,6812,6153,Unknown,Night
2024-10-03 13:18:00,P1,No issue,0.0,9240,8632,Chen,Night
2024-08-16 17:30:00,L8,No issue,0.0,1105,1063,Chen,Day
2024-08-29 23:02:00,T1,Breakdown,1.0,7880,7588,Chen,Day
2024-06-10 10:29:00,P1,PM,0.0,11806,11210,Evan,Day
2024-05-07 08:06:00,T2,Breakdown,4.0,9574,9502,Ben,Day
2024-08-16 04:25:00,P1,No issue,0.0,4430,4076,Chen,Day
2024-01-05 19:57:00,T1,Breakdown,1.0,6100,5775,Asha,Night
2024-11-04 06:24:00,L8,No issue,0.0,10708,9392,Evan,Day
2024-07-31 18:01:00,T2,No issue,0.0,2997,2774,Asha,Day
2024-11-04 23:20:00,T2,No issue,0.0,4610,4089,Ben,Day
2024-07-04 12:46:00,P1,Changeover,1.0,3900,3789,Diya,Day
2024-06-05 12:05:00,T1,PM,0.0,6457,6375,Asha,Night
2024-07-19 04:05:00,P1,Breakdown,0.0,3266,2864,Evan,Day
2024-11-21 07:36:00,L9,Quality stop,0.0,5133,5059,Evan,Night
2024-05-23 10:27:00,L8,No issue,0.0,3312,2961,Ben,Night
2024-11-01 10:06:00,P1,No issue,0.0,6328,5533,Evan,Day
2024-01-14 16:39:00,T1,No issue,0.0,11749,11390,Diya,Night
2024-01-31 16:40:00,P1,No issue,0.0,4675,4132,Unknown,Day
2024-01-05 09:41:00,T1,Breakdown,3.0,2119,1953,Evan,Day
2024-10-21 23:15:00,L8,PM,0.0,9229,9075,Diya,Day
2024-02-14 22:15:00,L8,No issue,0.0,9267,9212,Chen,Day
2024-09-29 14:42:00,T1,Quality stop,1.0,5664,5113,Ben,Night
2024-11-02 08:28:00,T1,Quality stop,0.0,2698,2575,Diya,Day
2024-12-23 09:25:00,T2,No issue,0.0,10356,9362,Unknown,Day
2024-10-31 23:53:00,T2,No issue,0.0,1609,1417,Ben,Day
2024-04-18 05:34:00,P1,PM,2.0,6537,6200,Evan,Day
2024-07-04 07:30:00,L8,No issue,0.0,3747,3397,Chen,Night
2024-08-23 04:10:00,L9,Changeover,0.0,10829,9679,Evan,Day
2024-10-10 00:49:00,L8,Changeover,3.0,3560,3269,Asha,Night
2024-02-01 09:24:00,L8,No issue,0.0,2299,2169,Chen,Day
2024-03-16 00:54:00,L8,Breakdown,0.0,6159,6153,Ben,Day
2024-08-09 20:46:00,P1,Changeover,1.0,8718,8254,Evan,Day
2024-08-25 17:07:00,T2,Quality stop,0.0,2390,2098,Evan,Night
2024-10-17 06:05:00,L8,PM,1.0,11199,10457,Chen,Day
2024-04-09 02:44:00,L8,No issue,0.0,3293,3190,Ben,Day
2024-11-06 05:12:00,T2,Quality stop,1.0,9227,9204,Evan,Day
2024-10-10 06:37:00,L8,PM,1.0,3357,3079,Asha,Night
2024-10-04 11:04:00,T2,Breakdown,0.0,11176,10258,Ben,Night
2024-09-20 22:56:00,T1,PM,1.0,877,836,Chen,Day
2024-04-05 13:47:00,T2,No issue,0.0,8433,7248,Evan,Night
2024-12-20 20:10:00,L8,No issue,0.0,3474,2987,Diya,Day
2024-12-16 20:30:00,P1,Breakdown,0.0,8193,7717,Chen,Night
2024-06-21 16:50:00,T1,No issue,0.0,10789,10670,Evan,Night
2024-08-14 18:25:00,L9,PM,0.0,3029,3010,Asha,Day
2024-05-23 17:46:00,P1,Breakdown,1.0,11664,10484,Ben,Day
2024-07-31 06:30:00,T2,Quality stop,1.0,5090,4881,Ben,Night
2024-04-27 12:07:00,L8,Breakdown,1.0,5624,4818,Chen,Day
2024-08-20 03:38:00,L8,No issue,0.0,2485,2129,Ben,Night
2024-09-04 22:07:00,T2,Quality stop,2.0,8832,7836,Ben,Day
2024-08-30 20:23:00,T2,No issue,0.0,1797,1621,Asha,Day
2024-11-18 06:04:00,P1,PM,1.0,5008,4453,Unknown,Day
2024-02-10 14:19:00,T2,Breakdown,0.0,511,481,Ben,Night
2024-11-25 04:36:00,T1,Quality stop,0.0,9254,9134,Evan,Night
2024-05-20 19:09:00,L8,Breakdown,3.0,5596,5436,Chen,Night
2024-10-28 20:44:00,L9,Breakdown,0.0,652,577,Diya,Day
2024-10-08 07:10:00,L9,Breakdown,0.0,833,741,Evan,Day
2024-07-30 10:39:00,P1,No issue,0.0,2981,2778,Unknown,Day
2024-08-30 16:16:00,L9,Changeover,0.0,6647,6266,Asha,Day
2024-10-18 10:35:00,T1,No issue,0.0,8425,7463,Chen,Night
2024-12-09 04:56:00,L9,Breakdown,1.0,1545,1355,Ben,Day
2024-09-09 11:06:00,L9,No issue,0.0,10990,10211,Asha,Day
2024-09-13 22:39:00,P1,Breakdown,2.0,7086,6733,Asha,Day
2024-03-29 06:51:00,T1,Breakdown,2.0,9651,8287,Asha,Night
2024-09-08 13:44:00,L8,Quality stop,0.0,7822,7062,Ben,Night
2024-10-14 19:10:00,T2,No issue,0.0,1880,1730,Ben,Night
2024-03-10 20:20:00,T2,Breakdown,1.0,6772,6191,Ben,Day
2024-05-18 01:17:00,T1,Changeover,1.0,9597,8641,Evan,Day
2024-04-05 08:19:00,L8,No issue,0.0,9925,9283,Asha,Day
2024-06-07 09:26:00,L8,Breakdown,1.0,4023,3590,Ben,Night
2024-01-13 23:48:00,L9,Changeover,0.0,5409,5351,Chen,Day
2024-07-21 01:24:00,P1,Changeover,1.0,7597,6911,Evan,Night
2024-03-12 16:00:00,L8,Changeover,3.0,2506,2220,Chen,Night
2024-07-17 17:37:00,L8,Breakdown,2.0,4873,4730,Diya,Night
2024-07-07 08:10:00,P1,PM,3.0,2763,2433,Diya,Day
2024-07-05 22:54:00,L9,No issue,0.0,11381,9791,Asha,Night
2024-06-23 07:37:00,L8,Breakdown,0.0,3817,3389,Ben,Day
2024-09-05 11:45:00,T2,No issue,0.0,10193,9650,Chen,Night
2024-07-15 08:19:00,T1,No issue,0.0,7846,7745,Chen,Day
2024-03-29 12:27:00,T1,No issue,0.0,11369,11203,Asha,Night
2024-07-06 23:10:00,T1,No issue,0.0,10459,9664,Ben,Day
2024-01-22 20:15:00,P1,No issue,0.0,9001,8658,Asha,Day
2024-04-29 13:18:00,L8,Breakdown,0.0,11082,9552,Ben,Night
2024-03-27 22:59:00,T1,No issue,0.0,1978,1750,Ben,Night
2024-05-30 22:28:00,L8,No issue,0.0,481,448,Unknown,Day
2024-10-02 20:44:00,T2,Changeover,0.0,1856,1635,Diya,Night
2024-01-13 01:49:00,L8,Breakdown,2.0,6141,5669,Chen,Day
2024-04-18 00:34:00,L9,No issue,0.0,11122,10723,Diya,Day
2024-03-18 13:36:00,P1,Quality stop,0.0,9966,9132,Chen,Night
2024-02-12 12:09:00,T2,Quality stop,2.0,9447,8835,Diya,Day
2024-03-24 05:01:00,T2,Breakdown,0.0,5439,5220,Ben,Night
2024-08-09 21:07:00,T1,Breakdown,0.0,7846,6976,Diya,Night
2024-02-15 22:59:00,T1,Changeover,0.0,1929,1816,Diya,Day
2024-07-19 19:33:00,T1,Quality stop,0.0,8835,8097,Evan,Night
2024-06-19 08:48:00,P1,PM,0.0,7062,6670,Asha,Day
2024-09-11 14:22:00,T2,PM,0.0,9859,9418,Evan,Night
2024-11-23 08:08:00,T1,Breakdown,1.0,10623,9784,Ben,Night
2024-02-01 23:55:00,L8,PM,3.0,9895,8794,Chen,Day
2024-03-30 19:48:00,L8,Breakdown,2.0,7946,7574,Diya,Night
2024-08-06 05:20:00,L8,No issue,0.0,7844,7733,Ben,Day
2024-08-15 13:39:00,L9,PM,0.0,5344,4546,Ben,Night
2024-05-09 20:45:00,T2,Breakdown,3.0,3002,2640,Evan,Day
2024-09-02 16:30:00,T1,Changeover,2.0,5834,5727,Evan,Night
2024-05-05 11:59:00,T1,Breakdown,3.0,6181,5328,Diya,Day
2024-12-23 15:42:00,L9,Quality stop,3.0,6521,5804,Asha,Day
2024-08-27 00:04:00,T2,Breakdown,1.0,5463,5085,Diya,Day
2024-05-01 23:22:00,L8,Breakdown,0.0,11920,11641,Asha,Day
2024-02-16 07:34:00,T2,PM,0.0,11095,10093,Ben,Day
2024-11-19 11:46:00,L8,Breakdown,0.0,3839,3409,Ben,Day
2024-12-06 16:01:00,L9,Breakdown,3.0,6480,5727,Chen,Day
2024-12-23 16:09:00,L9,No issue,0.0,7698,7040,Ben,Night
2024-12-20 13:06:00,T1,Quality stop,1.0,11584,11183,Ben,Night
2024-01-09 10:38:00,L9,No issue,0.0,10723,10312,Ben,Night
2024-04-24 07:37:00,L9,Quality stop,1.0,9686,9677,Asha,Night
2024-02-06 21:09:00,T1,PM,1.0,11044,10761,Ben,Night
2024-11-15 06:26:00,L9,Quality stop,1.0,2144,1859,Unknown,Day
2024-02-02 23:06:00,P1,No issue,0.0,6487,6078,Diya,Day
2024-01-01 07:07:00,L9,Breakdown,0.0,75,67,Chen,Day
2024-10-01 11:41:00,T1,No issue,0.0,8369,7971,Diya,Day
2024-02-02 07:23:00,L8,PM,2.0,9842,9826,Chen,Day
2024-05-13 14:43:00,T1,No issue,0.0,2577,2389,Ben,Night
2024-07-13 22:57:00,L8,Breakdown,1.0,330,315,Asha,Day
2024-12-09 09:40:00,P1,Quality stop,1.0,11001,10527,Asha,Day
2024-06-06 11:22:00,P1,Breakdown,1.0,4549,4163,Unknown,Day
2024-11-03 14:03:00,T2,No issue,0.0,5813,5096,Diya,Day
2024-12-28 01:20:00,L8,Breakdown,2.0,736,723,Ben,Night
2024-09-08 23:56:00,P1,PM,1.0,11706,11103,Diya,Day
2024-06-26 15:52:00,P1,Changeover,0.0,1671,1605,Chen,Night
2024-02-17 12:27:00,P1,Breakdown,3.0,9398,9350,Diya,Night
2024-12-10 13:51:00,L8,Changeover,2.0,1867,1637,Evan,Day
2024-04-12 11:16:00,P1,No issue,0.0,8819,8448,Chen,Day
2024-03-15 07:47:00,T2,No issue,0.0,8482,7891,Ben,Night
2024-02-25 05:16:00,L8,No issue,0.0,1668,1596,Chen,Night
2024-09-16 16:41:00,T1,No issue,0.0,10175,9573,Ben,Day
2024-08-02 09:45:00,T1,Quality stop,0.0,10843,10149,Diya,Day
2024-06-19 03:32:00,T2,No issue,0.0,5110,4413,Ben,Night
2024-04-06 07:14:00,T1,No issue,0.0,6749,6123,Evan,Night
2024-06-27 01:05:00,L8,PM,1.0,2978,2865,Asha,Day
2024-09-28 12:56:00,P1,Breakdown,2.0,1598,1512,Ben,Night
2024-01-03 15:05:00,T2,No issue,0.0,10134,8672,Ben,Day
2024-05-30 23:05:00,T1,Breakdown,0.0,7876,7782,Diya,Night
2024-04-12 18:13:00,L8,No issue,0.0,6428,6426,Asha,Day
2024-12-23 15:37:00,L9,PM,0.0,2091,1820,Unknown,Day
2024-08-09 18:25:00,L8,No issue,0.0,6057,5472,Asha,Day
2024-07-21 21:46:00,L8,PM,4.0,1784,1604,Asha,Day
2024-09-13 21:34:00,P1,PM,1.0,10316,9452,Diya,Day
2024-07-29 09:44:00,P1,PM,1.0,3337,2990,Evan,Day
2024-02-14 01:20:00,T2,No issue,0.0,9017,7789,Asha,Day
2024-03-24 22:39:00,P1,Breakdown,3.0,9023,8908,Diya,Day
2024-08-31 11:03:00,L9,Quality stop,1.0,5665,5344,Evan,Day
2024-09-20 23:26:00,P1,No issue,0.0,4573,4476,Diya,Day
2024-05-19 19:06:00,T2,Changeover,0.0,3047,2850,Chen,Night
2024-03-24 10:04:00,L9,Quality stop,1.0,11089,9811,Diya,Day
2024-01-25 00:17:00,L9,No issue,0.0,10045,9308,Ben,Day
2024-07-02 04:11:00,T2,No issue,0.0,3323,3151,Chen,Night
2024-07-27 11:50:00,P1,PM,1.0,5383,4993,Ben,Night
2024-01-13 20:23:00,L9,No issue,0.0,602,561,Asha,Night
2024-12-21 20:18:00,T1,No issue,0.0,3080,3079,Chen,Day
2024-03-17 06:55:00,L9,No issue,0.0,6848,5988,Chen,Day
2024-04-07 22:58:00,P1,No issue,0.0,3062,2639,Asha,Day
2024-12-09 18:40:00,T1,No issue,0.0,11734,11580,Ben,Day
2024-11-21 21:59:00,T1,PM,3.0,3264,3048,Diya,Day
2024-05-30 01:28:00,L8,Quality stop,1.0,9646,9415,Ben,Night
2024-08-26 15:21:00,P1,No issue,0.0,1201,1044,Asha,Night
2024-01-18 16:09:00,T1,No issue,0.0,6295,5700,Diya,Night
2024-12-11 19:41:00,P1,No issue,0.0,6953,6697,Ben,Day
2024-04-08 01:19:00,L9,Breakdown,0.0,3356,3022,Ben,Day
2024-06-09 09:09:00,T1,Breakdown,1.0,7508,7463,Asha,Day
2024-01-30 04:47:00,L8,Breakdown,2.0,2251,2122,Diya,Day
2024-01-25 21:56:00,L9,No issue,0.0,1332,1185,Ben,Night
2024-07-19 17:25:00,L8,No issue,0.0,2798,2381,Chen,Day
2024-08-16 06:28:00,P1,PM,1.0,8255,8052,Diya,Day
2024-06-18 22:18:00,T1,No issue,0.0,7029,6857,Chen,Day
2024-10-26 10:19:00,L9,Changeover,0.0,3818,3606,Diya,Day
2024-06-24 00:24:00,L8,Breakdown,1.0,919,857,Chen,Day
2024-11-29 02:51:00,L9,No issue,0.0,8211,7872,Asha,Day
2024-06-06 08:24:00,P1,No issue,0.0,10932,10497,Diya,Day
2024-09-18 09:32:00,L8,No issue,0.0,4904,4383,Diya,Night
2024-10-05 18:57:00,P1,PM,3.0,3182,3157,Unknown,Day
2024-07-22 21:40:00,T1,PM,0.0,1139,1013,Chen,Day
2024-05-17 12:21:00,T2,No issue,0.0,2726,2542,Diya,Night
2024-04-10 21:33:00,T2,Breakdown,4.0,1232,1054,Diya,Night
2024-11-16 06:15:00,L8,No issue,0.0,8563,8017,Chen,Day
2024-04-07 09:06:00,P1,Breakdown,0.0,8921,8891,Ben,Day
2024-07-03 08:33:00,L8,Breakdown,0.0,8852,7915,Ben,Day
2024-08-16 08:34:00,P1,No issue,0.0,2476,2312,Chen,Night
2024-02-06 00:22:00,T1,Quality stop,0.0,5235,5196,Evan,Day
2024-09-28 17:30:00,T1,No issue,0.0,3720,3710,Evan,Day
2024-10-29 03:14:00,T2,No issue,0.0,2469,2458,Asha,Night
2024-01-30 20:38:00,T2,Breakdown,4.0,9857,8655,Ben,Day
2024-04-29 00:11:00,T2,Breakdown,0.0,4052,3843,Ben,Day
2024-06-12 06:17:00,L8,No issue,0.0,2362,2144,Asha,Night
2024-06-05 19:10:00,T2,Quality stop,3.0,8982,8321,Ben,Day
2024-01-22 00:08:00,L9,Quality stop,2.0,2853,2786,Unknown,Day
2024-11-05 00:08:00,L8,Quality stop,0.0,6233,6130,Chen,Day
2024-01-29 04:33:00,L8,No issue,0.0,5441,4868,Evan,Day
2024-11-03 18:33:00,L8,No issue,0.0,1412,1316,Ben,Day
2024-11-30 12:45:00,T1,No issue,0.0,3669,3314,Diya,Day
2024-07-18 00:28:00,T2,Breakdown,0.0,10910,10126,Asha,Day
2024-09-09 06:49:00,T1,No issue,0.0,2701,2296,Ben,Night
2024-08-03 08:14:00,T2,No issue,0.0,3267,2993,Asha,Day
2024-05-11 08:24:00,L9,PM,1.0,2935,2911,Diya,Night
2024-09-28 01:08:00,L9,No issue,0.0,1315,1261,Asha,Day
2024-05-11 07:41:00,T1,No issue,0.0,3721,3360,Evan,Day
2024-03-18 20:47:00,L8,No issue,0.0,10305,9187,Diya,Day
2024-12-21 23:34:00,L9,Quality stop,2.0,11275,9938,Chen,Day
2024-12-23 21:16:00,L8,No issue,0.0,203,180,Chen,Day
2024-08-22 21:13:00,T2,No issue,0.0,1101,989,Asha,Day
2024-08-10 12:33:00,T1,Changeover,0.0,3493,3392,Chen,Night
2024-03-31 14:21:00,P1,PM,3.0,1413,1288,Ben,Day
2024-10-21 16:16:00,T2,PM,0.0,1896,1649,Ben,Day
2024-04-13 01:19:00,T1,PM,0.0,2609,2225,Chen,Day
2024-08-02 14:10:00,L9,No issue,0.0,872,835,Chen,Day
2024-11-04 16:32:00,L9,Breakdown,1.0,5437,5082,Diya,Night
2024-11-24 04:01:00,T1,No issue,0.0,1821,1786,Diya,Night
2024-04-14 12:29:00,P1,Changeover,1.0,8202,7764,Chen,Day
2024-12-29 12:11:00,L9,No issue,0.0,7213,6729,Chen,Day
2024-01-18 13:11:00,L9,PM,2.0,368,340,Chen,Night
2024-11-05 02:32:00,L9,Breakdown,1.0,4800,4088,Asha,Night
2024-08-17 08:40:00,P1,Breakdown,0.0,7867,7300,Unknown,Night
2024-07-27 17:26:00,L8,Breakdown,0.0,2840,2752,Chen,Day
2024-03-29 22:00:00,P1,Breakdown,0.0,8158,7819,Asha,Day
2024-07-04 00:21:00,P1,Quality stop,1.0,4697,4492,Asha,Night
2024-02-09 16:41:00,L9,No issue,0.0,10195,9377,Diya,Night
2024-11-05 16:12:00,L8,Quality stop,2.0,10181,9393,Evan,Night
2024-02-12 07:58:00,L9,No issue,0.0,4335,4284,Chen,Day
2024-04-17 14:34:00,L9,Breakdown,2.0,2130,1990,Evan,Day
2024-05-04 06:40:00,L9,Breakdown,0.0,3111,2868,Evan,Night
2024-01-12 03:31:00,L8,No issue,0.0,10571,9112,Chen,Day
2024-01-28 22:45:00,L8,Changeover,1.0,10014,9690,Chen,Night
2024-04-28 17:40:00,L8,PM,1.0,2368,2322,Evan,Night
2024-10-28 09:07:00,T2,Breakdown,1.0,3516,3504,Diya,Night
2024-01-11 00:11:00,P1,No issue,0.0,97,86,Evan,Day
2024-07-07 06:32:00,L8,Changeover,0.0,2558,2259,Evan,Night
2024-02-24 07:25:00,L9,Breakdown,0.0,10130,9215,Ben,Day
2024-08-17 18:14:00,T1,No issue,0.0,2454,2376,Diya,Day
2024-11-02 03:56:00,L8,No issue,0.0,11680,10822,Chen,Night
2024-10-09 13:14:00,T1,Quality stop,1.0,4277,3960,Unknown,Day
2024-08-26 03:58:00,P1,Quality stop,0.0,3488,3145,Ben,Night
2024-05-09 14:40:00,L9,Quality stop,1.0,6073,5490,Diya,Night
2024-01-18 05:30:00,T2,Breakdown,1.0,5751,5690,Asha,Day
2024-06-23 06:28:00,P1,PM,0.0,11530,10315,Chen,Day
2024-05-18 19:24:00,L8,No issue,0.0,8027,7758,Asha,Day
2024-09-23 03:00:00,T2,Changeover,0.0,11768,11528,Evan,Day
2024-06-24 09:36:00,L9,No issue,0.0,3113,3013,Evan,Night
2024-10-20 01:59:00,P1,Changeover,3.0,3344,2988,Chen,Day
2024-09-09 20:15:00,L9,No issue,0.0,1096,1063,Ben,Night
2024-06-15 01:09:00,P1,No issue,0.0,1876,1849,Unknown,Day
2024-04-06 14:00:00,L9,No issue,0.0,9528,9027,Asha,Night
2024-10-31 10:09:00,T2,Quality stop,1.0,837,743,Chen,Day
2024-01-04 13:35:00,T1,No issue,0.0,9932,9514,Chen,Day
2024-05-21 14:18:00,P1,Quality stop,2.0,4396,4192,Evan,Night
2024-07-13 14:28:00,P1,Breakdown,2.0,4375,3932,Asha,Day
2024-12-29 19:50:00,P1,Changeover,0.0,7009,6730,Asha,Day
2024-08-27 18:25:00,L8,No issue,0.0,3032,2990,Diya,Day
2024-08-05 15:25:00,P1,Breakdown,0.0,10504,9776,Diya,Day
2024-06-21 02:43:00,L8,Quality stop,1.0,2331,2114,Asha,Night
2024-04-13 15:40:00,L8,Quality stop,0.0,506,446,Diya,Night
2024-03-27 18:22:00,T1,Quality stop,0.0,6145,6094,Chen,Night
2024-08-10 01:11:00,L8,No issue,0.0,5246,4628,Ben,Day
2024-04-27 02:32:00,P1,No issue,0.0,9993,9777,Ben,Night
2024-05-15 23:29:00,T1,PM,0.0,3898,3508,Diya,Day
2024-08-05 07:59:00,L8,No issue,0.0,267,264,Ben,Day
2024-12-05 02:00:00,T2,Breakdown,0.0,3772,3396,Ben,Night
2024-07-08 10:22:00,L9,No issue,0.0,8372,8018,Chen,Day
2024-07-12 12:23:00,P1,No issue,0.0,3558,3212,Evan,Night
2024-06-12 11:15:00,L8,Changeover,2.0,2621,2544,Diya,Night
2024-11-24 03:47:00,L9,No issue,0.0,2568,2447,Evan,Day
2024-06-13 20:48:00,P1,No issue,0.0,8752,8092,Ben,Night
2024-07-19 03:28:00,L9,Breakdown,2.0,3927,3900,Evan,Day
2024-07-28 05:13:00,T1,No issue,0.0,553,488,Unknown,Day
2024-09-13 02:17:00,L8,Breakdown,0.0,8500,8197,Asha,Day
2024-09-24 22:10:00,L8,No issue,0.0,6210,5807,Diya,Night
2024-07-09 21:46:00,T2,No issue,0.0,4247,3969,Evan,Night
2024-11-20 13:50:00,T1,Quality stop,4.0,5460,4892,Asha,Night
2024-02-13 10:14:00,T1,Breakdown,0.0,11260,11158,Asha,Day
2024-12-05 01:57:00,T2,No issue,0.0,6743,6018,Ben,Day
2024-06-23 19:33:00,P1,No issue,0.0,116,106,Asha,Day
2024-10-07 23:17:00,L8,No issue,0.0,4492,4344,Unknown,Day
2024-02-17 12:51:00,T1,PM,4.0,1200,1115,Chen,Night
2024-08-08 01:50:00,P1,No issue,0.0,7920,6852,Asha,Day
2024-10-17 23:16:00,L8,Breakdown,4.0,2049,2031,Chen,Day
2024-04-04 17:07:00,P1,Changeover,0.0,2786,2430,Ben,Day
2024-12-21 08:24:00,T1,Breakdown,2.0,6296,6152,Asha,Day
2024-02-05 04:25:00,T1,No issue,0.0,2306,2287,Chen,Night
2024-12-20 20:31:00,L9,PM,2.0,9610,8843,Diya,Night
2024-01-31 14:28:00,T2,Quality stop,1.0,1135,1013,Evan,Day
2024-09-27 07:22:00,L9,Breakdown,1.0,10288,9595,Evan,Day
2024-08-07 03:48:00,P1,Changeover,0.0,5165,4986,Asha,Day
2024-09-29 03:52:00,P1,No issue,0.0,11463,10940,Chen,Day
2024-05-18 00:09:00,T2,Changeover,1.0,3770,3473,Ben,Day
2024-09-26 03:59:00,L9,No issue,0.0,2805,2629,Chen,Day
2024-09-04 21:42:00,L9,No issue,0.0,2868,2495,Chen,Day
2024-07-31 04:07:00,T1,Quality stop,1.0,10424,10192,Chen,Night
2024-11-07 11:04:00,P1,PM,2.0,9600,9400,Ben,Day
2024-01-04 15:29:00,T2,No issue,0.0,11076,10335,Asha,Night
2024-10-15 04:48:00,T1,Breakdown,2.0,9302,8366,Diya,Day
2024-02-16 10:17:00,T2,Breakdown,1.0,10261,8744,Chen,Day
2024-12-24 05:50:00,T2,No issue,0.0,8304,7421,Asha,Day
2024-10-23 20:56:00,L8,PM,2.0,11908,11577,Ben,Night
2024-02-06 03:55:00,P1,No issue,0.0,11268,11261,Ben,Day
2024-05-26 02:24:00,P1,Quality stop,4.0,9998,9403,Asha,Night
2024-02-17 02:45:00,L8,Quality stop,4.0,8606,8569,Asha,Day
2024-12-15 23:47:00,L9,No issue,0.0,9760,8880,Diya,Night
2024-08-02 03:56:00,L9,PM,1.0,6052,5178,Asha,Night
2024-08-16 02:11:00,T1,No issue,0.0,8709,7580,Asha,Day
2024-02-20 10:21:00,P1,PM,1.0,1944,1861,Chen,Day
2024-05-02 21:50:00,P1,No issue,0.0,9339,8483,Chen,Night
2024-03-10 03:34:00,L8,No issue,0.0,7907,6730,Diya,Day
2024-04-11 08:22:00,L8,Quality stop,2.0,5833,5136,Evan,Day
2024-12-25 14:22:00,T2,No issue,0.0,3142,2788,Evan,Day
2024-12-06 16:55:00,T1,No issue,0.0,6981,6117,Diya,Night
2024-05-12 14:45:00,T2,No issue,0.0,2869,2576,Evan,Night
2024-05-20 05:12:00,T2,Changeover,0.0,10275,9741,Asha,Day
2024-03-08 12:26:00,T1,No issue,0.0,1337,1257,Asha,Night
2024-09-19 23:52:00,T1,Breakdown,1.0,6516,5774,Diya,Day
2024-02-25 19:01:00,L9,Quality stop,1.0,10428,9697,Asha,Night
2024-05-13 11:47:00,P1,No issue,0.0,10348,9719,Unknown,Night
2024-04-19 12:21:00,L9,No issue,0.0,8205,7764,Ben,Day
2024-03-31 04:51:00,T2,Changeover,1.0,4678,4665,Asha,Day
2024-01-19 09:55:00,P1,PM,1.0,4196,4053,Diya,Day
2024-04-23 06:28:00,T1,PM,1.0,5081,4689,Evan,Night
2024-12-06 04:21:00,T2,Breakdown,1.0,3905,3629,Chen,Day
2024-11-12 07:08:00,T2,No issue,0.0,3448,3139,Asha,Day
2024-06-17 01:45:00,T1,Changeover,0.0,9126,8485,Evan,Day
2024-07-07 22:46:00,L8,Quality stop,2.0,5692,4844,Asha,Night
2024-08-04 14:32:00,P1,No issue,0.0,3437,3318,Evan,Day
2024-04-29 17:28:00,L8,PM,1.0,6957,6430,Chen,Day
2024-05-14 22:13:00,L9,Breakdown,1.0,801,698,Evan,Night
2024-12-29 10:17:00,T2,Breakdown,0.0,942,822,Diya,Day
2024-04-15 10:21:00,T1,No issue,0.0,1850,1589,Asha,Day
2024-01-05 04:18:00,T2,PM,4.0,6354,6228,Evan,Day
2024-10-01 10:13:00,T1,Changeover,0.0,5590,4877,Asha,Day
2024-07-22 14:18:00,L8,PM,1.0,11071,9478,Ben,Night
2024-08-06 18:38:00,P1,PM,1.0,7998,7148,Chen,Day
2024-06-06 17:58:00,P1,No issue,0.0,2657,2341,Ben,Day
2024-09-05 02:38:00,T1,Quality stop,0.0,1941,1690,Ben,Day
2024-02-08 23:03:00,T1,Breakdown,3.0,6277,5971,Asha,Night
2024-09-13 19:45:00,P1,Breakdown,1.0,6845,5876,Diya,Day
2024-10-28 10:07:00,P1,Changeover,0.0,6101,5927,Diya,Day
2024-01-21 14:51:00,P1,No issue,0.0,3034,2996,Asha,Night
2024-02-24 08:48:00,T2,Breakdown,2.0,804,777,Diya,Night
2024-05-03 21:41:00,T1,No issue,0.0,4453,4211,Unknown,Day
2024-11-22 11:33:00,T2,No issue,0.0,9796,8905,Ben,Day
2024-11-02 22:41:00,P1,Breakdown,4.0,2512,2299,Ben,Day
2024-12-01 22:06:00,L8,No issue,0.0,6938,6088,Diya,Day
2024-05-31 16:46:00,L8,Breakdown,1.0,4559,4221,Ben,Night
2024-08-30 08:50:00,P1,No issue,0.0,1274,1131,Evan,Night
2024-11-25 19:50:00,P1,No issue,0.0,6036,6018,Chen,Day
2024-12-11 14:07:00,L9,PM,1.0,1540,1471,Chen,Night
2024-03-05 09:03:00,L9,Breakdown,2.0,4264,4046,Evan,Day
2024-05-20 12:23:00,L9,Breakdown,4.0,11532,9814,Asha,Night
2024-08-17 06:53:00,L9,Breakdown,1.0,10670,9868,Asha,Night
2024-10-16 15:01:00,P1,No issue,0.0,10026,8530,Evan,Night
2024-07-28 14:40:00,T2,Breakdown,0.0,5172,5167,Diya,Day
2024-03-13 12:12:00,P1,PM,1.0,11112,10921,Chen,Night
2024-10-07 23:55:00,T2,Quality stop,0.0,6903,6670,Diya,Night
2024-06-05 08:32:00,T2,No issue,0.0,3339,3087,Chen,Day
2024-05-04 00:01:00,T2,Quality stop,0.0,1170,1167,Diya,Day
2024-06-26 09:15:00,P1,Quality stop,0.0,5294,5117,Asha,Day
2024-04-13 05:10:00,T1,No issue,0.0,8741,7844,Ben,Night
2024-03-05 04:17:00,T1,PM,1.0,8794,7709,Evan,Day
2024-07-20 18:01:00,P1,No issue,0.0,9904,8883,Ben,Day
2024-09-10 05:01:00,L8,PM,0.0,9736,9685,Ben,Night
2024-02-10 17:34:00,L8,No issue,0.0,7914,7618,Evan,Day
2024-04-06 04:47:00,L8,PM,0.0,6002,5771,Ben,Day
2024-08-22 20:10:00,L8,No issue,0.0,5640,5329,Diya,Day
2024-11-23 20:05:00,L8,No issue,0.0,6108,5980,Chen,Night
2024-02-18 20:25:00,P1,Breakdown,0.0,10294,10202,Diya,Night
2024-09-16 08:23:00,L8,No issue,0.0,2459,2316,Chen,Day
2024-04-11 15:43:00,T1,PM,1.0,6224,5437,Chen,Night
2024-10-26 15:56:00,T2,No issue,0.0,9930,9757,Ben,Day
2024-06-07 09:25:00,T1,No issue,0.0,4577,4190,Chen,Day
2024-05-25 03:25:00,P1,PM,1.0,1898,1843,Diya,Day
2024-04-16 12:26:00,T1,No issue,0.0,5818,5316,Evan,Night
2024-01-16 04:02:00,P1,No issue,0.0,9822,8496,Evan,Night
2024-12-26 03:23:00,T1,Breakdown,3.0,2443,2416,Chen,Day
2024-12-02 08:56:00,L8,Quality stop,2.0,5107,4526,Diya,Night
2024-04-04 19:50:00,L8,Breakdown,0.0,8865,8282,Chen,Day
2024-06-05 16:34:00,P1,Quality stop,0.0,2810,2764,Evan,Day
2024-05-05 02:19:00,T2,No issue,0.0,4452,3799,Evan,Day
2024-07-19 22:21:00,T2,PM,1.0,5986,5838,Evan,Day
2024-02-25 12:39:00,L8,No issue,0.0,5345,4665,Ben,Night
2024-05-28 17:42:00,T1,No issue,0.0,10631,9350,Chen,Night
2024-05-06 12:15:00,P1,No issue,0.0,1288,1181,Evan,Day
2024-01-26 19:14:00,L8,No issue,0.0,1844,1659,Ben,Day
2024-10-03 13:42:00,L8,Quality stop,1.0,4770,4464,Asha,Day
2024-03-30 13:33:00,T1,No issue,0.0,466,464,Ben,Day
2024-09-05 17:02:00,T2,PM,0.0,11936,11801,Chen,Day
2024-10-01 06:53:00,P1,PM,0.0,8997,8923,Ben,Night
2024-11-08 06:26:00,L9,No issue,0.0,5847,5545,Diya,Day
2024-05-22 22:44:00,P1,Breakdown,1.0,11113,11096,Ben,Night
2024-10-14 16:01:00,T2,No issue,0.0,329,309,Ben,Day
2024-07-17 09:10:00,L8,Breakdown,4.0,3868,3437,Chen,Night
2024-02-13 08:24:00,L8,Changeover,0.0,9805,9409,Diya,Day
2024-07-27 07:39:00,L8,PM,1.0,2391,2284,Chen,Night
2024-05-26 18:02:00,P1,PM,1.0,9393,8081,Chen,Day
2024-07-01 13:27:00,T1,Changeover,0.0,11531,10767,Chen,Day
2024-01-20 10:12:00,L8,No issue,0.0,11979,11508,Asha,Night
2024-01-22 11:01:00,T1,Breakdown,0.0,10932,9864,Diya,Day
2024-07-27 21:20:00,L9,No issue,0.0,11040,10491,Asha,Day
2024-03-02 00:32:00,L8,Quality stop,2.0,10945,10845,Asha,Night
2024-09-24 12:34:00,T2,Breakdown,0.0,5869,4992,Diya,Day
2024-06-22 11:14:00,P1,Changeover,2.0,6107,5628,Diya,Night
2024-01-17 14:19:00,T1,PM,1.0,6941,6519,Chen,Night
2024-12-15 13:06:00,T2,Changeover,2.0,689,667,Diya,Night
2024-03-28 22:33:00,T1,Quality stop,0.0,988,981,Evan,Night
2024-11-06 14:52:00,T2,No issue,0.0,11025,10163,Evan,Night
2024-08-05 07:37:00,P1,PM,0.0,4474,4074,Evan,Day
2024-01-08 19:35:00,L9,Changeover,0.0,8886,7977,Evan,Day
2024-08-26 14:33:00,T2,Breakdown,1.0,1387,1223,Diya,Night
2024-10-04 07:01:00,L8,No issue,0.0,8916,8728,Evan,Night
2024-11-02 23:10:00,P1,No issue,0.0,2420,2373,Evan,Day
2024-01-10 05:39:00,L9,Changeover,1.0,11406,9737,Ben,Day
2024-10-07 12:28:00,L8,Breakdown,4.0,9440,8843,Ben,Night
2024-09-03 10:00:00,T2,Breakdown,0.0,6613,6471,Ben,Day
2024-02-19 17:18:00,L9,Changeover,2.0,10108,9268,Asha,Night
2024-12-07 09:46:00,T1,No issue,0.0,3997,3586,Ben,Night
2024-05-11 10:59:00,L9,No issue,0.0,8352,7741,Ben,Day
2024-04-07 01:49:00,L9,PM,1.0,8465,7911,Asha,Night
2024-07-14 07:15:00,T2,PM,0.0,1688,1551,Asha,Night
2024-02-08 05:36:00,T1,PM,4.0,11322,10084,Unknown,Day
2024-02-29 18:25:00,T1,No issue,0.0,2703,2326,Evan,Day
2024-12-27 10:26:00,L8,Breakdown,0.0,3899,3895,Chen,Day
2024-08-17 20:57:00,L9,Quality stop,1.0,95,87,Chen,Night
2024-10-03 06:06:00,T2,No issue,0.0,4455,3835,Diya,Day
2024-06-11 10:42:00,P1,No issue,0.0,2138,1880,Ben,Night
2024-05-08 11:07:00,P1,No issue,0.0,5197,5091,Diya,Night
2024-09-29 00:45:00,L8,Breakdown,3.0,6146,5641,Unknown,Day
2024-12-30 08:23:00,T2,Quality stop,2.0,4877,4755,Ben,Day
2024-05-07 19:22:00,P1,No issue,0.0,7986,7412,Evan,Day
2024-05-03 08:01:00,L9,No issue,0.0,8787,8711,Asha,Day
2024-02-25 15:23:00,L8,Quality stop,0.0,5154,4843,Chen,Night
2024-12-27 20:21:00,P1,No issue,0.0,2431,2309,Chen,Day
2024-01-19 23:02:00,L9,No issue,0.0,5625,5571,Evan,Night
2024-09-13 06:31:00,L8,Breakdown,0.0,4768,4651,Diya,Night
2024-06-07 04:20:00,L9,No issue,0.0,8171,7841,Asha,Night
2024-01-13 13:13:00,P1,No issue,0.0,9157,8219,Ben,Day
2024-01-09 10:32:00,L9,Breakdown,0.0,11214,10750,Asha,Day
2024-10-03 23:03:00,L9,No issue,0.0,7873,7069,Ben,Day
2024-09-12 15:54:00,L8,Changeover,2.0,1694,1462,Asha,Night
2024-09-30 23:39:00,T1,No issue,0.0,3810,3743,Ben,Day
2024-08-15 22:20:00,L8,No issue,0.0,11210,9550,Chen,Night
2024-03-18 23:42:00,T2,No issue,0.0,1852,1845,Chen,Night
2024-01-20 16:18:00,P1,No issue,0.0,4753,4656,Asha,Night
2024-12-28 18:40:00,L8,Quality stop,0.0,1034,961,Ben,Day
2024-10-09 16:08:00,L8,No issue,0.0,4110,3765,Diya,Day
2024-11-15 22:54:00,T1,No issue,0.0,8276,8229,Ben,Night
2024-11-19 18:39:00,P1,Breakdown,1.0,6786,5951,Evan,Day
2024-12-08 08:20:00,P1,Changeover,2.0,10190,8830,Unknown,Night
2024-11-05 00:54:00,L8,No issue,0.0,3755,3273,Diya,Day
2024-10-09 17:16:00,L8,No issue,0.0,4143,4100,Asha,Night
2024-05-23 06:44:00,P1,No issue,0.0,7163,6240,Chen,Night
2024-09-27 12:01:00,P1,Quality stop,2.0,8953,7851,Evan,Day
2024-07-02 15:51:00,T2,PM,1.0,10434,9801,Diya,Day
2024-02-21 14:43:00,T1,No issue,0.0,5704,5211,Chen,Night
2024-03-15 22:56:00,T2,Quality stop,1.0,10298,9123,Diya,Day
2024-04-26 04:11:00,L8,No issue,0.0,1551,1506,Ben,Night
2024-04-02 14:11:00,L9,Quality stop,1.0,10362,10251,Diya,Night
2024-04-29 04:18:00,T2,No issue,0.0,10719,9554,Asha,Night
2024-06-04 05:52:00,L8,No issue,0.0,1063,916,Diya,Day
2024-03-10 19:44:00,L9,Breakdown,1.0,7287,6917,Ben,Night
2024-08-15 00:50:00,P1,Breakdown,0.0,5808,5221,Diya,Night
2024-11-06 05:49:00,T2,Breakdown,2.0,2716,2609,Asha,Night
2024-08-04 20:37:00,T2,No issue,0.0,6279,6238,Chen,Night
2024-01-18 16:56:00,T1,PM,4.0,1422,1346,Ben,Day
2024-12-08 23:07:00,T2,No issue,0.0,8267,7078,Evan,Day
2024-12-26 07:42:00,L9,Breakdown,1.0,5450,4769,Asha,Day
2024-05-31 06:16:00,T2,No issue,0.0,5186,4868,Asha,Night
2024-06-27 18:20:00,T2,No issue,0.0,2815,2424,Chen,Day
2024-10-23 14:36:00,L9,PM,1.0,5539,4841,Chen,Night
2024-10-27 19:41:00,T1,Breakdown,2.0,7427,6370,Ben,Night
2024-04-19 06:58:00,L8,No issue,0.0,11733,11435,Ben,Night
2024-08-18 10:52:00,L9,PM,1.0,3363,3207,Unknown,Night
2024-08-11 17:31:00,L9,Breakdown,0.0,1843,1692,Ben,Night
2024-06-24 05:38:00,L8,Quality stop,0.0,10571,10299,Evan,Night
2024-10-27 16:28:00,L8,Breakdown,0.0,82,69,Evan,Day
2024-02-21 02:02:00,T1,No issue,0.0,3387,3111,Ben,Day
2024-10-03 02:45:00,T2,No issue,0.0,2613,2361,Evan,Night
2024-09-14 08:39:00,P1,Breakdown,4.0,7904,7472,Diya,Day
2024-04-23 05:39:00,T2,Quality stop,0.0,8241,7842,Diya,Night
2024-12-05 18:20:00,L8,No issue,0.0,4066,3778,Diya,Day
2024-12-02 14:17:00,L8,No issue,0.0,9924,9497,Diya,Day
2024-02-21 20:30:00,L9,No issue,0.0,4760,4390,Chen,Night
2024-04-05 23:48:00,T1,No issue,0.0,4165,3541,Asha,Night
2024-10-28 14:32:00,L9,No issue,0.0,11016,10699,Ben,Night
2024-04-11 02:30:00,T1,Breakdown,1.0,8150,7529,Evan,Day
2024-09-18 05:02:00,T1,Changeover,4.0,9516,9092,Diya,Day
2024-01-25 14:38:00,T1,No issue,0.0,918,853,Ben,Day
2024-05-21 18:42:00,L8,Breakdown,2.0,2885,2457,Diya,Night
2024-04-30 00:37:00,T2,PM,4.0,3928,3583,Ben,Day
2024-10-18 05:01:00,L8,No issue,0.0,6975,6907,Ben,Day
2024-09-15 16:30:00,L8,Quality stop,1.0,970,904,Asha,Day
2024-10-03 09:46:00,L8,No issue,0.0,3803,3372,Chen,Day
2024-10-16 13:25:00,P1,No issue,0.0,7297,6749,Chen,Day
2024-11-11 07:17:00,L8,Breakdown,0.0,8770,8744,Chen,Night
2024-05-06 13:37:00,L8,Breakdown,0.0,4491,4164,Diya,Night
2024-12-05 05:49:00,T1,PM,2.0,4014,3713,Chen,Day
2024-09-07 10:59:00,P1,Quality stop,3.0,7633,7553,Ben,Night
2024-12-16 16:29:00,P1,No issue,0.0,7222,6377,Diya,Day
2024-01-20 21:48:00,L9,No issue,0.0,9919,9598,Unknown,Day
2024-01-03 08:22:00,L8,Changeover,0.0,11523,10102,Unknown,Day
2024-09-30 09:03:00,T2,No issue,0.0,1521,1400,Ben,Day
2024-02-12 12:55:00,P1,Quality stop,1.0,8614,7781,Ben,Night
2024-02-28 08:05:00,T1,PM,0.0,7298,6913,Asha,Day
2024-04-14 01:35:00,L9,Quality stop,3.0,1439,1414,Ben,Day
2024-09-01 01:21:00,T1,No issue,0.0,7556,7321,Evan,Day
2024-08-03 09:01:00,P1,No issue,0.0,6040,5275,Diya,Day
2024-09-19 08:05:00,T2,Quality stop,4.0,6275,6030,Ben,Day
2024-09-15 07:30:00,T2,Breakdown,4.0,7217,6860,Evan,Night
2024-09-16 15:34:00,L8,Breakdown,2.0,7962,6937,Asha,Day
2024-08-24 18:46:00,T2,No issue,0.0,7163,6978,Evan,Day
2024-12-17 01:46:00,T2,Breakdown,2.0,4353,3830,Ben,Day
2024-09-26 03:12:00,L9,PM,1.0,5634,5357,Evan,Night
2024-09-23 20:50:00,L9,No issue,0.0,7600,7242,Chen,Night
2024-05-01 20:56:00,L8,Breakdown,0.0,9133,8650,Evan,Night
2024-09-11 05:27:00,T2,No issue,0.0,2833,2454,Diya,Day
2024-12-15 08:29:00,L9,PM,2.0,565,558,Diya,Night
2024-03-16 00:53:00,L8,Quality stop,1.0,8798,8233,Evan,Day
2024-08-03 03:50:00,L9,PM,0.0,10905,9527,Asha,Night
2024-07-01 01:40:00,T1,No issue,0.0,2932,2614,Ben,Day
2024-11-06 22:10:00,P1,Breakdown,2.0,4836,4483,Chen,Night
2024-08-16 15:11:00,T1,No issue,0.0,10896,10289,Asha,Day
2024-03-02 05:41:00,T1,Changeover,1.0,11136,10454,Asha,Day
2024-11-20 19:41:00,L9,No issue,0.0,8846,8553,Diya,Day
2024-08-27 03:41:00,T2,Changeover,0.0,1123,1084,Ben,Day
2024-10-27 17:37:00,T2,Changeover,1.0,4072,3897,Asha,Day
2024-09-21 03:27:00,L9,Breakdown,0.0,1977,1971,Asha,Day
2024-05-13 08:18:00,L9,No issue,0.0,1994,1809,Chen,Night
2024-09-05 11:20:00,P1,No issue,0.0,421,406,Ben,Day
2024-03-24 03:12:00,T1,No issue,0.0,3571,3501,Unknown,Day
2024-02-19 18:02:00,P1,PM,1.0,9207,8976,Evan,Night
2024-10-22 21:49:00,T1,Breakdown,1.0,8810,7570,Chen,Day
2024-05-21 00:04:00,T2,No issue,0.0,5397,5199,Chen,Day
2024-10-05 22:57:00,T2,No issue,0.0,616,604,Asha,Day
2024-01-26 18:56:00,P1,Breakdown,0.0,11669,11436,Asha,Day
2024-03-12 17:00:00,L9,No issue,0.0,2553,2203,Ben,Night
2024-07-14 21:03:00,P1,Breakdown,1.0,3863,3489,Asha,Day
2024-12-22 13:21:00,L9,No issue,0.0,11089,10806,Evan,Night
2024-09-05 06:44:00,P1,No issue,0.0,7817,6771,Diya,Night
2024-08-02 10:22:00,P1,No issue,0.0,6386,5522,Evan,Day
2024-05-24 03:46:00,L8,PM,0.0,10108,9429,Ben,Day
2024-11-08 12:18:00,T1,No issue,0.0,9695,9578,Asha,Day
2024-07-20 23:37:00,L8,No issue,0.0,7010,6455,Asha,Day
2024-07-01 15:17:00,P1,No issue,0.0,10482,9026,Ben,Day
2024-12-08 15:32:00,T2,Breakdown,3.0,11442,10726,Unknown,Night
2024-02-05 21:52:00,T1,Quality stop,0.0,6073,5617,Chen,Day
2024-12-16 13:12:00,T1,PM,1.0,3727,3596,Chen,Day
2024-07-03 07:25:00,P1,No issue,0.0,6128,5748,Evan,Day
2024-01-16 11:49:00,T1,No issue,0.0,1961,1731,Chen,Day
2024-08-29 23:39:00,L8,Breakdown,4.0,4917,4559,Chen,Day
2024-05-17 14:56:00,P1,Changeover,1.0,8106,7270,Ben,Night
2024-10-03 15:00:00,P1,No issue,0.0,8064,7854,Ben,Night
2024-05-22 02:38:00,P1,PM,0.0,69,67,Evan,Night
2024-01-11 07:53:00,T1,PM,1.0,2045,1954,Ben,Day
2024-09-02 06:13:00,T2,Quality stop,1.0,1382,1198,Evan,Night
2024-07-06 12:13:00,L9,Quality stop,1.0,4549,4306,Chen,Night
2024-01-04 11:45:00,L9,Breakdown,0.0,2703,2597,Unknown,Day
2024-05-01 09:01:00,P1,Changeover,2.0,3829,3401,Diya,Night
2024-11-18 18:02:00,T2,PM,0.0,10902,10739,Ben,Day
2024-07-24 06:48:00,P1,No issue,0.0,7427,7354,Ben,Night
2024-08-04 13:37:00,L9,Changeover,1.0,9306,8788,Chen,Day
2024-08-29 14:23:00,P1,Changeover,1.0,1471,1396,Asha,Night
2024-10-14 07:25:00,L9,Breakdown,0.0,5250,4722,Asha,Night
2024-07-01 02:31:00,P1,No issue,0.0,4887,4156,Diya,Day
2024-06-11 08:08:00,T2,PM,1.0,6727,6383,Unknown,Day
2024-07-03 04:28:00,L8,No issue,0.0,2248,1948,Evan,Day
2024-06-15 21:52:00,T2,No issue,0.0,7958,6922,Evan,Day
2024-09-11 01:45:00,L9,Quality stop,4.0,8667,7566,Chen,Night
2024-11-08 00:48:00,L8,No issue,0.0,1195,1151,Evan,Day
2024-02-13 05:16:00,P1,Breakdown,0.0,530,472,Diya,Day
2024-08-28 13:42:00,L8,No issue,0.0,707,648,Evan,Day
2024-05-23 04:25:00,T2,Breakdown,0.0,5642,5538,Evan,Day
2024-10-14 19:40:00,T1,PM,0.0,11848,11544,Asha,Day
2024-03-22 12:15:00,L9,No issue,0.0,11162,10457,Asha,Day
2024-12-09 16:56:00,T1,Breakdown,1.0,7489,6648,Asha,Day
2024-03-01 10:21:00,T1,Quality stop,0.0,9923,9450,Ben,Night
2024-06-24 20:08:00,L8,Changeover,4.0,10023,9663,Asha,Night
2024-03-27 00:02:00,P1,No issue,0.0,3955,3704,Asha,Night
2024-12-24 11:38:00,T2,Changeover,0.0,10140,8843,Chen,Night
2024-01-20 07:57:00,T1,No issue,0.0,7685,7520,Diya,Night
2024-11-02 14:27:00,T2,PM,2.0,6187,5488,Chen,Night
2024-06-18 21:08:00,L9,No issue,0.0,8835,8550,Ben,Day
2024-02-09 04:34:00,L9,No issue,0.0,3556,3124,Evan,Day
2024-06-26 22:21:00,T2,No issue,0.0,6994,6015,Evan,Day
2024-03-05 01:45:00,T1,Breakdown,1.0,5356,4967,Asha,Night
2024-07-24 19:01:00,T1,Changeover,4.0,11356,11020,Diya,Night
2024-10-14 06:11:00,L8,PM,1.0,2768,2507,Ben,Day
2024-01-28 13:59:00,P1,No issue,0.0,2606,2381,Diya,Night
2024-08-19 12:11:00,T1,Quality stop,1.0,1740,1738,Ben,Day
2024-01-12 17:16:00,T1,PM,3.0,2530,2429,Asha,Day
2024-07-03 19:45:00,P1,Changeover,1.0,4148,3963,Unknown,Day
2024-11-28 19:53:00,T2,PM,1.0,3607,3410,Evan,Day
2024-06-22 17:44:00,L8,Breakdown,0.0,4226,3665,Chen,Night
2024-04-22 00:51:00,T2,Breakdown,0.0,11499,10781,Chen,Night
2024-08-08 17:13:00,L8,Changeover,3.0,2616,2568,Unknown,Day
2024-06-15 02:24:00,L8,No issue,0.0,11750,11750,Evan,Day
2024-10-19 23:15:00,T2,Quality stop,0.0,3597,3228,Chen,Day
2024-07-23 11:03:00,T1,Breakdown,1.0,6036,5768,Diya,Day
2024-12-04 12:24:00,L9,No issue,0.0,10209,9303,Diya,Day
2024-02-01 19:56:00,P1,Changeover,0.0,10990,9628,Chen,Day
2024-07-08 08:08:00,T2,Quality stop,1.0,4657,4137,Chen,Day
2024-02-25 13:08:00,L9,Changeover,0.0,902,844,Ben,Day
2024-12-25 23:05:00,T1,No issue,0.0,11675,9996,Ben,Night
2024-06-23 03:59:00,T2,No issue,0.0,7683,7146,Evan,Day
2024-09-05 23:25:00,P1,No issue,0.0,6301,5924,Diya,Night
2024-04-28 05:02:00,L9,PM,0.0,2368,2150,Asha,Day
2024-12-07 16:42:00,P1,Breakdown,1.0,11674,10735,Diya,Night
2024-04-18 07:55:00,L9,No issue,0.0,8047,7223,Asha,Day
2024-09-29 00:01:00,T1,No issue,0.0,10845,10288,Asha,Day
2024-12-20 15:12:00,T2,Breakdown,1.0,4472,3893,Ben,Day
2024-01-21 10:51:00,L8,No issue,0.0,2808,2546,Asha,Night
2024-04-14 01:59:00,L8,Breakdown,0.0,6569,5883,Chen,Night
2024-11-19 01:35:00,L8,Breakdown,1.0,10642,10483,Asha,Night
2024-02-09 05:31:00,P1,No issue,0.0,2514,2204,Chen,Night
2024-04-03 10:50:00,L9,No issue,0.0,10703,9848,Chen,Day
2024-07-08 23:45:00,P1,No issue,0.0,2736,2481,Diya,Day
2024-05-19 01:39:00,T1,Breakdown,1.0,2006,1781,Ben,Day
2024-07-13 01:43:00,L9,No issue,0.0,6049,5368,Evan,Night
2024-05-26 17:18:00,L8,PM,2.0,1458,1287,Asha,Day
2024-12-07 23:39:00,P1,No issue,0.0,4681,4013,Diya,Night
2024-07-05 16:23:00,T1,PM,3.0,2762,2486,Diya,Night
2024-10-24 14:30:00,L8,Breakdown,4.0,6715,6344,Diya,Day
2024-05-28 07:37:00,P1,Breakdown,0.0,8817,7652,Unknown,Night
2024-09-12 00:29:00,L9,No issue,0.0,2181,1933,Diya,Day
2024-08-17 15:26:00,T2,No issue,0.0,6939,6380,Diya,Day
2024-04-09 20:30:00,L9,Breakdown,3.0,7330,7090,Diya,Day
2024-08-30 08:28:00,P1,PM,0.0,10463,10380,Ben,Night
2024-07-22 18:52:00,P1,Breakdown,0.0,11251,11135,Ben,Day
2024-01-24 22:27:00,L8,No issue,0.0,10785,10253,Ben,Day
2024-09-09 15:43:00,L9,PM,1.0,3278,2839,Chen,Day
2024-10-03 09:42:00,P1,No issue,0.0,3715,3186,Diya,Night
2024-02-11 17:31:00,T1,No issue,0.0,7386,6930,Chen,Day
2024-03-15 00:46:00,L8,Breakdown,1.0,9508,9428,Ben,Night
2024-07-18 15:35:00,P1,No issue,0.0,7243,6739,Ben,Day
2024-07-02 22:25:00,T1,Breakdown,0.0,9408,9230,Asha,Night
2024-11-09 06:50:00,T1,Breakdown,0.0,8410,7336,Chen,Day
2024-02-22 00:03:00,T2,Quality stop,0.0,11880,11791,Ben,Night
2024-07-26 11:42:00,L9,Breakdown,0.0,4604,4479,Asha,Day
2024-02-04 18:16:00,L9,No issue,0.0,7641,7166,Asha,Day
2024-08-05 12:02:00,L8,Breakdown,1.0,4295,4045,Asha,Day
2024-11-16 19:07:00,T1,Breakdown,2.0,3853,3734,Diya,Day
2024-06-16 12:30:00,P1,No issue,0.0,8522,7821,Chen,Day
2024-03-24 14:35:00,L8,Breakdown,0.0,4235,3817,Unknown,Night
2024-07-17 05:48:00,T2,No issue,0.0,5910,5845,Chen,Night
2024-09-22 15:45:00,P1,No issue,0.0,36,31,Chen,Day
2024-11-04 12:12:00,P1,No issue,0.0,7864,7282,Ben,Night
2024-04-29 03:27:00,L8,No issue,0.0,11863,10595,Chen,Night
2024-07-01 18:18:00,T2,No issue,0.0,8460,8258,Diya,Day
2024-06-20 21:26:00,L8,Breakdown,1.0,7235,6749,Diya,Day
2024-04-08 13:16:00,T2,No issue,0.0,34,33,Diya,Night
2024-12-19 06:26:00,L9,PM,0.0,6516,6033,Ben,Day
2024-09-25 06:55:00,L9,Quality stop,0.0,3101,2685,Diya,Day
2024-12-27 09:02:00,T1,Changeover,1.0,7157,6699,Evan,Day
2024-08-04 23:39:00,L8,Breakdown,0.0,9486,8397,Unknown,Night
2024-12-04 14:22:00,P1,Changeover,0.0,11968,11886,Ben,Day
2024-08-23 18:06:00,T2,Breakdown,1.0,5102,5067,Asha,Night
2024-04-02 08:18:00,L8,Quality stop,4.0,8037,7673,Diya,Night
2024-06-27 20:23:00,P1,No issue,0.0,5112,4952,Asha,Day
2024-09-27 18:29:00,T1,Breakdown,1.0,8483,8024,Diya,Day
2024-03-25 13:15:00,L9,No issue,0.0,7390,6558,Chen,Day
2024-11-27 23:30:00,T2,Breakdown,0.0,5172,4877,Asha,Night
2024-03-22 14:47:00,T1,Quality stop,0.0,5746,5163,Evan,Day
2024-12-04 10:37:00,P1,Quality stop,1.0,6287,5405,Chen,Day
2024-09-26 07:17:00,L9,Changeover,0.0,5721,5002,Evan,Night
2024-05-27 11:10:00,T1,Breakdown,1.0,7459,6829,Diya,Day
2024-02-01 09:41:00,L9,No issue,0.0,2673,2601,Ben,Day
2024-01-27 01:05:00,P1,Breakdown,0.0,3010,2907,Chen,Day
2024-08-21 18:57:00,P1,No issue,0.0,9018,8124,Ben,Day
2024-08-05 09:33:00,L9,PM,0.0,3843,3338,Asha,Night
2024-09-08 16:40:00,T2,Quality stop,0.0,4025,3938,Evan,Day
2024-04-28 04:22:00,L8,Breakdown,2.0,11383,10112,Asha,Night
2024-08-27 01:07:00,T1,No issue,0.0,8315,7766,Asha,Day
2024-03-13 20:49:00,T2,PM,1.0,9962,9079,Diya,Day
2024-07-05 16:39:00,L9,PM,1.0,9995,8599,Diya,Night
2024-02-04 12:44:00,T2,Breakdown,0.0,11727,10173,Evan,Night
2024-01-30 12:30:00,P1,No issue,0.0,9610,8915,Ben,Night
2024-05-13 09:02:00,T2,Breakdown,2.0,9404,8319,Evan,Day
2024-05-13 01:57:00,T2,No issue,0.0,11608,11514,Evan,Day
2024-11-19 07:15:00,L9,No issue,0.0,1343,1253,Ben,Day
2024-06-19 00:15:00,L9,No issue,0.0,7555,7510,Unknown,Night
2024-08-21 12:36:00,P1,No issue,0.0,4421,4195,Ben,Night
2024-05-10 01:28:00,P1,PM,2.0,3236,2999,Chen,Night
2024-03-05 06:23:00,P1,No issue,0.0,3989,3728,Chen,Night
2024-09-11 02:57:00,L8,Breakdown,0.0,4420,4246,Chen,Night
2024-03-15 22:46:00,T2,No issue,0.0,348,344,Asha,Night
2024-08-03 11:19:00,T1,Quality stop,1.0,11532,10946,Diya,Night
2024-08-30 06:22:00,L9,PM,0.0,7862,7567,Unknown,Night
2024-09-28 03:23:00,L9,Changeover,0.0,4911,4723,Evan,Night
2024-10-01 11:27:00,P1,No issue,0.0,6793,6660,Unknown,Day
2024-07-15 03:18:00,L8,Breakdown,1.0,6937,6477,Evan,Night
2024-09-29 00:43:00,L9,No issue,0.0,4247,3742,Diya,Day
2024-03-09 18:43:00,L9,Quality stop,1.0,2272,2036,Diya,Night
2024-01-02 03:56:00,L9,No issue,0.0,4556,3884,Diya,Day
2024-12-18 05:08:00,L8,No issue,0.0,7849,6872,Diya,Night
2024-10-26 00:21:00,L8,No issue,0.0,4247,3965,Evan,Night
2024-07-13 04:40:00,L9,Quality stop,1.0,6490,5774,Chen,Day
2024-03-18 09:58:00,T1,Quality stop,4.0,8693,8482,Ben,Night
2024-05-05 13:50:00,P1,Breakdown,1.0,8439,7828,Diya,Day
2024-10-08 05:16:00,L9,No issue,0.0,5900,5190,Ben,Day
2024-07-27 00:22:00,T1,PM,0.0,3663,3294,Unknown,Day
2024-12-08 03:22:00,T2,No issue,0.0,4457,4142,Ben,Day
2024-03-07 19:16:00,T2,No issue,0.0,6721,6194,Diya,Day
2024-05-14 19:00:00,T2,No issue,0.0,7799,7471,Diya,Night
2024-08-02 12:23:00,L8,PM,4.0,5043,4614,Diya,Day
2024-07-05 01:52:00,L8,No issue,0.0,5817,5477,Asha,Day
2024-10-22 22:59:00,P1,Changeover,0.0,10382,9301,Chen,Day
2024-09-05 19:05:00,T1,No issue,0.0,3096,3019,Chen,Day
2024-05-18 06:34:00,T2,No issue,0.0,6980,6197,Evan,Day
2024-12-30 01:15:00,P1,No issue,0.0,6140,6067,Asha,Night
2024-03-20 18:01:00,L8,PM,0.0,8236,8119,Ben,Day
2024-07-01 23:22:00,P1,Breakdown,1.0,441,402,Asha,Day
2024-06-11 05:24:00,T2,Breakdown,0.0,3057,3006,Ben,Day
2024-07-01 07:58:00,P1,PM,0.0,4610,4294,Diya,Day
2024-03-30 23:45:00,L8,Breakdown,1.0,5675,5419,Chen,Night
2024-06-02 14:10:00,L9,Quality stop,0.0,10722,9717,Diya,Day
2024-12-14 19:06:00,T1,No issue,0.0,8690,7807,Ben,Day
2024-11-05 10:09:00,L8,Breakdown,1.0,1704,1450,Evan,Day
2024-11-30 04:56:00,T1,No issue,0.0,7237,6601,Chen,Night
2024-05-19 15:01:00,T1,Quality stop,0.0,8055,6929,Diya,Day
2024-07-09 12:16:00,T1,Changeover,3.0,8808,8417,Diya,Night
2024-09-25 15:24:00,L8,PM,0.0,3204,2978,Evan,Night
2024-04-10 18:13:00,L8,Quality stop,4.0,7133,6307,Evan,Day
2024-06-28 23:42:00,L8,PM,1.0,5478,5283,Evan,Night
2024-11-15 09:36:00,T2,No issue,0.0,6703,6123,Diya,Day
2024-06-13 14:18:00,L9,No issue,0.0,9542,9243,Asha,Night
2024-08-18 00:10:00,T1,Changeover,0.0,5258,4715,Evan,Day
2024-09-16 10:32:00,T2,No issue,0.0,817,738,Asha,Day
2024-12-03 05:39:00,T2,Quality stop,0.0,11670,10690,Diya,Day
2024-06-21 20:47:00,T1,No issue,0.0,11021,10670,Diya,Day
2024-08-22 08:43:00,T2,PM,0.0,11653,10436,Evan,Night
2024-05-25 05:53:00,T2,No issue,0.0,5063,4983,Ben,Day
2024-05-17 11:52:00,L8,No issue,0.0,7631,7082,Diya,Day
2024-06-08 22:57:00,L8,No issue,0.0,8389,7655,Asha,Day
2024-01-10 19:16:00,L9,Breakdown,2.0,764,743,Diya,Night
2024-02-06 02:33:00,T2,Changeover,1.0,599,539,Asha,Night
2024-07-12 16:15:00,L9,PM,0.0,4759,4372,Ben,Day
2024-01-31 01:14:00,L8,PM,0.0,4020,3540,Diya,Night
2024-01-03 21:47:00,L8,Breakdown,0.0,5245,4735,Evan,Day
2024-03-19 00:00:00,L9,PM,4.0,7699,7089,Diya,Night
2024-02-10 00:49:00,T2,No issue,0.0,2552,2340,Chen,Day
2024-05-04 19:10:00,P1,Breakdown,0.0,5260,5163,Chen,Night
2024-04-27 23:32:00,P1,No issue,0.0,3660,3484,Diya,Day
2024-10-30 09:23:00,T1,Breakdown,0.0,2669,2294,Ben,Day
2024-06-28 23:11:00,T1,No issue,0.0,5007,4615,Ben,Night
2024-11-04 02:05:00,P1,Breakdown,3.0,11265,11200,Evan,Night
2024-01-18 23:03:00,P1,No issue,0.0,4470,4469,Unknown,Day
2024-11-01 07:10:00,T2,No issue,0.0,11192,9776,Evan,Day
2024-03-23 11:24:00,T2,Quality stop,1.0,10330,10200,Evan,Night
2024-08-03 00:06:00,L9,No issue,0.0,3250,3194,Chen,Night
2024-06-04 18:40:00,L8,Breakdown,1.0,9175,8349,Diya,Day
2024-05-01 07:15:00,P1,Changeover,0.0,5653,5615,Chen,Day
2024-04-16 04:46:00,T2,PM,0.0,10593,10090,Evan,Day
2024-03-08 22:49:00,L8,PM,0.0,6842,6404,Chen,Day
2024-09-11 18:07:00,L9,Breakdown,1.0,155,151,Evan,Day
2024-10-24 08:18:00,T2,PM,1.0,1644,1512,Evan,Day
2024-05-05 00:13:00,L8,No issue,0.0,6083,5353,Asha,Day
2024-04-11 03:42:00,T1,No issue,0.0,6418,5591,Chen,Day
2024-05-07 23:08:00,L8,Breakdown,1.0,11717,10836,Asha,Night
2024-06-03 06:33:00,T1,Breakdown,0.0,3592,3056,Unknown,Night
2024-09-05 06:38:00,T2,No issue,0.0,3239,3161,Unknown,Night
2024-07-09 02:30:00,P1,PM,1.0,205,204,Diya,Day
2024-08-03 11:41:00,L8,Breakdown,2.0,9444,8813,Evan,Day
2024-08-19 06:05:00,T1,Breakdown,2.0,7455,6679,Chen,Day
2024-11-23 21:38:00,P1,Quality stop,1.0,8230,7471,Evan,Day
2024-11-01 13:04:00,L9,No issue,0.0,829,730,Chen,Day
2024-09-14 01:19:00,T1,No issue,0.0,3863,3413,Chen,Day
2024-05-30 01:34:00,T2,No issue,0.0,11842,10593,Asha,Night
2024-09-24 17:11:00,T1,Breakdown,1.0,10174,9289,Ben,Day
2024-08-20 17:00:00,P1,Breakdown,1.0,10045,8765,Chen,Night
2024-07-19 08:00:00,L8,Changeover,0.0,6910,6204,Diya,Day
2024-12-01 11:57:00,T1,Breakdown,1.0,10839,10614,Ben,Day
2024-05-17 14:27:00,L9,Breakdown,0.0,768,742,Chen,Day
2024-04-23 07:40:00,T1,No issue,0.0,8222,7589,Ben,Night
2024-08-11 17:15:00,T1,Breakdown,0.0,204,178,Unknown,Night
2024-03-05 02:45:00,L8,No issue,0.0,4190,4078,Asha,Night
2024-01-02 05:31:00,T2,Changeover,0.0,5782,4966,Evan,Day
2024-09-17 01:10:00,T2,PM,0.0,456,443,Chen,Night
2024-01-23 11:54:00,L9,PM,2.0,11895,11720,Evan,Day
2024-11-11 07:42:00,T1,No issue,0.0,11178,10595,Chen,Night
2024-11-05 09:06:00,P1,No issue,0.0,6531,5896,Ben,Day
2024-11-12 07:06:00,P1,Breakdown,0.0,7589,6637,Ben,Day
2024-11-07 04:20:00,T1,Changeover,3.0,7889,7039,Unknown,Day
2024-03-06 23:31:00,L8,Breakdown,1.0,2249,1977,Ben,Day
2024-05-08 15:16:00,T2,No issue,0.0,2557,2367,Diya,Day
2024-08-31 01:28:00,T1,PM,0.0,2681,2502,Chen,Day
2024-02-06 17:51:00,P1,Breakdown,1.0,4587,4337,Ben,Night
2024-11-04 16:24:00,T2,Quality stop,2.0,2250,2054,Asha,Night
2024-12-21 07:50:00,T2,Quality stop,1.0,11176,9556,Evan,Night
2024-10-27 01:01:00,T2,No issue,0.0,6313,6104,Diya,Day
2024-03-13 14:34:00,L9,No issue,0.0,2990,2948,Diya,Night
2024-07-22 07:33:00,L8,No issue,0.0,7783,6888,Ben,Night
2024-10-29 00:12:00,P1,No issue,0.0,2705,2587,Ben,Day
2024-01-16 13:54:00,L9,PM,2.0,8212,7520,Chen,Night
2024-01-17 23:13:00,T1,Breakdown,0.0,8096,7238,Chen,Day
2024-04-08 18:11:00,T2,Breakdown,2.0,9275,9085,Ben,Day
2024-10-31 01:18:00,L8,Breakdown,0.0,11331,11045,Chen,Day
2024-09-16 01:48:00,L8,Quality stop,4.0,916,793,Chen,Day
2024-11-01 10:54:00,L9,PM,0.0,7909,7003,Asha,Night
2024-09-23 10:16:00,P1,PM,2.0,11675,11364,Ben,Day
2024-07-13 13:56:00,L8,Changeover,0.0,6848,6001,Evan,Night
2024-12-25 06:06:00,L9,Breakdown,4.0,755,720,Chen,Night
2024-05-28 04:48:00,L8,No issue,0.0,9375,8366,Diya,Night
2024-02-10 23:06:00,T2,Breakdown,1.0,7864,7789,Evan,Day
2024-03-12 04:49:00,T2,Quality stop,1.0,10431,10264,Ben,Night
2024-10-08 23:35:00,T2,PM,2.0,8518,8120,Ben,Night
2024-04-29 23:01:00,T1,No issue,0.0,5375,4833,Asha,Day
2024-01-04 16:50:00,T2,No issue,0.0,6567,5586,Diya,Day
2024-08-04 15:37:00,P1,Quality stop,2.0,11608,10186,Diya,Day
2024-03-19 11:26:00,L8,PM,4.0,11527,10819,Asha,Day
2024-09-09 01:29:00,L9,No issue,0.0,9586,8477,Diya,Night
2024-08-27 02:54:00,L8,No issue,0.0,271,231,Ben,Day
2024-08-17 00:19:00,L8,PM,1.0,5913,5813,Chen,Night
2024-05-18 02:27:00,L8,Breakdown,4.0,6936,5944,Asha,Day
2024-10-18 11:49:00,T1,No issue,0.0,9419,8035,Evan,Night
2024-04-03 05:11:00,L8,Breakdown,2.0,8587,7988,Chen,Day
2024-11-12 15:40:00,P1,Breakdown,2.0,2370,2095,Asha,Day
2024-08-24 02:38:00,T1,Breakdown,0.0,298,274,Diya,Day
2024-08-14 00:29:00,T2,PM,0.0,4656,4443,Diya,Day
2024-04-20 21:00:00,L9,Breakdown,3.0,7678,6757,Ben,Day
2024-02-07 21:17:00,L8,Breakdown,0.0,4766,4740,Chen,Night
2024-12-12 00:14:00,L9,No issue,0.0,3962,3895,Evan,Night
2024-07-28 12:24:00,L8,No issue,0.0,3843,3581,Chen,Day
2024-04-09 03:28:00,T1,Breakdown,1.0,11206,10788,Diya,Day
2024-10-03 11:06:00,T1,No issue,0.0,10515,10498,Asha,Day
2024-11-29 23:40:00,T1,Breakdown,1.0,7896,7371,Asha,Day
2024-07-27 21:42:00,L9,Changeover,0.0,4205,4160,Diya,Day
2024-08-11 02:52:00,T1,Changeover,0.0,11780,10670,Chen,Night
2024-10-13 07:36:00,T2,PM,1.0,5958,5416,Ben,Night
2024-11-10 12:42:00,L8,PM,1.0,8555,8042,Evan,Night
2024-06-26 12:46:00,P1,Changeover,2.0,8311,8242,Asha,Day
2024-04-14 05:05:00,L8,Breakdown,0.0,5231,4709,Diya,Night
2024-09-28 20:52:00,L9,Quality stop,0.0,4756,4575,Ben,Day
2024-02-27 23:45:00,P1,PM,2.0,3488,3447,Diya,Day
2024-01-22 01:01:00,L9,PM,1.0,3030,3008,Chen,Night
2024-12-29 15:53:00,T2,Breakdown,0.0,10999,9667,Chen,Day
2024-01-06 12:55:00,P1,Quality stop,0.0,3613,3085,Asha,Night
2024-01-07 14:09:00,P1,Quality stop,0.0,3316,3228,Chen,Day
2024-04-10 00:45:00,T2,No issue,0.0,4831,4582,Evan,Day
2024-07-27 09:02:00,L8,No issue,0.0,7170,6767,Evan,Day
2024-11-13 15:03:00,T1,PM,2.0,2382,2059,Asha,Night
2024-09-17 00:42:00,P1,Breakdown,0.0,2559,2550,Chen,Day
2024-08-09 10:34:00,T2,Quality stop,0.0,10138,9435,Evan,Night
2024-05-26 15:08:00,T1,No issue,0.0,1573,1345,Ben,Day
2024-02-28 06:14:00,T1,Changeover,1.0,2478,2264,Chen,Day
2024-05-21 18:27:00,L9,Breakdown,0.0,5393,4674,Evan,Day
2024-09-15 09:05:00,L9,Breakdown,4.0,6831,5833,Chen,Day
2024-08-03 13:55:00,T1,PM,0.0,11166,11125,Diya,Day
2024-01-28 17:44:00,L8,Breakdown,0.0,5299,5268,Ben,Night
2024-05-04 22:48:00,L8,Quality stop,0.0,11171,10874,Asha,Night
2024-03-18 14:10:00,T1,Breakdown,0.0,8053,6966,Asha,Day
2024-11-06 05:31:00,P1,Changeover,0.0,1886,1759,Chen,Night
2024-03-13 12:10:00,T1,Breakdown,4.0,6832,5973,Evan,Day
2024-06-29 05:44:00,L8,Quality stop,1.0,1522,1358,Ben,Day
2024-03-28 08:51:00,L8,No issue,0.0,1797,1740,Asha,Night
2024-04-09 15:41:00,L8,No issue,0.0,6543,6308,Diya,Day
2024-10-12 19:10:00,L9,No issue,0.0,2319,2232,Ben,Day
2024-06-23 00:51:00,L9,No issue,0.0,2752,2720,Asha,Day
2024-04-21 13:37:00,T2,No issue,0.0,221,206,Evan,Day
2024-09-04 15:13:00,P1,No issue,0.0,4282,3666,Diya,Night
2024-03-13 16:11:00,L8,No issue,0.0,2523,2249,Chen,Day
2024-04-06 19:33:00,L9,Breakdown,1.0,3613,3336,Ben,Night
2024-05-07 03:01:00,T1,PM,1.0,1733,1520,Asha,Day
2024-02-15 17:45:00,L8,No issue,0.0,5047,4815,Diya,Day
2024-04-23 08:38:00,T1,PM,2.0,5938,5048,Unknown,Day
2024-02-08 22:45:00,T1,No issue,0.0,3050,2910,Diya,Day
2024-03-20 18:43:00,T1,No issue,0.0,2309,2247,Asha,Night
2024-07-23 19:39:00,L8,No issue,0.0,5664,5573,Evan,Night
2024-04-25 01:14:00,L9,Quality stop,0.0,7094,6222,Chen,Day
2024-04-30 19:25:00,L8,Breakdown,0.0,6511,6354,Unknown,Day
2024-10-11 16:45:00,T2,PM,3.0,10267,8799,Chen,Day
2024-08-21 08:15:00,L9,Breakdown,4.0,11639,10694,Evan,Day
2024-10-28 09:42:00,L9,No issue,0.0,1067,956,Chen,Night
2024-12-09 10:27:00,T2,PM,4.0,1439,1296,Ben,Day
2024-09-02 15:18:00,L8,Quality stop,3.0,5682,5044,Unknown,Night
2024-07-20 08:12:00,L9,No issue,0.0,10307,9911,Chen,Day
2024-07-25 08:05:00,P1,No issue,0.0,8158,8145,Asha,Day
2024-09-08 16:55:00,T2,No issue,0.0,542,461,Unknown,Day
2024-11-05 00:43:00,T1,Changeover,1.0,5955,5364,Diya,Day
2024-05-02 15:24:00,T2,No issue,0.0,1774,1591,Chen,Day
2024-05-08 08:40:00,T1,Breakdown,1.0,11827,11486,Ben,Night
2024-10-10 17:47:00,T1,No issue,0.0,14,13,Asha,Night
2024-07-24 08:55:00,P1,No issue,0.0,10064,9030,Asha,Night
2024-12-25 02:32:00,L8,Breakdown,2.0,11145,10334,Chen,Day
2024-10-14 00:31:00,T1,No issue,0.0,7645,7301,Ben,Day
2024-08-13 18:52:00,P1,Breakdown,0.0,10331,9106,Chen,Night
2024-02-05 10:59:00,T1,Quality stop,0.0,11680,10982,Chen,Night
2024-12-30 00:51:00,P1,Breakdown,4.0,2343,2156,Chen,Night
2024-06-04 20:53:00,T2,Quality stop,1.0,884,784,Chen,Day
2024-04-15 13:14:00,T1,No issue,0.0,3319,2891,Ben,Night
2024-10-01 11:04:00,L8,No issue,0.0,10268,9520,Evan,Night
2024-02-26 01:32:00,P1,No issue,0.0,10824,9525,Chen,Night
2024-02-15 07:24:00,P1,No issue,0.0,4383,4278,Ben,Day
2024-07-29 11:33:00,P1,No issue,0.0,11221,10922,Diya,Day
2024-02-18 03:05:00,T1,No issue,0.0,3523,3264,Diya,Night
2024-04-18 21:05:00,T1,Changeover,1.0,5849,5207,Diya,Night
2024-06-01 00:36:00,P1,No issue,0.0,7832,7295,Unknown,Day
2024-02-29 20:04:00,T2,No issue,0.0,3474,3159,Diya,Day
2024-04-26 15:14:00,T1,No issue,0.0,9971,9687,Asha,Day
2024-04-05 13:32:00,L9,No issue,0.0,9826,9431,Ben,Night
2024-01-26 21:12:00,T1,Breakdown,0.0,3519,3496,Diya,Day
2024-02-19 08:40:00,T1,PM,1.0,1961,1684,Chen,Day
2024-08-10 15:56:00,T2,Breakdown,1.0,1782,1609,Ben,Day
2024-07-03 00:25:00,P1,Breakdown,1.0,2102,2008,Asha,Day
2024-04-10 00:32:00,T2,No issue,0.0,8686,8284,Asha,Night
2024-06-01 10:14:00,T2,Breakdown,3.0,7842,7061,Diya,Day
2024-05-03 05:11:00,T2,Quality stop,1.0,11844,10250,Ben,Day
2024-04-12 16:38:00,T1,Breakdown,1.0,8890,8377,Ben,Night
2024-03-23 23:00:00,T1,Breakdown,1.0,5676,4926,Evan,Day
2024-01-24 20:29:00,L9,Changeover,4.0,6796,5999,Diya,Day
2024-04-10 00:57:00,L9,Breakdown,4.0,4183,3870,Evan,Day
2024-01-20 06:27:00,T2,No issue,0.0,10863,9924,Ben,Night
2024-10-18 14:03:00,P1,No issue,0.0,8166,7715,Asha,Day
2024-11-30 05:59:00,L8,Breakdown,1.0,907,823,Chen,Day
2024-05-26 09:49:00,T1,Breakdown,0.0,949,892,Ben,Night
2024-05-02 07:52:00,T2,Changeover,0.0,7102,6615,Diya,Night
2024-06-20 17:35:00,L8,Changeover,2.0,4952,4481,Diya,Day
2024-02-02 15:56:00,L9,PM,0.0,10374,9403,Diya,Night
2024-07-24 05:45:00,T2,Breakdown,0.0,9217,7895,Asha,Day
2024-12-07 11:06:00,T1,No issue,0.0,7715,6921,Diya,Day
2024-08-18 14:16:00,L8,No issue,0.0,8842,8754,Chen,Day
2024-06-28 09:12:00,T2,Breakdown,0.0,7852,7637,Chen,Night
2024-06-26 16:03:00,T1,No issue,0.0,1783,1599,Chen,Day
2024-01-03 02:24:00,T1,PM,1.0,4130,4059,Diya,Day
2024-04-25 08:46:00,T1,Breakdown,1.0,1540,1424,Asha,Day
2024-12-30 20:35:00,T1,No issue,0.0,3442,3088,Asha,Day
2024-07-03 17:52:00,T1,No issue,0.0,114,97,Chen,Day
2024-01-19 09:18:00,P1,Breakdown,3.0,7353,7314,Asha,Day
2024-07-15 13:50:00,L8,Changeover,0.0,1925,1732,Chen,Night
2024-08-18 22:40:00,T1,No issue,0.0,11962,10832,Ben,Night
2024-10-18 17:04:00,L9,PM,0.0,8994,8843,Asha,Night
2024-06-14 17:32:00,T2,Changeover,0.0,2923,2822,Ben,Night
2024-05-07 17:42:00,T1,Quality stop,3.0,5793,5327,Asha,Day
2024-09-29 07:37:00,L9,No issue,0.0,2486,2470,Chen,Day
2024-03-31 19:14:00,P1,Breakdown,2.0,2975,2740,Asha,Night
2024-02-03 22:00:00,T1,No issue,0.0,6025,5785,Asha,Day
2024-06-30 05:23:00,T2,No issue,0.0,8832,7517,Diya,Night
2024-02-25 19:42:00,T2,No issue,0.0,1593,1472,Evan,Day
2024-04-11 19:43:00,L9,PM,1.0,7962,7632,Evan,Day
2024-01-20 22:20:00,T2,PM,1.0,5850,5780,Diya,Day
2024-02-06 00:19:00,T2,Breakdown,0.0,8706,8445,Evan,Night
2024-03-31 21:31:00,P1,PM,4.0,6038,5388,Ben,Day
2024-12-01 21:26:00,T1,No issue,0.0,1729,1604,Evan,Day
2024-06-27 14:15:00,L9,Breakdown,1.0,11103,10108,Asha,Day
2024-03-13 12:37:00,T1,PM,0.0,2487,2437,Evan,Day
2024-01-03 10:09:00,T2,No issue,0.0,3607,3577,Evan,Day
2024-11-30 05:08:00,T2,No issue,0.0,10239,10146,Ben,Night
2024-01-24 03:04:00,L8,Breakdown,0.0,5262,4500,Ben,Day
2024-08-26 01:40:00,L9,Changeover,2.0,8688,8180,Ben,Night
2024-07-28 13:03:00,L8,No issue,0.0,9138,8332,Chen,Night
2024-02-07 08:04:00,P1,Breakdown,1.0,6480,6412,Evan,Day
2024-05-01 11:40:00,T1,No issue,0.0,11785,10504,Ben,Day
2024-09-13 23:14:00,T2,PM,0.0,6887,5865,Chen,Day
2024-05-09 19:36:00,T1,Breakdown,1.0,7525,7422,Asha,Day
2024-05-07 09:48:00,T1,No issue,0.0,8395,7311,Ben,Night
2024-12-22 18:34:00,T1,No issue,0.0,2812,2434,Evan,Day
2024-10-13 03:45:00,T2,Changeover,0.0,8967,8024,Chen,Day
2024-09-30 03:28:00,P1,PM,0.0,3018,2643,Chen,Day
2024-12-08 04:02:00,L9,Breakdown,0.0,6115,5387,Evan,Night
2024-04-02 03:25:00,T1,No issue,0.0,6109,6031,Diya,Night
2024-11-23 14:23:00,T1,Quality stop,3.0,5583,5110,Chen,Day
2024-11-28 14:40:00,T1,No issue,0.0,11857,11647,Unknown,Night
2024-01-05 11:47:00,T2,Quality stop,0.0,468,417,Ben,Day
2024-07-23 01:58:00,T2,Breakdown,0.0,4144,3721,Ben,Night
2024-06-10 18:58:00,T2,Changeover,1.0,9518,8327,Ben,Day
2024-12-03 01:58:00,P1,Breakdown,1.0,8476,7624,Evan,Day
2024-02-18 14:09:00,L9,No issue,0.0,41,41,Asha,Day
2024-06-20 07:27:00,T2,Breakdown,3.0,250,249,Asha,Day
2024-09-15 00:04:00,T2,Breakdown,2.0,9511,9082,Ben,Night
2024-12-27 04:11:00,L9,No issue,0.0,10327,8991,Chen,Day
2024-02-29 03:40:00,P1,Breakdown,0.0,3616,3542,Asha,Night
2024-02-08 07:08:00,T2,Changeover,1.0,8353,7227,Ben,Day
2024-07-28 04:07:00,T2,PM,1.0,7304,6573,Asha,Night
2024-09-25 07:14:00,L9,No issue,0.0,7722,7287,Unknown,Day
2024-05-21 00:58:00,L8,Breakdown,3.0,6879,6218,Evan,Night
2024-04-10 09:30:00,T1,No issue,0.0,8709,8277,Chen,Day
2024-02-15 17:34:00,L8,Quality stop,1.0,1618,1397,Chen,Night
2024-06-05 07:10:00,L9,PM,0.0,8770,8404,Asha,Night
2024-04-12 03:47:00,P1,PM,0.0,8464,8248,Ben,Day
2024-03-08 01:07:00,P1,No issue,0.0,3713,3256,Chen,Day
2024-03-03 14:16:00,P1,No issue,0.0,8491,7267,Ben,Day
2024-06-03 13:22:00,P1,Quality stop,0.0,3012,2694,Diya,Night
2024-04-12 05:33:00,L8,No issue,0.0,11549,9983,Evan,Night
2024-04-17 17:42:00,L9,Changeover,0.0,1462,1430,Diya,Day
2024-07-12 17:23:00,T1,Quality stop,0.0,7670,7195,Asha,Day
2024-09-08 15:30:00,L9,Changeover,0.0,4040,3656,Chen,Night
2024-05-23 08:09:00,T1,Breakdown,0.0,2723,2679,Evan,Day
2024-05-03 19:48:00,L9,Changeover,1.0,6299,5757,Asha,Day
2024-04-16 01:15:00,T1,No issue,0.0,11559,10830,Diya,Day
2024-02-27 05:20:00,L9,No issue,0.0,5962,5347,Unknown,Day
2024-12-20 00:14:00,L8,PM,1.0,1043,929,Ben,Day
2024-02-13 09:53:00,L8,No issue,0.0,7354,7337,Diya,Day
2024-06-05 08:27:00,P1,Breakdown,1.0,6548,6094,Chen,Night
2024-05-29 11:32:00,L9,No issue,0.0,1687,1577,Unknown,Day
2024-06-16 15:16:00,T1,Breakdown,1.0,11174,10292,Evan,Day
2024-05-30 07:12:00,L9,Quality stop,2.0,9174,8896,Diya,Night
2024-05-31 16:53:00,T1,PM,3.0,11493,11351,Chen,Day
2024-03-13 07:57:00,T2,No issue,0.0,3934,3433,Chen,Day
2024-04-11 13:58:00,P1,No issue,0.0,8778,7471,Evan,Night
2024-08-27 01:18:00,L8,Quality stop,0.0,1594,1392,Chen,Night
2024-04-02 19:38:00,T2,Breakdown,3.0,1157,1091,Ben,Day
2024-06-11 12:59:00,P1,PM,1.0,6132,5666,Diya,Day
2024-05-05 07:25:00,L9,Breakdown,0.0,11729,11402,Asha,Night
2024-08-06 17:49:00,L8,Quality stop,0.0,10953,9881,Evan,Day
2024-04-17 16:29:00,T1,Breakdown,0.0,6653,6428,Evan,Day
2024-11-14 20:49:00,P1,Breakdown,4.0,5510,5012,Asha,Day
2024-09-23 11:20:00,T1,No issue,0.0,9279,9213,Unknown,Night
2024-01-02 13:15:00,L8,No issue,0.0,7330,6940,Chen,Night
2024-11-11 09:58:00,P1,No issue,0.0,1346,1341,Asha,Day
2024-02-13 18:36:00,T1,Breakdown,0.0,5183,4495,Unknown,Day
2024-07-20 04:09:00,T2,PM,0.0,2812,2781,Ben,Day
2024-07-11 16:14:00,T1,Breakdown,1.0,1020,996,Chen,Night
2024-12-19 00:06:00,L8,No issue,0.0,9015,8889,Ben,Night
2024-05-31 04:51:00,L8,PM,2.0,10438,9090,Chen,Day
2024-09-16 04:55:00,T1,Changeover,3.0,10767,10401,Asha,Day
2024-08-02 10:52:00,P1,No issue,0.0,4409,4258,Chen,Night
2024-07-28 19:34:00,P1,No issue,0.0,9057,8738,Ben,Day
2024-04-16 13:19:00,T2,Breakdown,1.0,4988,4492,Diya,Day
2024-03-25 06:20:00,L9,PM,4.0,11385,11340,Asha,Night
2024-07-12 18:02:00,P1,Breakdown,1.0,6099,6037,Ben,Night
2024-02-19 15:11:00,P1,No issue,0.0,5494,5337,Chen,Night
2024-02-23 03:39:00,T2,PM,4.0,4136,3916,Chen,Night
2024-07-06 19:54:00,L9,Changeover,0.0,5537,5129,Unknown,Day
2024-09-19 15:01:00,L8,Changeover,1.0,1357,1291,Evan,Day
2024-07-13 11:09:00,T1,No issue,0.0,6714,6245,Evan,Day
2024-11-12 16:38:00,L9,No issue,0.0,10271,10131,Ben,Night
2024-12-03 04:26:00,P1,Breakdown,1.0,9494,9050,Ben,Day
2024-05-24 14:32:00,T2,No issue,0.0,3509,3090,Chen,Day
2024-09-03 12:29:00,L8,Changeover,0.0,5674,5347,Evan,Day
2024-08-29 20:19:00,P1,PM,0.0,9636,8515,Evan,Night
2024-11-18 17:14:00,P1,Breakdown,2.0,6298,5586,Diya,Day
2024-06-07 07:52:00,T2,No issue,0.0,2140,2121,Asha,Night
2024-01-06 19:58:00,T2,PM,1.0,6257,6069,Ben,Night
2024-04-25 15:11:00,T2,No issue,0.0,3262,2883,Diya,Day
2024-02-05 12:33:00,L8,Changeover,1.0,7421,7128,Evan,Night
2024-07-20 00:10:00,L9,No issue,0.0,2569,2549,Ben,Day
2024-08-23 18:26:00,L9,Changeover,1.0,9100,8714,Asha,Night
2024-07-28 11:31:00,P1,Changeover,0.0,1279,1252,Asha,Day
2024-05-18 17:11:00,T2,Breakdown,1.0,3137,3101,Asha,Day
2024-02-12 11:13:00,P1,Quality stop,0.0,5071,4771,Ben,Night
2024-07-11 01:50:00,P1,No issue,0.0,11604,11259,Chen,Day
2024-07-02 13:06:00,T2,PM,1.0,5919,5529,Diya,Night
2024-06-09 08:07:00,P1,No issue,0.0,649,611,Chen,Night
2024-10-23 17:09:00,L8,Changeover,4.0,3022,2909,Chen,Day
2024-02-16 00:53:00,L9,Changeover,1.0,6627,6428,Chen,Night
2024-09-15 21:25:00,T1,PM,0.0,10211,9235,Unknown,Night
2024-08-11 23:51:00,T2,Changeover,0.0,11840,10366,Diya,Day
2024-05-01 21:33:00,P1,No issue,0.0,4002,3897,Evan,Night
2024-03-04 13:12:00,L9,No issue,0.0,1471,1372,Ben,Night
2024-04-18 18:19:00,P1,Breakdown,0.0,4485,4199,Chen,Day
2024-11-01 09:00:00,T1,Breakdown,1.0,7487,6866,Chen,Day
2024-02-27 03:11:00,P1,No issue,0.0,4955,4251,Asha,Day
2024-06-13 02:44:00,T2,Quality stop,1.0,2363,2022,Diya,Day
2024-07-13 11:48:00,P1,No issue,0.0,5490,4876,Evan,Day
2024-04-07 02:05:00,T1,Breakdown,2.0,11817,11798,Evan,Day
2024-02-18 09:21:00,L8,Quality stop,1.0,2284,2019,Diya,Day
2024-04-28 04:43:00,T1,Breakdown,3.0,2100,1934,Evan,Night
2024-04-26 13:34:00,L8,PM,1.0,2175,2042,Evan,Night
2024-01-17 15:29:00,L9,Breakdown,0.0,9114,8662,Evan,Day
2024-07-11 01:33:00,L9,No issue,0.0,1582,1573,Chen,Night
2024-05-04 00:55:00,T2,Changeover,2.0,6584,6124,Ben,Night
2024-11-27 11:14:00,T1,Breakdown,3.0,3599,3391,Evan,Day
2024-06-20 01:28:00,P1,Quality stop,4.0,6829,6013,Evan,Day
2024-01-26 15:14:00,L9,Breakdown,0.0,7922,7739,Asha,Night
2024-12-19 06:41:00,P1,Breakdown,1.0,7308,6797,Ben,Day
2024-06-17 09:54:00,L9,Breakdown,0.0,2913,2727,Ben,Day
2024-04-22 07:38:00,P1,Breakdown,2.0,4716,4018,Ben,Night
2024-05-25 19:18:00,L9,Breakdown,2.0,4710,4494,Unknown,Night
2024-01-12 16:24:00,T1,PM,1.0,1796,1570,Asha,Day
2024-06-24 11:14:00,P1,Breakdown,4.0,243,236,Chen,Day
2024-02-20 11:40:00,P1,No issue,0.0,7811,7041,Diya,Day
2024-01-10 08:01:00,T1,No issue,0.0,5848,5563,Unknown,Night
2024-07-26 19:54:00,L8,No issue,0.0,10972,10171,Ben,Night
2024-03-28 11:05:00,P1,No issue,0.0,11011,10380,Diya,Day
2024-10-23 22:16:00,P1,PM,4.0,8266,7471,Ben,Day
2024-07-28 15:04:00,P1,Breakdown,1.0,7256,6445,Asha,Day
2024-07-26 16:43:00,L9,Breakdown,1.0,9884,9870,Ben,Day
2024-06-24 04:25:00,L9,No issue,0.0,4098,4025,Unknown,Night
2024-11-29 23:11:00,T2,Breakdown,0.0,2178,1927,Asha,Day
2024-05-31 18:27:00,P1,No issue,0.0,9826,8901,Asha,Night
2024-04-28 14:01:00,P1,No issue,0.0,2476,2326,Diya,Day
2024-05-07 14:46:00,L9,No issue,0.0,3133,2910,Chen,Day
2024-10-11 03:15:00,L9,Breakdown,1.0,2700,2472,Evan,Night
2024-09-26 22:49:00,P1,Breakdown,2.0,6876,5925,Unknown,Day
2024-02-15 22:09:00,L9,PM,1.0,3774,3355,Diya,Night
2024-12-18 08:27:00,L9,Breakdown,0.0,5754,5504,Asha,Night
2024-02-19 13:02:00,L9,Changeover,1.0,7190,6366,Ben,Day
2024-04-28 22:53:00,L9,No issue,0.0,2913,2829,Chen,Day
2024-07-18 10:22:00,L8,No issue,0.0,10096,9757,Asha,Night
2024-04-15 21:38:00,T1,PM,0.0,7908,7806,Diya,Day
2024-03-28 18:39:00,L9,PM,0.0,6793,6630,Asha,Day
2024-03-18 01:30:00,T1,Breakdown,0.0,7768,7649,Asha,Night
2024-11-14 16:02:00,L9,Quality stop,0.0,5344,4964,Ben,Night
2024-09-24 13:48:00,T1,Quality stop,1.0,2796,2659,Unknown,Day
2024-10-25 08:15:00,T2,No issue,0.0,3825,3772,Evan,Night
2024-03-05 14:55:00,T2,Breakdown,2.0,9480,8079,Chen,Day
2024-06-18 05:48:00,T2,No issue,0.0,4982,4671,Chen,Day
2024-11-21 23:08:00,L9,Changeover,0.0,2917,2612,Ben,Night
2024-12-09 11:08:00,L8,No issue,0.0,5643,4849,Evan,Day
2024-12-06 22:57:00,P1,No issue,0.0,5387,5203,Asha,Night
2024-10-04 17:10:00,P1,No issue,0.0,6727,6248,Evan,Night
2024-09-08 11:42:00,L8,No issue,0.0,6369,5594,Unknown,Night
2024-01-08 16:41:00,T2,No issue,0.0,11845,10374,Diya,Day
2024-04-10 02:50:00,L8,No issue,0.0,10203,10014,Asha,Night
2024-05-11 13:59:00,T1,No issue,0.0,8786,8417,Chen,Day
2024-02-04 05:33:00,T1,Breakdown,1.0,2506,2481,Unknown,Day
2024-09-28 14:35:00,L8,Breakdown,3.0,3731,3403,Asha,Day
2024-06-01 06:06:00,L8,Changeover,0.0,4320,3876,Asha,Night
2024-05-22 20:08:00,L8,Quality stop,0.0,3255,3194,Evan,Day
2024-11-30 00:35:00,L8,Breakdown,1.0,3086,2868,Evan,Night
2024-11-06 05:41:00,L8,No issue,0.0,11918,10713,Diya,Day
2024-08-12 03:32:00,L8,Breakdown,1.0,3899,3786,Asha,Night
2024-11-11 01:19:00,T2,PM,2.0,2955,2882,Chen,Day
2024-03-11 06:59:00,P1,Breakdown,0.0,9374,8567,Ben,Night
2024-11-07 22:38:00,L8,No issue,0.0,6605,6335,Evan,Day
2024-07-27 06:49:00,T2,No issue,0.0,5685,5597,Chen,Day
2024-12-04 15:35:00,L8,Breakdown,0.0,9746,8591,Diya,Day
2024-04-24 23:15:00,T1,No issue,0.0,4107,3597,Diya,Night
2024-04-30 13:54:00,P1,Breakdown,2.0,1761,1563,Chen,Night
2024-07-20 16:49:00,T1,PM,1.0,6472,6325,Evan,Day
2024-10-03 15:46:00,L9,Breakdown,1.0,2962,2543,Chen,Day
2024-03-25 23:24:00,T2,No issue,0.0,6642,6552,Chen,Night
2024-11-12 09:56:00,T2,PM,0.0,10823,10739,Asha,Night
2024-01-02 08:53:00,P1,No issue,0.0,9548,8467,Evan,Day
2024-08-20 21:06:00,L8,No issue,0.0,2195,1999,Diya,Day
2024-05-22 09:15:00,T2,Changeover,4.0,1458,1371,Chen,Day
2024-09-17 09:46:00,T2,PM,0.0,2722,2717,Ben,Night
2024-06-01 16:19:00,L9,PM,0.0,10410,9731,Diya,Night
2024-06-12 19:10:00,T1,Breakdown,0.0,1518,1324,Diya,Day
2024-06-05 21:36:00,L9,No issue,0.0,989,910,Asha,Day
2024-09-05 15:14:00,L8,No issue,0.0,8914,7601,Ben,Night
2024-05-17 01:00:00,T2,Quality stop,0.0,9748,8308,Diya,Night
2024-12-30 09:21:00,T1,PM,2.0,4723,4499,Ben,Night
2024-11-01 00:33:00,T1,No issue,0.0,9445,8792,Chen,Night
2024-04-04 21:31:00,L8,Breakdown,0.0,5406,5097,Diya,Day
2024-10-03 20:57:00,T1,Quality stop,2.0,10918,9308,Chen,Day
2024-04-29 10:18:00,L9,Breakdown,0.0,8029,7878,Asha,Day
2024-06-22 12:41:00,T2,Changeover,3.0,6780,6242,Evan,Night
2024-09-14 13:37:00,L8,No issue,0.0,2802,2432,Evan,Day
2024-03-29 19:06:00,T2,No issue,0.0,8342,7304,Ben,Day
2024-10-18 15:54:00,T1,No issue,0.0,9790,9324,Unknown,Night
2024-08-14 07:50:00,L8,No issue,0.0,3462,3278,Evan,Night
2024-06-24 04:38:00,T2,PM,2.0,5859,5827,Asha,Day
2024-05-31 17:31:00,T1,Breakdown,1.0,6098,5407,Ben,Day
2024-03-27 12:05:00,P1,No issue,0.0,5200,4609,Diya,Day
2024-03-12 00:00:00,L8,Changeover,0.0,7644,7072,Chen,Day
2024-05-22 13:51:00,L9,Changeover,1.0,8559,7920,Diya,Day
2024-12-10 08:10:00,T2,Quality stop,0.0,2507,2285,Evan,Night
2024-09-29 22:43:00,T1,PM,0.0,11133,10722,Chen,Day
2024-04-25 05:56:00,T1,Quality stop,1.0,7041,6206,Diya,Day
2024-03-29 08:11:00,T2,Breakdown,0.0,8028,7244,Asha,Day
2024-09-21 17:32:00,T1,No issue,0.0,8110,7236,Chen,Night
2024-10-03 14:25:00,L8,Quality stop,0.0,6476,5553,Asha,Night
2024-01-03 23:22:00,T1,No issue,0.0,542,522,Chen,Day
2024-10-02 22:03:00,L8,Breakdown,0.0,10361,9664,Chen,Night
2024-12-02 17:00:00,L9,No issue,0.0,6472,5766,Asha,Day
2024-06-05 17:04:00,L8,Changeover,1.0,3291,3031,Asha,Night
2024-04-22 13:37:00,L9,Breakdown,1.0,3579,3334,Evan,Day
2024-02-13 23:13:00,P1,Breakdown,1.0,8778,7910,Chen,Night
2024-12-21 09:54:00,T2,Quality stop,1.0,785,679,Evan,Day
2024-09-02 19:08:00,T1,No issue,0.0,441,387,Asha,Day
2024-12-06 15:15:00,P1,Breakdown,1.0,10223,9552,Diya,Night
2024-07-15 23:17:00,L8,Breakdown,2.0,9736,8885,Evan,Night
2024-09-26 05:14:00,P1,Quality stop,3.0,7429,6906,Diya,Day
2024-03-30 23:17:00,L8,Breakdown,0.0,1596,1417,Asha,Night
2024-05-22 07:05:00,L9,Breakdown,1.0,1725,1474,Asha,Night
2024-08-22 01:07:00,L9,Breakdown,4.0,11684,10741,Diya,Night
2024-01-03 12:42:00,T2,Breakdown,0.0,6751,6205,Evan,Day
2024-10-14 20:47:00,T2,No issue,0.0,160,149,Evan,Night
2024-08-03 15:06:00,L8,Breakdown,0.0,10604,9392,Ben,Day
2024-03-30 06:46:00,T2,No issue,0.0,6997,6086,Ben,Day
2024-09-24 04:43:00,T2,No issue,0.0,255,218,Asha,Day
2024-10-11 00:50:00,L9,Breakdown,4.0,6166,5887,Asha,Night
2024-09-11 22:04:00,T1,Breakdown,1.0,4568,4201,Asha,Day
2024-01-14 19:30:00,T1,No issue,0.0,3462,3012,Diya,Day
2024-01-02 14:12:00,L9,Changeover,0.0,9279,7944,Diya,Day
2024-02-26 04:43:00,P1,No issue,0.0,6608,6252,Ben,Day
2024-09-06 13:45:00,L9,No issue,0.0,8333,7391,Evan,Night
2024-12-15 19:56:00,T1,Changeover,2.0,205,202,Evan,Day
2024-02-15 18:39:00,L9,Changeover,2.0,8291,7570,Unknown,Day
2024-02-26 02:45:00,T1,No issue,0.0,4589,4445,Diya,Day
2024-04-20 06:06:00,L8,Changeover,2.0,10960,10061,Chen,Night
2024-06-18 08:56:00,T2,Breakdown,3.0,7801,7256,Diya,Day
2024-05-22 00:39:00,L9,No issue,0.0,997,987,Diya,Day
2024-04-09 12:15:00,T1,No issue,0.0,11139,10111,Ben,Night
2024-08-14 01:36:00,P1,Changeover,4.0,8916,8013,Ben,Day
2024-10-04 22:56:00,T1,Breakdown,0.0,8423,7933,Diya,Night
2024-01-11 17:48:00,P1,Quality stop,0.0,8489,7465,Unknown,Day
2024-05-08 21:01:00,P1,Breakdown,1.0,8454,7573,Diya,Day
2024-10-01 00:21:00,T2,Breakdown,0.0,2810,2412,Diya,Night
2024-11-09 12:32:00,P1,Quality stop,4.0,8789,8137,Asha,Night
2024-08-02 20:34:00,P1,No issue,0.0,6982,5950,Asha,Day
2024-06-13 05:07:00,P1,Breakdown,1.0,6251,6009,Ben,Day
2024-07-10 17:53:00,P1,No issue,0.0,5769,5566,Ben,Day
2024-08-01 23:51:00,P1,PM,2.0,820,815,Asha,Night
2024-04-19 09:26:00,P1,No issue,0.0,1177,1149,Asha,Night
2024-05-08 18:40:00,T2,No issue,0.0,1100,982,Diya,Day
2024-01-30 00:54:00,T2,PM,0.0,10331,9200,Chen,Day
2024-10-05 04:29:00,L8,Breakdown,0.0,2655,2292,Evan,Night
2024-11-02 08:45:00,P1,No issue,0.0,8054,7574,Asha,Day
2024-12-23 05:16:00,L8,Breakdown,2.0,10593,10423,Evan,Night
2024-03-07 14:00:00,L8,No issue,0.0,9736,9344,Diya,Night
2024-12-12 05:10:00,T2,No issue,0.0,7186,6286,Asha,Day
2024-07-03 17:39:00,P1,Breakdown,2.0,6992,6501,Chen,Night
2024-03-13 15:11:00,T1,Changeover,1.0,4766,4356,Chen,Night
2024-12-20 10:03:00,T2,PM,0.0,4627,4479,Ben,Day
2024-08-07 08:12:00,T2,No issue,0.0,7700,6794,Ben,Night
2024-05-28 01:45:00,T2,Changeover,4.0,1147,1039,Ben,Day
2024-03-19 05:14:00,T1,Breakdown,2.0,10950,10463,Chen,Night
2024-04-16 14:43:00,T2,PM,1.0,5097,4698,Ben,Night
2024-10-04 18:51:00,L8,Quality stop,0.0,10731,9588,Ben,Night
2024-11-22 11:34:00,T2,Quality stop,1.0,3945,3468,Ben,Night
2024-06-08 19:22:00,L8,Breakdown,4.0,10673,9699,Evan,Day
2024-07-04 08:44:00,T1,Breakdown,1.0,1616,1455,Evan,Night
2024-05-27 17:39:00,P1,No issue,0.0,10917,10672,Evan,Day
2024-04-20 03:47:00,L8,Breakdown,2.0,10670,9787,Diya,Night
2024-02-28 11:59:00,L9,Breakdown,0.0,9144,8676,Diya,Day
2024-10-11 17:11:00,T2,No issue,0.0,10297,9804,Evan,Day
2024-12-29 22:41:00,P1,PM,1.0,2757,2602,Unknown,Day
2024-03-21 17:13:00,T2,Breakdown,4.0,1701,1554,Chen,Day
2024-03-21 23:32:00,P1,Breakdown,0.0,9575,9027,Asha,Night
2024-01-29 01:58:00,P1,No issue,0.0,9739,9246,Unknown,Day
2024-02-04 20:51:00,T1,No issue,0.0,2969,2711,Chen,Day
2024-06-30 11:00:00,L8,No issue,0.0,4001,3632,Evan,Night
2024-04-26 09:12:00,L9,Breakdown,0.0,10099,9127,Asha,Day
2024-01-18 16:10:00,T2,No issue,0.0,2651,2503,Ben,Day
2024-06-01 21:49:00,L8,Breakdown,1.0,5166,5069,Diya,Day
2024-04-22 05:57:00,L9,Breakdown,1.0,2101,1911,Diya,Night
2024-10-05 13:20:00,T1,Quality stop,4.0,6515,6193,Ben,Day
2024-11-09 23:58:00,L9,Quality stop,0.0,3,2,Evan,Night
2024-05-20 21:10:00,T2,Breakdown,1.0,5583,5200,Ben,Night
2024-11-16 01:06:00,T1,No issue,0.0,7842,6860,Ben,Day
2024-03-31 20:05:00,T1,Breakdown,4.0,4836,4663,Diya,Day
2024-02-22 14:18:00,T1,No issue,0.0,4213,4165,Ben,Night
2024-05-12 02:59:00,T2,No issue,0.0,1814,1735,Diya,Night
2024-05-02 08:23:00,L8,Breakdown,1.0,10175,8818,Asha,Night
2024-04-20 17:44:00,L9,Changeover,2.0,10875,9844,Evan,Day
2024-11-29 22:47:00,L9,PM,0.0,8870,8070,Unknown,Day
2024-10-24 05:06:00,L9,No issue,0.0,7465,7202,Ben,Day
2024-01-21 20:10:00,T2,Quality stop,4.0,7568,7165,Chen,Day
2024-02-16 15:20:00,T1,Changeover,1.0,5256,5061,Ben,Day
2024-11-15 05:56:00,L9,No issue,0.0,5750,5187,Evan,Night
2024-07-17 07:42:00,L9,Quality stop,1.0,7460,6909,Ben,Night
2024-05-01 10:33:00,T2,No issue,0.0,5616,5055,Asha,Day
2024-09-28 13:52:00,T1,PM,0.0,6380,6202,Asha,Day
2024-09-25 20:00:00,L8,No issue,0.0,10514,9241,Diya,Day
2024-03-27 23:58:00,L9,No issue,0.0,10887,10545,Asha,Day
2024-05-30 17:23:00,L9,PM,2.0,6487,5904,Diya,Day
2024-11-15 10:08:00,T1,PM,0.0,11214,10667,Evan,Night
2024-04-03 04:07:00,P1,Breakdown,0.0,1946,1843,Diya,Day
2024-06-21 18:28:00,L8,No issue,0.0,5049,4984,Diya,Day
2024-11-27 06:43:00,T1,Quality stop,1.0,11340,10030,Diya,Night
2024-02-05 06:14:00,L9,Breakdown,0.0,1166,1148,Ben,Night
2024-02-29 04:32:00,P1,No issue,0.0,10996,9357,Diya,Night
2024-11-25 19:38:00,L9,No issue,0.0,10124,10002,Chen,Day
2024-05-17 22:36:00,P1,Changeover,0.0,3169,3032,Ben,Day
2024-04-26 17:42:00,L8,PM,1.0,5491,5276,Chen,Day
2024-06-12 18:14:00,T2,Breakdown,3.0,507,437,Unknown,Day
2024-09-22 13:16:00,T2,No issue,0.0,4113,3603,Unknown,Night
2024-10-30 17:37:00,P1,No issue,0.0,4327,4282,Diya,Night
2024-07-08 18:38:00,P1,No issue,0.0,9719,9410,Ben,Night
2024-05-17 16:50:00,P1,No issue,0.0,11637,11003,Ben,Day
2024-08-13 23:21:00,T1,PM,1.0,542,524,Ben,Day
2024-06-19 19:40:00,P1,Changeover,0.0,6651,6384,Diya,Night
2024-12-23 22:29:00,L9,No issue,0.0,2206,2132,Unknown,Day
2024-02-23 07:31:00,P1,Breakdown,1.0,10963,9424,Ben,Day
2024-12-08 03:46:00,L9,No issue,0.0,3413,3376,Evan,Night
2024-07-29 18:30:00,T1,No issue,0.0,179,174,Chen,Day
2024-05-23 23:56:00,L8,PM,0.0,4617,4393,Chen,Day
2024-08-10 05:52:00,L9,Breakdown,1.0,749,689,Chen,Night
2024-03-15 23:44:00,L9,Quality stop,1.0,6701,5933,Chen,Day
2024-05-24 23:58:00,P1,No issue,0.0,2560,2521,Asha,Day
2024-03-30 08:41:00,P1,No issue,0.0,3304,2834,Asha,Day
2024-04-14 04:30:00,P1,No issue,0.0,4697,4111,Ben,Day
2024-08-15 05:35:00,L9,Breakdown,0.0,11823,10795,Evan,Night
2024-09-01 16:42:00,L9,No issue,0.0,7252,7162,Asha,Night
2024-03-07 22:49:00,T2,Breakdown,2.0,9456,8997,Chen,Day
2024-08-07 18:30:00,T2,Changeover,2.0,3103,2644,Chen,Night
2024-02-22 19:38:00,P1,Changeover,1.0,2489,2414,Chen,Day
2024-09-04 00:00:00,T2,No issue,0.0,11523,10921,Evan,Day
2024-09-29 03:01:00,T1,PM,3.0,5665,4865,Chen,Night
2024-07-17 03:31:00,L8,No issue,0.0,3689,3330,Asha,Night
2024-07-28 23:57:00,T1,No issue,0.0,2155,1959,Chen,Night
2024-06-18 11:41:00,L8,No issue,0.0,1896,1636,Chen,Day
2024-07-28 01:35:00,P1,No issue,0.0,7769,6803,Chen,Night
2024-03-07 23:02:00,L8,No issue,0.0,7897,6818,Evan,Day
2024-01-24 03:46:00,P1,No issue,0.0,6792,5867,Asha,Day
2024-06-11 12:46:00,T2,No issue,0.0,1206,1110,Diya,Day
2024-04-27 10:32:00,T1,Changeover,0.0,3513,3199,Ben,Day
2024-07-31 05:38:00,T2,PM,0.0,2574,2524,Diya,Night
2024-01-08 15:28:00,P1,Breakdown,0.0,11115,10574,Evan,Night
2024-06-09 20:36:00,L9,Breakdown,1.0,11300,9974,Diya,Night
2024-12-15 01:29:00,T1,Quality stop,0.0,543,462,Diya,Day
2024-04-24 21:33:00,T1,No issue,0.0,4332,3696,Evan,Night
2024-07-25 03:41:00,T1,Quality stop,4.0,3214,2851,Chen,Night
2024-04-19 14:46:00,L8,Breakdown,1.0,10733,9802,Asha,Day
2024-04-04 01:45:00,T2,Breakdown,3.0,7393,6737,Ben,Day
2024-06-02 14:43:00,T2,Breakdown,3.0,10208,10154,Diya,Night
2024-12-29 20:34:00,L9,Quality stop,0.0,10450,10415,Diya,Night
2024-05-27 04:13:00,P1,PM,0.0,7768,7115,Chen,Day
2024-12-19 20:31:00,L8,Changeover,0.0,5307,4553,Ben,Day
2024-11-28 01:28:00,P1,Breakdown,0.0,5986,5391,Diya,Night
2024-10-27 04:36:00,T2,Breakdown,1.0,7417,7071,Chen,Day
2024-08-07 09:58:00,T1,Changeover,1.0,8587,8229,Evan,Night
2024-11-07 18:42:00,L8,No issue,0.0,7719,7045,Diya,Day
2024-06-11 08:51:00,P1,No issue,0.0,2751,2387,Chen,Day
2024-07-25 12:13:00,P1,No issue,0.0,4014,3953,Chen,Day
2024-12-25 21:15:00,T1,No issue,0.0,6568,5792,Asha,Day
2024-01-16 01:15:00,T1,No issue,0.0,2331,2015,Asha,Night
2024-07-23 15:44:00,P1,PM,0.0,8513,8227,Asha,Day
2024-08-22 20:41:00,T1,Quality stop,2.0,420,414,Asha,Day
2024-06-07 07:48:00,P1,No issue,0.0,898,856,Diya,Night
2024-10-28 14:02:00,P1,No issue,0.0,11971,10736,Diya,Night
2024-05-17 23:18:00,T1,No issue,0.0,1419,1225,Ben,Day
2024-05-24 23:59:00,L8,No issue,0.0,11519,11140,Diya,Night
2024-01-11 11:14:00,T1,No issue,0.0,10100,9483,Diya,Day
2024-03-08 00:24:00,T2,Quality stop,0.0,4864,4659,Ben,Night
2024-12-11 08:27:00,L9,Breakdown,4.0,549,521,Ben,Day
2024-10-01 03:15:00,L8,No issue,0.0,7635,6587,Chen,Day
2024-04-27 07:49:00,T1,Breakdown,0.0,7543,6647,Chen,Day
2024-02-17 17:24:00,L9,PM,0.0,4976,4945,Asha,Day
2024-01-15 14:56:00,T1,No issue,0.0,7594,6704,Ben,Day
2024-12-07 20:55:00,T1,PM,1.0,1101,972,Diya,Day
2024-05-30 18:52:00,P1,PM,4.0,3138,2960,Chen,Day
2024-08-30 13:05:00,T1,Breakdown,2.0,3700,3381,Diya,Day
2024-09-04 00:07:00,T1,No issue,0.0,11071,9619,Chen,Night
2024-01-20 14:21:00,T2,Changeover,0.0,5063,4391,Chen,Day
2024-09-23 02:20:00,T2,PM,1.0,10421,8870,Asha,Day
2024-06-22 19:57:00,L9,Changeover,1.0,5285,4936,Evan,Day
2024-05-29 12:24:00,T2,Breakdown,0.0,10675,10098,Evan,Day
2024-12-03 12:24:00,T2,No issue,0.0,1403,1244,Chen,Night
2024-01-08 18:27:00,T2,No issue,0.0,2572,2399,Ben,Day
2024-05-14 20:17:00,P1,Breakdown,1.0,1220,1146,Diya,Night
2024-12-20 14:44:00,P1,No issue,0.0,2875,2570,Chen,Night
2024-08-21 08:14:00,T1,No issue,0.0,409,358,Ben,Night
2024-06-13 11:44:00,L8,Changeover,0.0,5969,5531,Unknown,Night
2024-01-13 19:34:00,P1,Breakdown,3.0,765,699,Chen,Day
2024-12-20 08:31:00,L8,No issue,0.0,3360,3133,Evan,Day
2024-11-16 07:30:00,P1,Breakdown,4.0,2816,2547,Asha,Day
2024-03-28 11:24:00,P1,Quality stop,1.0,1975,1716,Asha,Day
2024-07-26 09:16:00,L9,Quality stop,1.0,8188,7824,Ben,Night
2024-06-21 12:40:00,T2,No issue,0.0,5427,5137,Ben,Night
2024-10-02 14:38:00,P1,Breakdown,0.0,4572,3930,Chen,Night
2024-03-26 06:27:00,P1,Quality stop,0.0,457,444,Unknown,Day
2024-06-09 09:56:00,P1,PM,1.0,9344,8454,Asha,Night
2024-04-17 00:16:00,L9,No issue,0.0,3429,3374,Asha,Day
2024-02-02 18:32:00,P1,Breakdown,0.0,8943,7720,Chen,Day
2024-03-16 05:19:00,P1,No issue,0.0,6769,6288,Asha,Day
2024-09-22 04:23:00,L8,No issue,0.0,1912,1905,Unknown,Night
2024-08-25 21:29:00,L9,No issue,0.0,7828,7220,Chen,Night
2024-03-30 02:19:00,T2,Breakdown,2.0,238,213,Evan,Night
2024-12-19 16:41:00,T2,No issue,0.0,7045,6290,Chen,Day
2024-03-14 16:33:00,T2,Changeover,1.0,10621,9396,Chen,Night
2024-04-10 10:27:00,P1,No issue,0.0,5995,5765,Diya,Night
2024-05-07 21:56:00,T1,Quality stop,0.0,6742,6426,Ben,Night
2024-05-24 09:00:00,T2,Breakdown,0.0,7482,6556,Chen,Day
2024-05-20 21:22:00,T1,Breakdown,1.0,7308,6271,Diya,Day
2024-02-04 15:07:00,P1,No issue,0.0,6250,5596,Diya,Night
2024-11-06 10:17:00,L9,No issue,0.0,7340,7235,Evan,Night
2024-05-02 05:52:00,L9,Breakdown,1.0,1801,1696,Evan,Day
2024-02-09 07:52:00,L9,Quality stop,1.0,8927,7734,Diya,Day
2024-01-27 11:46:00,P1,No issue,0.0,8081,7319,Chen,Day
2024-06-11 17:06:00,L9,No issue,0.0,4154,4151,Diya,Day
2024-11-11 18:01:00,L8,No issue,0.0,7329,6305,Diya,Night
2024-10-26 18:44:00,L8,No issue,0.0,2290,2068,Unknown,Day
2024-04-24 05:38:00,L8,Breakdown,0.0,1198,1061,Diya,Day
2024-12-26 04:18:00,L9,No issue,0.0,3173,2795,Ben,Day
2024-09-30 04:55:00,L8,Breakdown,0.0,11684,11431,Evan,Night
2024-12-27 04:27:00,L9,No issue,0.0,10481,9034,Asha,Night
2024-03-05 23:17:00,L8,No issue,0.0,1574,1547,Diya,Day
2024-04-13 23:31:00,L9,Breakdown,1.0,7237,6469,Chen,Night
2024-12-11 18:25:00,L8,No issue,0.0,5319,4523,Diya,Day
2024-07-20 19:09:00,P1,Breakdown,3.0,2400,2343,Chen,Night
2024-06-11 07:49:00,T1,No issue,0.0,7977,7211,Ben,Night
2024-12-26 22:04:00,T2,Quality stop,1.0,7111,6131,Evan,Day
2024-09-14 03:43:00,L8,Quality stop,0.0,5791,5655,Chen,Day
2024-02-11 09:22:00,P1,No issue,0.0,109,92,Diya,Day
2024-10-08 11:01:00,L9,No issue,0.0,7905,7412,Evan,Night
2024-11-29 00:06:00,P1,Breakdown,0.0,4059,3819,Chen,Day
2024-03-19 19:23:00,L8,PM,0.0,4281,3779,Chen,Night
2024-12-04 12:45:00,T2,Changeover,0.0,2843,2538,Ben,Day
2024-07-06 12:22:00,T2,No issue,0.0,6008,5192,Chen,Day
2024-04-26 19:32:00,L9,No issue,0.0,746,649,Diya,Day
2024-10-06 08:13:00,P1,PM,2.0,10428,9612,Chen,Day
2024-03-11 02:36:00,L8,Quality stop,2.0,9403,9286,Evan,Night
2024-09-27 00:47:00,P1,No issue,0.0,8288,7926,Chen,Day
2024-06-01 11:57:00,T1,PM,2.0,1327,1259,Ben,Night
2024-02-25 22:41:00,L9,No issue,0.0,4560,4100,Chen,Night
2024-04-10 03:07:00,P1,No issue,0.0,3708,3215,Ben,Night
2024-04-13 12:12:00,T2,No issue,0.0,5534,5350,Evan,Day
2024-06-16 23:54:00,T2,No issue,0.0,8187,8028,Evan,Day
2024-03-13 23:59:00,L8,PM,1.0,7539,7141,Evan,Day
2024-12-14 20:38:00,T1,No issue,0.0,4048,3904,Chen,Day
2024-07-15 20:34:00,T2,No issue,0.0,6680,6221,Asha,Night
2024-09-13 17:28:00,P1,PM,0.0,4981,4551,Evan,Night
2024-02-19 10:09:00,L8,No issue,0.0,94,80,Ben,Night
2024-01-17 03:44:00,T1,Breakdown,3.0,9187,8902,Evan,Night
2024-12-25 15:44:00,L9,Breakdown,0.0,8592,8220,Diya,Night
2024-12-28 03:03:00,L8,PM,1.0,8024,7857,Evan,Day
2024-07-09 17:56:00,P1,No issue,0.0,8615,7999,Diya,Day
2024-02-23 21:44:00,L9,Quality stop,0.0,6627,6041,Chen,Night
2024-06-22 12:18:00,L8,No issue,0.0,3895,3469,Asha,Day
2024-10-09 02:02:00,T1,No issue,0.0,11758,10091,Chen,Night
2024-03-14 16:59:00,P1,No issue,0.0,6228,6191,Ben,Night
2024-11-30 07:31:00,T2,No issue,0.0,9937,9639,Ben,Night
2024-10-25 19:04:00,P1,Breakdown,4.0,2452,2198,Chen,Night
2024-10-01 04:13:00,T2,PM,0.0,11589,11420,Asha,Night
2024-12-25 12:58:00,L8,Changeover,0.0,5456,5346,Evan,Day
2024-08-01 16:31:00,L9,No issue,0.0,533,464,Unknown,Night
2024-06-30 15:46:00,T1,No issue,0.0,304,269,Chen,Night
2024-04-27 04:54:00,L9,Changeover,2.0,4597,4168,Asha,Day
2024-01-06 22:44:00,L8,Breakdown,0.0,981,886,Ben,Night
2024-07-31 14:09:00,T2,Quality stop,0.0,4271,3701,Diya,Day
2024-09-21 15:26:00,T1,Changeover,1.0,9117,8135,Ben,Day
2024-11-30 21:25:00,T1,Breakdown,2.0,886,758,Ben,Day
2024-02-26 21:48:00,P1,No issue,0.0,10558,9880,Evan,Day
2024-03-10 11:22:00,L8,No issue,0.0,10120,8748,Chen,Night
2024-03-31 06:00:00,L9,No issue,0.0,8956,7982,Ben,Night
2024-12-27 08:11:00,P1,No issue,0.0,687,645,Chen,Night
2024-09-28 08:35:00,L9,Breakdown,0.0,5943,5240,Asha,Day
2024-08-29 09:05:00,T1,Changeover,1.0,11359,10712,Unknown,Day
2024-08-07 03:16:00,T2,No issue,0.0,4667,4161,Ben,Night
2024-01-07 01:07:00,T2,PM,0.0,10330,9328,Asha,Day
2024-05-20 03:34:00,L9,No issue,0.0,5041,4335,Evan,Day
2024-02-22 01:20:00,P1,No issue,0.0,7634,6922,Asha,Night
2024-10-05 16:03:00,P1,Breakdown,1.0,4189,3655,Ben,Day
2024-02-15 17:29:00,L9,Breakdown,0.0,4890,4495,Chen,Day
2024-06-24 21:57:00,L8,PM,1.0,1674,1471,Chen,Day
2024-11-27 01:31:00,T1,No issue,0.0,6065,5380,Asha,Night
2024-08-29 06:05:00,L9,No issue,0.0,3347,3002,Chen,Night
2024-08-14 17:17:00,L8,No issue,0.0,5386,5120,Ben,Day
2024-04-16 16:04:00,P1,PM,1.0,9924,8551,Ben,Night
2024-11-23 05:52:00,T2,Quality stop,4.0,259,233,Ben,Day
2024-02-27 16:17:00,L9,No issue,0.0,4729,4690,Asha,Night
2024-05-29 07:26:00,L8,Breakdown,4.0,5949,5868,Asha,Night
2024-11-14 10:50:00,L8,PM,0.0,7366,6480,Chen,Day
2024-08-17 09:27:00,P1,Quality stop,1.0,6239,6155,Asha,Night
2024-07-22 21:59:00,L9,Breakdown,1.0,9936,9814,Asha,Day
2024-10-13 02:35:00,P1,No issue,0.0,2145,2101,Diya,Day
2024-11-22 09:23:00,T2,Changeover,0.0,7039,6775,Evan,Day
2024-10-04 09:12:00,T2,Changeover,0.0,6945,6817,Ben,Night
2024-09-22 18:04:00,L9,Breakdown,4.0,11941,10908,Evan,Day
2024-11-22 17:56:00,L8,PM,0.0,9035,7813,Ben,Day
2024-11-21 09:46:00,P1,Breakdown,2.0,5505,5444,Ben,Day
2024-10-24 19:21:00,T2,Quality stop,1.0,7435,7168,Asha,Day
2024-04-03 04:41:00,L9,Changeover,0.0,10088,8650,Diya,Night
2024-08-01 22:07:00,P1,No issue,0.0,287,279,Asha,Day
2024-02-28 13:14:00,T2,Breakdown,0.0,9491,8616,Ben,Night
2024-09-07 18:13:00,L8,No issue,0.0,9961,9483,Ben,Night
2024-08-10 20:46:00,L8,PM,0.0,8492,8228,Evan,Day
2024-09-28 15:45:00,T1,No issue,0.0,170,146,Chen,Night
2024-05-05 20:08:00,P1,No issue,0.0,2466,2452,Evan,Night
2024-06-24 13:05:00,P1,PM,4.0,6557,5701,Diya,Night
2024-09-24 08:37:00,L8,No issue,0.0,6622,6374,Unknown,Day
2024-12-18 09:27:00,L8,Breakdown,0.0,1727,1547,Asha,Night
2024-02-15 04:33:00,T2,Quality stop,1.0,3869,3370,Diya,Day
2024-07-24 22:03:00,L8,No issue,0.0,11787,11637,Asha,Night
2024-02-10 14:15:00,P1,No issue,0.0,10574,9241,Ben,Day
2024-03-01 00:51:00,T2,Changeover,0.0,187,179,Diya,Day
2024-09-09 14:59:00,L9,PM,1.0,8602,8393,Ben,Night
2024-05-26 17:48:00,P1,Quality stop,4.0,11829,10313,Unknown,Day
2024-11-02 19:40:00,L8,No issue,0.0,2300,1986,Asha,Day
2024-07-25 07:17:00,T1,Quality stop,1.0,1489,1280,Asha,Night
2024-07-19 16:59:00,T1,No issue,0.0,10102,9262,Evan,Night
2024-04-23 20:08:00,T2,Changeover,0.0,11689,11343,Ben,Day
2024-06-16 05:13:00,P1,Quality stop,0.0,3371,2903,Ben,Night
2024-02-08 14:02:00,L8,Changeover,0.0,7186,7126,Chen,Day
2024-10-03 01:19:00,L8,No issue,0.0,8386,7237,Ben,Day
2024-09-08 12:26:00,P1,No issue,0.0,2948,2529,Evan,Night
2024-03-27 08:08:00,P1,No issue,0.0,4211,3857,Chen,Day
2024-06-08 08:59:00,T2,Quality stop,2.0,1561,1345,Chen,Day
2024-06-05 02:04:00,L8,Changeover,1.0,8648,7513,Diya,Day
2024-11-11 12:27:00,P1,PM,1.0,6908,6814,Asha,Day
2024-09-09 16:28:00,P1,Breakdown,2.0,7314,6861,Evan,Day
2024-04-08 10:55:00,P1,No issue,0.0,3186,2836,Diya,Day
2024-12-06 16:07:00,L9,Quality stop,1.0,10887,9602,Asha,Night
2024-08-11 06:50:00,P1,No issue,0.0,8707,7779,Evan,Day
2024-12-01 07:03:00,L8,No issue,0.0,10997,9528,Diya,Night
2024-12-25 03:21:00,L8,Breakdown,1.0,4836,4333,Asha,Night
2024-09-06 22:10:00,T2,Quality stop,2.0,7165,6247,Asha,Night
2024-02-09 22:24:00,P1,PM,0.0,2195,1903,Ben,Day
2024-08-15 09:19:00,L8,No issue,0.0,6053,5186,Evan,Night
2024-07-19 23:02:00,L8,Breakdown,3.0,10862,10077,Evan,Night
2024-05-30 09:24:00,P1,No issue,0.0,2575,2553,Ben,Night
2024-10-30 13:20:00,L8,PM,3.0,2191,2067,Diya,Night
2024-06-27 22:10:00,T2,PM,2.0,11435,10167,Ben,Day
2024-07-04 12:46:00,L8,Quality stop,4.0,11226,10468,Diya,Day
2024-04-20 23:39:00,T2,Breakdown,2.0,5967,5106,Chen,Night
2024-06-01 10:12:00,P1,Changeover,0.0,10620,9126,Asha,Night
2024-12-11 13:40:00,L9,Breakdown,0.0,5846,5301,Evan,Day
2024-04-01 23:08:00,T2,Quality stop,1.0,10834,10716,Evan,Day
2024-10-13 10:18:00,L9,No issue,0.0,3332,2844,Chen,Day
2024-02-24 18:46:00,T2,No issue,0.0,11555,11332,Asha,Day
2024-01-18 12:20:00,L8,PM,1.0,7629,7588,Ben,Night
2024-12-03 05:23:00,T2,Breakdown,1.0,9975,8624,Evan,Day
2024-03-14 11:04:00,L8,No issue,0.0,7574,6453,Evan,Day
2024-02-04 21:33:00,T2,No issue,0.0,9104,8745,Diya,Day
2024-07-02 22:24:00,P1,Quality stop,0.0,5044,4367,Ben,Night
2024-08-13 02:20:00,T2,Breakdown,2.0,11922,10587,Diya,Day
2024-05-02 05:12:00,P1,Breakdown,0.0,7500,7336,Asha,Day
2024-04-12 09:56:00,L8,No issue,0.0,11903,10124,Ben,Day
2024-04-11 12:04:00,L9,PM,0.0,11264,10989,Chen,Day
2024-12-15 22:49:00,T1,No issue,0.0,10449,9638,Diya,Day
2024-11-18 23:54:00,L9,Changeover,0.0,11699,10947,Unknown,Night
2024-04-28 18:27:00,T1,PM,0.0,2927,2598,Chen,Night
2024-05-03 16:04:00,L8,Breakdown,0.0,9709,8629,Diya,Day
2024-04-17 06:22:00,L9,Breakdown,1.0,5493,5327,Diya,Day
2024-12-29 09:19:00,P1,No issue,0.0,3744,3409,Asha,Day
2024-11-14 01:13:00,P1,Breakdown,1.0,3473,3367,Unknown,Night
2024-05-05 01:30:00,T2,Changeover,1.0,924,882,Ben,Day
2024-10-19 00:06:00,T1,Breakdown,1.0,9005,8458,Diya,Day
2024-02-25 12:35:00,T1,Breakdown,1.0,851,735,Evan,Night
2024-09-29 05:18:00,L9,Breakdown,0.0,9817,9532,Chen,Day
2024-07-19 12:42:00,L8,Breakdown,1.0,7270,6741,Diya,Night
2024-04-23 17:05:00,T2,PM,0.0,77,69,Unknown,Night
2024-05-12 02:18:00,L8,No issue,0.0,3197,3160,Chen,Day
2024-05-19 22:56:00,L9,No issue,0.0,1380,1258,Unknown,Day
2024-05-14 14:55:00,P1,Quality stop,3.0,1385,1250,Diya,Day
2024-04-06 02:00:00,P1,No issue,0.0,6846,6777,Asha,Day
2024-09-02 04:59:00,P1,Breakdown,0.0,5787,5349,Chen,Night
2024-06-25 23:36:00,L9,Breakdown,1.0,5313,5069,Asha,Night
2024-08-27 03:18:00,L9,Breakdown,4.0,10428,10311,Evan,Day
2024-07-15 21:08:00,L8,No issue,0.0,6300,5935,Asha,Night
2024-10-30 02:07:00,L8,No issue,0.0,5000,4432,Chen,Night
2024-07-05 23:48:00,L9,Breakdown,0.0,7339,7299,Chen,Night
2024-11-29 00:18:00,P1,No issue,0.0,10377,10098,Diya,Day
2024-02-13 02:53:00,T1,PM,1.0,9043,7737,Evan,Day
2024-07-12 06:14:00,T1,Breakdown,0.0,10787,10267,Asha,Day
2024-12-17 08:13:00,T1,PM,2.0,3565,3414,Evan,Day
2024-04-06 22:41:00,P1,No issue,0.0,2632,2303,Chen,Night
2024-10-03 08:51:00,T1,Quality stop,1.0,11354,10626,Ben,Day
2024-05-15 05:00:00,P1,Breakdown,1.0,4928,4597,Unknown,Night
2024-12-26 07:24:00,P1,Changeover,1.0,11906,11668,Evan,Day
2024-06-09 02:40:00,T2,No issue,0.0,1489,1477,Diya,Day
2024-03-12 06:26:00,T1,No issue,0.0,11094,9648,Chen,Day
2024-06-17 08:11:00,L8,Breakdown,1.0,8438,7595,Chen,Day
2024-09-29 12:55:00,P1,PM,1.0,2763,2558,Chen,Day
2024-01-15 04:07:00,T2,Breakdown,4.0,1639,1505,Evan,Night
2024-06-26 15:12:00,T1,Quality stop,0.0,6527,6354,Asha,Night
2024-05-16 21:50:00,P1,No issue,0.0,10510,9744,Asha,Day
2024-07-17 23:56:00,P1,No issue,0.0,6726,5759,Ben,Day
2024-10-11 00:53:00,L8,Changeover,2.0,3625,3472,Asha,Night
2024-02-26 02:39:00,L9,No issue,0.0,3182,2824,Diya,Night
2024-08-31 12:04:00,P1,No issue,0.0,10156,10122,Evan,Night
2024-08-04 12:28:00,P1,Breakdown,1.0,9298,8148,Asha,Night
2024-07-03 20:43:00,T2,No issue,0.0,142,139,Ben,Night
2024-08-12 08:38:00,T2,Breakdown,2.0,9467,8952,Evan,Day
2024-03-25 23:16:00,L8,Breakdown,0.0,1878,1829,Evan,Night
2024-11-10 10:57:00,T2,No issue,0.0,10139,9984,Ben,Night
2024-07-04 23:17:00,T1,No issue,0.0,11997,11732,Asha,Day
2024-11-12 04:09:00,L9,Breakdown,0.0,1485,1343,Chen,Day
2024-11-28 23:57:00,L9,No issue,0.0,53,51,Asha,Day
2024-08-11 22:40:00,P1,Changeover,0.0,703,700,Diya,Day
2024-10-07 14:58:00,T1,Changeover,1.0,10573,9042,Asha,Day
2024-11-27 17:41:00,T1,No issue,0.0,828,795,Chen,Day
2024-09-03 22:18:00,P1,No issue,0.0,6522,6124,Evan,Day
2024-06-13 16:52:00,P1,Breakdown,1.0,10782,9872,Asha,Night
2024-11-07 20:25:00,T1,Quality stop,1.0,9118,8729,Asha,Day
2024-07-19 23:10:00,T2,Quality stop,1.0,1485,1383,Unknown,Night
2024-07-30 18:14:00,L9,Quality stop,1.0,6809,5979,Unknown,Day
2024-01-26 11:16:00,L8,Changeover,1.0,2515,2504,Evan,Day
2024-09-24 04:56:00,T1,No issue,0.0,4531,4421,Chen,Night
2024-10-16 05:38:00,L8,No issue,0.0,5034,4789,Evan,Day
2024-11-19 22:23:00,L8,Changeover,0.0,4123,3987,Unknown,Day
2024-10-19 06:08:00,P1,No issue,0.0,9717,9360,Ben,Day
2024-11-20 07:55:00,T2,Changeover,0.0,11348,10911,Ben,Day
2024-10-14 06:02:00,T2,Breakdown,2.0,5165,5053,Diya,Night
2024-05-01 01:55:00,L9,No issue,0.0,8468,7876,Evan,Day
2024-09-09 05:07:00,L8,No issue,0.0,9482,8907,Chen,Night
2024-12-11 23:36:00,T2,No issue,0.0,2136,2074,Ben,Day
2024-01-19 14:29:00,L8,Changeover,0.0,11784,11103,Diya,Day
2024-11-06 12:15:00,L8,Quality stop,0.0,9335,8883,Chen,Day
2024-10-16 18:07:00,T1,No issue,0.0,1621,1487,Evan,Day
2024-09-05 17:20:00,L8,Quality stop,0.0,5784,5444,Diya,Day
2024-06-21 07:58:00,L8,Breakdown,1.0,4572,3940,Unknown,Day
2024-03-24 16:13:00,T1,Changeover,1.0,2265,2115,Asha,Night
2024-02-28 17:38:00,L9,Changeover,4.0,697,639,Asha,Day
2024-11-22 07:14:00,T1,PM,0.0,4150,3890,Asha,Day
2024-11-24 05:42:00,L9,Changeover,1.0,9257,8692,Asha,Night
2024-10-11 15:50:00,T1,Quality stop,1.0,7027,6123,Ben,Night
2024-01-20 06:57:00,P1,Changeover,0.0,6049,5363,Ben,Day
2024-02-27 11:13:00,L9,Breakdown,1.0,10550,9596,Evan,Day
2024-04-23 02:44:00,P1,PM,0.0,11311,11239,Ben,Night
2024-02-07 07:22:00,L9,Breakdown,1.0,3238,2917,Diya,Day
2024-01-20 00:12:00,P1,Changeover,0.0,3575,3039,Ben,Day
2024-04-25 13:29:00,T1,No issue,0.0,5492,4802,Ben,Day
2024-08-19 14:16:00,L8,PM,2.0,1295,1228,Diya,Day
2024-07-08 07:24:00,T2,Breakdown,2.0,4973,4919,Ben,Night
2024-05-29 09:11:00,L9,PM,1.0,988,888,Ben,Night
2024-11-03 11:28:00,T2,Quality stop,0.0,9565,8748,Evan,Night
2024-05-31 00:28:00,L8,PM,0.0,5136,5075,Diya,Day
2024-11-29 22:18:00,L9,PM,2.0,2178,2095,Diya,Night
2024-12-18 18:55:00,T1,Quality stop,1.0,4862,4178,Ben,Day
2024-01-04 20:40:00,T1,No issue,0.0,11922,10501,Ben,Night
2024-06-18 22:27:00,L9,PM,0.0,8199,7569,Evan,Night
2024-01-20 10:34:00,T1,PM,0.0,6228,6116,Ben,Day
2024-08-01 06:55:00,T2,No issue,0.0,1601,1383,Ben,Day
2024-11-28 04:22:00,T2,Breakdown,1.0,5788,5533,Ben,Night
2024-09-24 17:52:00,T1,Changeover,1.0,6193,5611,Diya,Day
2024-06-22 05:13:00,T1,No issue,0.0,5232,4500,Ben,Day
2024-12-18 06:41:00,P1,Quality stop,2.0,78,69,Diya,Night
2024-10-08 13:50:00,L8,No issue,0.0,4744,4223,Chen,Night
2024-11-20 01:40:00,L9,No issue,0.0,5731,5589,Diya,Day
2024-11-23 19:46:00,L9,Breakdown,0.0,8464,8047,Chen,Day
2024-04-30 08:51:00,L8,No issue,0.0,9625,8589,Evan,Night
2024-08-31 21:02:00,T1,No issue,0.0,371,328,Ben,Day
2024-02-08 00:01:00,L9,PM,0.0,160,153,Asha,Night
2024-10-26 20:00:00,L9,PM,0.0,2322,2071,Chen,Day
2024-06-19 12:53:00,T2,Quality stop,1.0,6535,6297,Asha,Day
2024-01-14 07:16:00,T2,No issue,0.0,9272,8759,Ben,Day
2024-12-20 23:13:00,L9,Breakdown,1.0,10905,9802,Unknown,Day
2024-09-25 10:13:00,T2,PM,0.0,6786,6407,Unknown,Day
2024-03-23 01:30:00,L9,No issue,0.0,3091,3077,Ben,Night
2024-05-19 05:19:00,P1,No issue,0.0,6153,5782,Diya,Day
2024-06-02 21:44:00,P1,PM,2.0,11261,10006,Chen,Day
2024-04-25 14:19:00,L8,Breakdown,0.0,9472,8748,Evan,Day
2024-08-31 18:55:00,P1,Quality stop,2.0,8118,7655,Chen,Day
2024-05-05 15:48:00,T2,Breakdown,0.0,987,946,Evan,Day
2024-06-05 00:45:00,T2,Breakdown,3.0,10164,10026,Asha,Night
2024-10-04 05:34:00,T1,No issue,0.0,5044,4489,Asha,Day
2024-06-20 11:40:00,T1,No issue,0.0,974,890,Asha,Night
2024-02-27 18:09:00,L9,Breakdown,2.0,8220,7854,Evan,Night
2024-07-25 01:18:00,T2,No issue,0.0,8973,8599,Ben,Night
2024-07-12 16:01:00,L8,No issue,0.0,4277,3958,Ben,Night
2024-12-21 12:29:00,P1,No issue,0.0,719,718,Chen,Day
2024-06-05 05:19:00,P1,No issue,0.0,4910,4247,Unknown,Day
2024-05-04 18:58:00,T2,Breakdown,0.0,1692,1451,Chen,Day
2024-06-17 08:12:00,L8,Changeover,0.0,5975,5111,Chen,Day
2024-06-23 23:42:00,P1,PM,0.0,2846,2455,Evan,Night
2024-03-11 13:02:00,L9,No issue,0.0,7882,7383,Evan,Night
2024-02-17 23:25:00,T2,PM,0.0,6409,5907,Ben,Night
2024-06-16 10:25:00,L8,PM,0.0,7141,6589,Ben,Day
2024-04-27 04:53:00,L8,No issue,0.0,6642,6620,Ben,Day
2024-11-21 00:55:00,L9,No issue,0.0,11557,11409,Diya,Night
2024-07-20 17:18:00,L9,No issue,0.0,3635,3311,Ben,Day
2024-12-27 13:03:00,T1,PM,4.0,4308,4089,Diya,Night
2024-04-12 21:44:00,L9,No issue,0.0,4123,3517,Evan,Day
2024-07-21 02:29:00,T1,Breakdown,1.0,1035,884,Ben,Night
2024-11-26 17:25:00,L8,No issue,0.0,9929,8747,Ben,Night
2024-02-08 02:09:00,L9,No issue,0.0,9291,8315,Chen,Night
2024-08-27 19:34:00,L9,No issue,0.0,2032,1741,Ben,Day
2024-10-10 05:15:00,L8,Breakdown,1.0,9183,8658,Unknown,Night
2024-03-09 09:03:00,T2,No issue,0.0,4554,4485,Asha,Night
2024-08-26 03:40:00,L9,No issue,0.0,4963,4526,Ben,Night
2024-07-12 14:28:00,L8,Breakdown,2.0,6796,6611,Asha,Day
2024-02-17 12:47:00,L9,PM,0.0,6236,5427,Chen,Day
2024-09-20 01:23:00,T1,No issue,0.0,6626,6351,Chen,Night
2024-04-26 06:36:00,P1,No issue,0.0,4362,3801,Evan,Night
2024-08-16 13:46:00,T1,PM,3.0,2545,2394,Diya,Day
2024-11-20 23:56:00,L8,Breakdown,0.0,8584,7663,Asha,Night
2024-10-01 03:09:00,T2,Breakdown,1.0,10329,8929,Asha,Night
2024-10-16 04:40:00,L8,Breakdown,0.0,6999,6066,Asha,Day
2024-02-16 18:01:00,P1,PM,0.0,11621,11127,Unknown,Night
2024-03-16 15:26:00,P1,No issue,0.0,8524,7538,Asha,Day
2024-04-20 19:03:00,T2,Breakdown,0.0,8777,7568,Asha,Day
2024-05-03 06:40:00,P1,No issue,0.0,368,314,Unknown,Day
2024-02-16 18:29:00,P1,PM,3.0,1144,1122,Asha,Day
2024-03-26 08:35:00,T1,No issue,0.0,6646,5655,Asha,Day
2024-01-31 22:36:00,L9,No issue,0.0,1469,1353,Diya,Night
2024-03-16 13:43:00,L8,Breakdown,0.0,8022,7242,Asha,Night
2024-01-04 08:35:00,L8,PM,1.0,6304,5620,Diya,Day
2024-01-01 22:53:00,T1,No issue,0.0,260,243,Chen,Night
2024-11-19 00:05:00,P1,PM,4.0,11787,11108,Diya,Day
2024-10-08 13:04:00,P1,Quality stop,4.0,8499,8002,Evan,Day
2024-01-22 23:29:00,T1,Changeover,0.0,5182,5064,Ben,Night
2024-07-07 16:37:00,L8,Breakdown,3.0,5398,5398,Asha,Night
2024-06-07 21:52:00,L9,No issue,0.0,3836,3514,Asha,Day
2024-09-22 12:14:00,P1,No issue,0.0,11694,11009,Diya,Night
2024-02-17 04:19:00,P1,PM,0.0,2552,2374,Ben,Night
2024-05-22 01:55:00,L8,PM,0.0,5560,5496,Chen,Night
2024-01-20 02:31:00,L8,Quality stop,2.0,4685,4384,Ben,Day
2024-03-25 09:28:00,L9,No issue,0.0,2389,2254,Diya,Night
2024-04-21 12:45:00,T2,No issue,0.0,9177,8250,Evan,Night
2024-01-23 18:37:00,L8,No issue,0.0,8586,8178,Asha,Night
2024-01-07 16:21:00,T1,Breakdown,1.0,1096,974,Ben,Day
2024-04-09 17:38:00,T2,Changeover,1.0,5696,4896,Diya,Night
2024-12-12 10:22:00,L8,Changeover,0.0,1908,1664,Chen,Day
2024-05-11 18:22:00,L8,No issue,0.0,11408,9726,Unknown,Day
2024-08-19 10:18:00,P1,No issue,0.0,10762,9700,Diya,Night
2024-05-25 16:16:00,L8,No issue,0.0,6419,5903,Ben,Night
2024-05-14 03:14:00,P1,No issue,0.0,7180,7156,Ben,Night
2024-07-15 00:43:00,L9,Quality stop,4.0,4577,3947,Asha,Night
2024-12-17 13:14:00,L8,No issue,0.0,7386,6362,Asha,Day
2024-11-26 09:25:00,P1,No issue,0.0,5649,4973,Unknown,Day
2024-04-17 10:47:00,L8,No issue,0.0,3172,2884,Asha,Day
2024-04-10 17:52:00,T1,Breakdown,2.0,4366,4338,Chen,Day
2024-12-19 02:19:00,P1,Changeover,1.0,5738,5720,Chen,Night
2024-02-13 07:00:00,L8,Quality stop,0.0,3217,2815,Ben,Day
2024-07-25 08:08:00,P1,No issue,0.0,5800,5126,Ben,Night
2024-09-03 02:17:00,P1,No issue,0.0,4055,3682,Asha,Day
2024-06-03 03:31:00,L8,No issue,0.0,6878,5848,Asha,Day
2024-10-19 06:01:00,T2,Changeover,1.0,6567,6349,Ben,Night
2024-11-23 02:37:00,T2,Breakdown,4.0,11694,11059,Asha,Day
2024-05-20 02:35:00,L9,No issue,0.0,2015,1853,Evan,Day
2024-09-19 17:07:00,T2,Changeover,0.0,7624,7044,Ben,Night
2024-03-03 08:08:00,P1,Changeover,1.0,2351,2180,Unknown,Night
2024-10-25 20:41:00,T2,Breakdown,4.0,2165,1946,Asha,Day
2024-09-18 19:17:00,L9,No issue,0.0,8408,7760,Unknown,Day
2024-08-03 15:12:00,L8,Breakdown,2.0,9585,8280,Chen,Day
2024-08-02 01:23:00,L8,Quality stop,0.0,4528,4041,Chen,Day
2024-07-05 01:28:00,L8,Breakdown,1.0,126,111,Chen,Day
2024-08-19 17:36:00,T1,Quality stop,1.0,5145,4677,Asha,Day
2024-10-05 20:40:00,T1,No issue,0.0,5505,4894,Unknown,Day
2024-11-30 06:55:00,L9,PM,0.0,1763,1661,Chen,Day
2024-06-08 03:38:00,L9,Changeover,4.0,3334,2900,Diya,Day
2024-01-08 17:24:00,L9,No issue,0.0,11973,11351,Chen,Night
2024-09-17 04:31:00,L9,No issue,0.0,410,400,Evan,Night
2024-11-17 23:24:00,T2,Quality stop,0.0,8272,7772,Ben,Night
2024-09-13 19:03:00,T1,No issue,0.0,7112,6467,Ben,Night
2024-08-24 14:11:00,T2,No issue,0.0,262,236,Asha,Day
2024-06-02 08:44:00,T1,PM,1.0,56,55,Chen,Day
2024-05-05 07:55:00,T1,Changeover,1.0,8958,8107,Ben,Day
2024-01-12 05:36:00,T1,Quality stop,3.0,11616,10318,Evan,Day
2024-02-07 19:23:00,L9,PM,0.0,7218,6940,Asha,Night
2024-05-30 15:49:00,T1,Breakdown,0.0,9645,9510,Ben,Night
2024-06-04 11:22:00,T1,No issue,0.0,3462,3431,Ben,Day
2024-02-03 16:08:00,T2,No issue,0.0,5583,5450,Evan,Day
2024-11-06 23:59:00,P1,Quality stop,1.0,7619,7264,Diya,Day
2024-05-10 01:47:00,T2,No issue,0.0,2296,2138,Diya,Day
2024-08-27 00:50:00,L9,No issue,0.0,10922,10622,Evan,Day
2024-10-02 10:48:00,T1,Breakdown,2.0,3161,2741,Chen,Day
2024-03-18 23:21:00,L8,No issue,0.0,3785,3288,Diya,Day
2024-04-25 06:53:00,T2,No issue,0.0,9450,8539,Chen,Day
2024-07-30 11:14:00,T1,No issue,0.0,11421,10602,Asha,Day
2024-07-17 19:17:00,P1,Breakdown,3.0,7858,7158,Ben,Day
2024-07-11 05:22:00,P1,Changeover,0.0,109,101,Ben,Day
2024-04-04 14:23:00,T2,No issue,0.0,7208,6498,Diya,Night
2024-02-02 15:28:00,L8,No issue,0.0,2774,2737,Evan,Night
2024-10-08 13:29:00,L9,Breakdown,3.0,5876,5362,Ben,Night
2024-09-15 02:03:00,L8,No issue,0.0,11476,9843,Ben,Day
2024-11-19 09:15:00,L8,No issue,0.0,859,853,Ben,Day
2024-11-07 14:48:00,T2,No issue,0.0,7974,7452,Chen,Night
2024-05-30 01:21:00,L8,Breakdown,2.0,1825,1790,Evan,Day
2024-03-23 15:21:00,T2,No issue,0.0,11472,10553,Asha,Day
2024-11-19 07:57:00,L8,Quality stop,1.0,10498,9105,Evan,Day
2024-12-16 16:17:00,P1,PM,2.0,4269,4142,Asha,Day
2024-04-13 05:36:00,L8,No issue,0.0,5826,5612,Evan,Night
2024-08-04 02:10:00,P1,Breakdown,2.0,1153,1131,Asha,Day
2024-06-09 00:28:00,P1,Quality stop,0.0,5736,5291,Diya,Day
2024-06-23 03:01:00,L9,PM,3.0,1506,1476,Unknown,Night
2024-07-14 14:14:00,P1,PM,4.0,4851,4515,Asha,Night
2024-07-24 16:40:00,T1,No issue,0.0,2439,2247,Chen,Night
2024-03-28 09:13:00,P1,PM,0.0,3478,3036,Diya,Night
2024-04-11 18:02:00,L8,Quality stop,3.0,4791,4146,Asha,Night
2024-02-08 21:23:00,L8,Breakdown,0.0,3841,3578,Asha,Day
2024-01-27 07:09:00,P1,PM,3.0,3940,3701,Asha,Night
2024-10-08 14:37:00,L8,No issue,0.0,2328,2163,Diya,Night
2024-05-22 05:00:00,L8,Quality stop,0.0,9677,8840,Evan,Day
2024-02-09 15:25:00,T2,Changeover,1.0,8944,8003,Chen,Night
2024-03-04 12:00:00,T1,Quality stop,3.0,5874,5697,Diya,Night
2024-04-15 21:22:00,P1,Quality stop,0.0,10507,9372,Chen,Day
2024-05-23 10:58:00,P1,No issue,0.0,4958,4804,Chen,Night
2024-01-11 17:57:00,L8,No issue,0.0,6309,5928,Evan,Day
2024-06-06 05:46:00,P1,No issue,0.0,9717,8594,Chen,Day
2024-06-29 18:17:00,L8,PM,1.0,7747,6893,Ben,Day
2024-10-18 19:39:00,P1,Breakdown,0.0,4363,4209,Chen,Day
2024-08-17 02:07:00,T1,PM,0.0,5418,4820,Evan,Day
2024-05-28 05:56:00,L8,PM,0.0,3875,3340,Ben,Night
2024-09-28 20:58:00,P1,Breakdown,3.0,8560,8538,Asha,Night
2024-06-28 19:51:00,T2,No issue,0.0,4732,4272,Asha,Night
2024-06-20 05:34:00,L8,No issue,0.0,7599,7580,Asha,Night
2024-06-27 23:13:00,P1,No issue,0.0,3209,2750,Asha,Day
2024-08-25 22:08:00,P1,Breakdown,1.0,9927,9777,Diya,Day
2024-12-04 18:21:00,L9,No issue,0.0,7988,7970,Asha,Night
2024-02-11 20:59:00,L8,PM,3.0,4531,4022,Diya,Day
2024-04-18 18:42:00,L9,No issue,0.0,6216,5631,Asha,Night
2024-06-28 18:54:00,L8,Changeover,0.0,8650,8529,Chen,Day
2024-08-06 10:33:00,T1,No issue,0.0,1501,1414,Evan,Day
2024-10-11 19:14:00,L9,Breakdown,3.0,1109,1010,Asha,Night
2024-07-12 08:16:00,T1,Quality stop,1.0,4637,4005,Asha,Night
2024-03-26 17:23:00,L8,No issue,0.0,5705,4934,Evan,Day
2024-01-29 04:02:00,P1,Breakdown,0.0,10172,10108,Diya,Day
2024-04-22 20:55:00,T1,No issue,0.0,2875,2690,Ben,Night
2024-07-08 04:54:00,T1,No issue,0.0,4405,4135,Evan,Night
2024-09-14 17:45:00,T2,No issue,0.0,7888,7235,Ben,Night
2024-05-08 07:52:00,T1,PM,1.0,9982,9801,Ben,Night
2024-10-04 22:56:00,L9,Breakdown,2.0,9523,9273,Ben,Night
2024-01-26 08:01:00,T2,No issue,0.0,6194,5421,Asha,Night
2024-06-27 17:20:00,L9,PM,3.0,8222,7021,Diya,Day
2024-04-23 02:14:00,L9,No issue,0.0,11343,9938,Unknown,Day
2024-09-16 10:19:00,L8,No issue,0.0,9268,7948,Asha,Day
2024-03-17 06:52:00,P1,Quality stop,2.0,6626,6513,Diya,Night
2024-05-04 11:47:00,T1,Quality stop,1.0,4329,3847,Unknown,Night
2024-08-26 03:31:00,T2,Breakdown,2.0,6231,5969,Chen,Day
2024-12-25 18:02:00,P1,Breakdown,0.0,1529,1353,Asha,Day
2024-11-29 08:46:00,T1,PM,0.0,9017,7717,Ben,Day
2024-10-16 21:35:00,P1,Breakdown,1.0,11199,10906,Chen,Day
2024-07-13 04:53:00,T1,PM,2.0,5696,5619,Asha,Day
2024-02-24 03:08:00,L9,Breakdown,1.0,7278,6194,Evan,Day
2024-11-19 05:20:00,P1,Breakdown,1.0,5182,4662,Ben,Night
2024-03-04 11:43:00,T1,Breakdown,1.0,6705,5807,Ben,Day
2024-12-17 10:00:00,T2,PM,0.0,1799,1623,Chen,Night
2024-01-19 18:54:00,T1,PM,0.0,4157,4030,Chen,Night
2024-09-12 08:42:00,T2,Changeover,1.0,5237,5018,Chen,Night
2024-04-03 23:45:00,P1,Breakdown,2.0,6343,5863,Asha,Day
2024-09-14 18:03:00,L8,Breakdown,0.0,8777,8162,Asha,Day
2024-10-07 17:29:00,L8,Breakdown,0.0,4055,3666,Chen,Night
2024-11-29 12:10:00,T1,Quality stop,2.0,11326,10108,Asha,Day
2024-09-13 02:58:00,L9,Breakdown,0.0,6675,6473,Chen,Night
2024-06-12 11:22:00,L8,Changeover,4.0,2821,2415,Unknown,Night
2024-11-16 18:27:00,P1,Changeover,2.0,7654,6979,Chen,Day
2024-12-07 17:14:00,L9,No issue,0.0,7395,7262,Ben,Day
2024-04-22 08:47:00,T2,No issue,0.0,3020,2724,Unknown,Night
2024-10-26 01:47:00,L9,Breakdown,0.0,6540,6019,Ben,Day
2024-01-25 20:14:00,P1,PM,0.0,514,456,Chen,Day
2024-04-19 11:12:00,T1,PM,1.0,4241,3612,Evan,Day
2024-04-10 18:41:00,L9,No issue,0.0,9104,7969,Evan,Day
2024-08-26 18:20:00,P1,PM,3.0,3271,3108,Asha,Night
2024-07-31 21:03:00,L8,Breakdown,2.0,10007,8929,Chen,Day
2024-06-26 12:09:00,P1,Changeover,0.0,10701,9467,Unknown,Day
2024-12-10 19:36:00,T1,No issue,0.0,2075,1943,Asha,Day
2024-12-14 17:16:00,T1,No issue,0.0,5029,4476,Diya,Day
2024-01-28 11:41:00,L8,No issue,0.0,11561,10025,Chen,Night
2024-06-17 10:19:00,T1,Breakdown,1.0,923,833,Evan,Day
2024-01-22 05:23:00,L8,Breakdown,0.0,10598,9114,Ben,Day
2024-06-01 19:09:00,T2,Quality stop,2.0,6092,5272,Chen,Day
2024-01-23 00:39:00,P1,Breakdown,1.0,758,660,Asha,Night
2024-02-17 19:18:00,T1,No issue,0.0,10366,10278,Diya,Day
2024-05-10 14:53:00,L8,No issue,0.0,4754,4582,Asha,Night
2024-03-31 19:45:00,P1,Breakdown,3.0,10180,9165,Asha,Day
2024-03-02 11:18:00,L8,Breakdown,1.0,5311,4732,Chen,Day
2024-02-06 15:22:00,T1,Breakdown,1.0,5047,4522,Ben,Night
2024-12-09 04:26:00,L9,Breakdown,0.0,6915,6873,Ben,Day
2024-09-02 05:34:00,P1,Changeover,1.0,10266,9018,Diya,Day
2024-08-13 23:51:00,P1,Breakdown,1.0,5009,4840,Ben,Day
2024-08-03 23:02:00,T1,Breakdown,1.0,2372,2126,Chen,Night
2024-06-14 07:51:00,L8,Quality stop,1.0,11674,11253,Asha,Day
2024-12-03 00:27:00,T2,No issue,0.0,6742,6722,Diya,Day
2024-11-05 18:45:00,T1,No issue,0.0,5343,4935,Asha,Night
2024-11-11 12:06:00,T1,No issue,0.0,3006,2908,Diya,Day
2024-05-19 13:39:00,L9,No issue,0.0,920,801,Ben,Night
2024-04-23 02:42:00,P1,Quality stop,0.0,6641,6352,Diya,Night
2024-01-20 00:02:00,L9,Breakdown,2.0,6100,5870,Chen,Day
2024-03-18 04:41:00,P1,PM,1.0,2445,2404,Diya,Day
2024-07-01 10:00:00,L9,Breakdown,0.0,5454,4761,Ben,Day
2024-03-09 18:42:00,T2,Breakdown,2.0,4126,3983,Chen,Day
2024-01-09 08:46:00,L8,Changeover,0.0,5038,4467,Ben,Day
2024-12-02 17:40:00,P1,Changeover,4.0,4716,4566,Asha,Day
2024-03-01 05:01:00,L8,No issue,0.0,2665,2657,Evan,Day
2024-04-30 05:19:00,P1,Breakdown,0.0,1868,1606,Ben,Night
2024-01-25 19:16:00,L8,No issue,0.0,5313,5030,Asha,Night
2024-02-07 23:49:00,T2,No issue,0.0,2342,2327,Ben,Night
2024-03-29 02:30:00,P1,Changeover,0.0,10260,9809,Diya,Night
2024-01-27 18:51:00,P1,PM,0.0,9102,8720,Unknown,Day
2024-07-20 01:17:00,T2,Changeover,1.0,5893,5073,Asha,Day
2024-09-27 03:55:00,T2,No issue,0.0,5673,5162,Unknown,Day
2024-09-08 14:04:00,L9,PM,2.0,1086,931,Evan,Day
2024-06-24 11:36:00,L8,Quality stop,4.0,11193,10892,Ben,Night
2024-10-31 01:23:00,T1,No issue,0.0,10830,9660,Ben,Day
2024-08-01 23:13:00,L9,Changeover,1.0,6662,6155,Diya,Night
2024-04-23 15:45:00,L8,No issue,0.0,11684,11241,Diya,Night
2024-09-08 17:39:00,T2,No issue,0.0,9072,8021,Chen,Day
2024-02-24 15:46:00,T2,No issue,0.0,5483,5356,Ben,Night
2024-05-22 16:28:00,T2,Quality stop,1.0,3899,3622,Chen,Day
2024-06-23 14:17:00,L9,Breakdown,1.0,9712,8715,Asha,Night
2024-08-11 14:09:00,L8,No issue,0.0,5007,4961,Asha,Day
2024-10-09 13:46:00,T2,Breakdown,3.0,101,87,Chen,Night
2024-11-12 08:16:00,P1,No issue,0.0,4850,4492,Asha,Night
2024-08-16 09:40:00,T1,Breakdown,2.0,7430,6974,Diya,Day
2024-09-05 23:19:00,T2,No issue,0.0,6813,5824,Diya,Night
2024-11-25 14:44:00,L8,Breakdown,0.0,2955,2754,Ben,Day
2024-10-12 11:06:00,P1,No issue,0.0,7065,6581,Diya,Day
2024-06-21 17:44:00,L8,PM,0.0,7756,7070,Asha,Night
2024-03-30 19:33:00,T2,Breakdown,4.0,6491,5647,Asha,Night
2024-04-01 06:18:00,L9,Breakdown,1.0,7654,6688,Ben,Night
2024-11-25 01:46:00,P1,Changeover,0.0,5259,5075,Diya,Day
2024-02-04 18:28:00,T1,Breakdown,1.0,592,532,Ben,Day
2024-08-06 23:17:00,T1,No issue,0.0,5793,5046,Diya,Day
2024-06-13 11:15:00,P1,Breakdown,0.0,11175,10043,Diya,Day
2024-07-30 22:30:00,L9,No issue,0.0,281,241,Ben,Night
2024-09-21 16:46:00,P1,Breakdown,1.0,937,865,Asha,Night
2024-08-13 15:51:00,L8,Changeover,1.0,4688,4628,Diya,Day
2024-06-26 23:58:00,T1,No issue,0.0,2321,2152,Diya,Day
2024-03-14 16:24:00,P1,Breakdown,0.0,10622,9366,Unknown,Day
2024-11-18 12:34:00,P1,Breakdown,1.0,9670,8688,Ben,Night
2024-08-31 04:39:00,T2,No issue,0.0,1516,1389,Diya,Day
2024-09-10 19:09:00,T2,Changeover,0.0,1903,1743,Asha,Day
2024-07-26 18:00:00,P1,PM,0.0,6605,6074,Ben,Day
2024-01-19 14:55:00,P1,No issue,0.0,4434,4402,Diya,Day
2024-01-20 07:48:00,L9,No issue,0.0,7884,7542,Evan,Night
2024-03-16 11:08:00,L8,PM,1.0,4717,4442,Ben,Day
2024-08-20 03:23:00,P1,Breakdown,1.0,10265,9726,Asha,Day
2024-11-04 13:25:00,P1,Breakdown,1.0,3078,2643,Chen,Day
2024-12-29 03:52:00,T2,Breakdown,1.0,10006,9129,Asha,Day
2024-11-27 19:00:00,L9,PM,0.0,3194,3163,Evan,Night
2024-10-28 21:51:00,L9,Breakdown,1.0,8320,7387,Diya,Night
2024-05-23 16:14:00,L9,No issue,0.0,9014,8140,Evan,Day
2024-09-03 11:54:00,T1,Breakdown,2.0,1483,1306,Ben,Day
2024-10-30 06:06:00,T2,Changeover,4.0,5652,4833,Evan,Day
2024-08-26 00:23:00,P1,Changeover,1.0,8191,7242,Diya,Night
2024-06-28 12:37:00,T2,Breakdown,3.0,9996,9691,Asha,Night
2024-01-19 12:15:00,P1,Changeover,0.0,10952,10333,Evan,Night
2024-01-11 14:34:00,T1,Breakdown,0.0,8981,8831,Ben,Night
2024-04-02 04:23:00,P1,Changeover,0.0,421,360,Asha,Day
2024-04-21 00:38:00,T1,Breakdown,0.0,79,69,Ben,Day
2024-11-16 21:37:00,T2,Breakdown,0.0,825,723,Chen,Night
2024-05-04 10:12:00,L8,No issue,0.0,6711,5789,Evan,Day
2024-06-09 18:35:00,L9,PM,0.0,4083,3722,Ben,Day
2024-02-08 20:05:00,P1,No issue,0.0,2758,2603,Evan,Night
2024-07-29 11:52:00,T1,Breakdown,2.0,569,558,Evan,Day
2024-05-31 05:32:00,P1,PM,2.0,544,523,Diya,Day
2024-12-06 07:30:00,P1,Breakdown,1.0,5747,4921,Diya,Night
2024-04-16 17:54:00,T2,Breakdown,2.0,882,869,Asha,Day
2024-04-22 12:40:00,P1,Breakdown,1.0,5263,4750,Ben,Day
2024-02-25 23:21:00,T1,No issue,0.0,4629,4423,Chen,Day
2024-02-20 13:38:00,T2,No issue,0.0,4662,4135,Evan,Day
2024-01-11 03:50:00,P1,No issue,0.0,3292,2852,Chen,Night
2024-10-21 20:14:00,L9,No issue,0.0,2727,2546,Diya,Day
2024-12-05 21:36:00,L8,Changeover,0.0,2441,2203,Diya,Night
2024-09-19 21:25:00,T1,Breakdown,0.0,461,438,Evan,Night
2024-12-30 05:47:00,L8,Breakdown,1.0,11757,11651,Asha,Day
2024-04-26 07:34:00,P1,No issue,0.0,5258,4481,Asha,Day
2024-02-07 18:41:00,P1,PM,0.0,9891,8771,Evan,Day
2024-05-03 21:14:00,P1,Breakdown,0.0,5583,4815,Asha,Day
2024-08-16 00:00:00,T1,Breakdown,1.0,4558,4222,Ben,Night
2024-09-25 02:47:00,L9,No issue,0.0,2935,2648,Asha,Day
2024-02-28 13:23:00,P1,Breakdown,1.0,7416,6942,Chen,Day
2024-04-01 06:45:00,P1,Quality stop,0.0,10897,10622,Unknown,Day
2024-06-13 13:20:00,L9,Breakdown,0.0,9293,9084,Chen,Night
2024-09-26 20:09:00,L8,No issue,0.0,3825,3732,Asha,Night
2024-02-18 06:48:00,T1,Changeover,3.0,8547,7555,Chen,Night
2024-02-25 07:42:00,L9,No issue,0.0,6065,5253,Diya,Day
2024-05-01 12:12:00,L8,No issue,0.0,3262,3254,Chen,Day
2024-02-27 18:58:00,L9,Breakdown,2.0,8922,8426,Chen,Day
2024-12-05 19:59:00,L8,Changeover,1.0,10618,9072,Diya,Night
2024-01-09 11:26:00,P1,PM,0.0,6091,5276,Asha,Day
2024-09-30 04:59:00,L9,PM,0.0,4354,4168,Diya,Day
2024-02-16 09:31:00,T2,Breakdown,2.0,11352,10076,Diya,Night
2024-12-07 21:06:00,T1,PM,0.0,9179,9154,Asha,Day
2024-04-01 06:03:00,T2,PM,1.0,8134,7574,Diya,Day
2024-11-11 05:15:00,T2,No issue,0.0,6838,6267,Chen,Day
2024-12-02 07:54:00,T1,Quality stop,1.0,11160,10825,Diya,Night
2024-04-20 16:49:00,L9,No issue,0.0,2421,2342,Asha,Day
2024-06-02 12:23:00,T2,PM,0.0,9776,8390,Evan,Day
2024-02-27 15:14:00,T1,PM,0.0,10800,10745,Chen,Day
2024-05-14 09:51:00,P1,Breakdown,0.0,5562,4976,Evan,Day
2024-02-04 15:38:00,L8,Breakdown,1.0,2430,2120,Chen,Day
2024-04-05 02:40:00,T2,No issue,0.0,2899,2891,Asha,Night
2024-03-17 09:17:00,P1,No issue,0.0,8037,7909,Asha,Night
2024-04-14 08:40:00,P1,Breakdown,3.0,9535,8783,Chen,Night
2024-02-27 22:39:00,T1,No issue,0.0,8326,7798,Unknown,Day
2024-07-17 02:17:00,P1,Breakdown,1.0,7311,6614,Unknown,Night
2024-10-23 03:44:00,P1,Changeover,0.0,6720,5858,Ben,Night
2024-12-22 19:17:00,T2,No issue,0.0,4358,3747,Evan,Night
2024-06-03 10:13:00,P1,Breakdown,1.0,3737,3509,Asha,Day
2024-08-18 07:50:00,T1,PM,0.0,10380,10374,Asha,Night
2024-10-24 16:12:00,L9,No issue,0.0,7851,7180,Asha,Day
2024-09-27 23:24:00,T2,Breakdown,0.0,1646,1634,Chen,Day
2024-10-20 12:58:00,P1,No issue,0.0,10280,9295,Diya,Night
2024-08-09 13:05:00,L8,Quality stop,1.0,3046,2872,Chen,Day
2024-01-29 05:37:00,T1,No issue,0.0,330,299,Chen,Day
2024-04-15 21:55:00,L8,No issue,0.0,1830,1564,Diya,Day
2024-07-12 21:13:00,T1,Quality stop,0.0,11864,10477,Ben,Night
2024-11-22 16:45:00,T2,Breakdown,2.0,5611,4867,Ben,Day
2024-07-13 08:51:00,L9,Quality stop,0.0,7751,7176,Evan,Night
2024-10-26 20:33:00,P1,PM,0.0,11809,10348,Chen,Day
2024-04-02 23:01:00,P1,Quality stop,1.0,7164,6573,Evan,Night
2024-12-16 23:14:00,T1,Changeover,1.0,10640,9304,Unknown,Day
2024-04-22 03:09:00,P1,No issue,0.0,325,322,Unknown,Day
2024-11-29 00:29:00,T1,No issue,0.0,8691,7697,Ben,Day
2024-08-20 03:17:00,L8,Breakdown,4.0,8733,7637,Chen,Night
2024-06-08 18:22:00,L9,Changeover,3.0,521,462,Diya,Night
2024-05-22 19:54:00,T2,No issue,0.0,2667,2490,Diya,Night
2024-03-08 18:49:00,T1,No issue,0.0,11471,11347,Asha,Day
2024-11-10 07:57:00,L8,No issue,0.0,74,63,Chen,Day
2024-02-12 07:42:00,T2,No issue,0.0,5795,5389,Ben,Day
2024-12-28 11:22:00,T1,No issue,0.0,7666,6551,Asha,Day
2024-02-09 17:39:00,L8,Changeover,1.0,6877,5925,Chen,Day
2024-05-29 14:50:00,T2,No issue,0.0,11400,9918,Asha,Day
2024-10-06 06:03:00,T1,Breakdown,0.0,7411,7356,Chen,Night
2024-02-28 16:26:00,P1,PM,0.0,7987,7077,Ben,Day
2024-03-29 06:22:00,P1,PM,1.0,846,816,Unknown,Day
2024-03-04 12:25:00,L8,Quality stop,0.0,9170,8843,Evan,Day
2024-12-04 22:55:00,T2,Breakdown,1.0,1534,1435,Ben,Night
2024-05-05 22:30:00,L9,No issue,0.0,5588,4876,Ben,Day
2024-12-11 19:32:00,L8,Changeover,4.0,2881,2506,Asha,Day
2024-09-24 14:31:00,T1,No issue,0.0,1926,1863,Unknown,Day
2024-03-28 07:50:00,L8,Breakdown,2.0,4404,4161,Chen,Day
2024-07-31 21:29:00,T1,Quality stop,1.0,10956,10536,Ben,Night
2024-03-06 19:33:00,L9,Breakdown,1.0,5192,5164,Chen,Day
2024-08-16 11:08:00,P1,No issue,0.0,11806,11373,Ben,Day
2024-03-02 14:21:00,T1,Quality stop,2.0,11653,10691,Ben,Day
2024-07-04 04:55:00,T2,No issue,0.0,1279,1210,Unknown,Night
2024-04-05 05:48:00,L8,No issue,0.0,400,354,Evan,Day
2024-06-07 04:05:00,T2,Changeover,0.0,5495,4713,Chen,Day
2024-11-01 12:05:00,T1,PM,1.0,6997,6110,Diya,Day
2024-02-24 01:48:00,L9,Breakdown,3.0,7708,7472,Chen,Night
2024-05-28 10:47:00,P1,No issue,0.0,3301,3004,Diya,Day
2024-10-07 18:59:00,T2,Breakdown,1.0,10234,9446,Chen,Night
2024-02-26 18:52:00,P1,No issue,0.0,9071,8582,Asha,Night
2024-10-05 08:37:00,L9,PM,1.0,5149,4588,Unknown,Night
2024-02-05 11:19:00,T2,PM,0.0,3422,3371,Unknown,Day
2024-08-12 22:58:00,T1,No issue,0.0,4476,4443,Ben,Night
2024-02-07 06:30:00,T1,PM,2.0,9138,8631,Asha,Day
2024-09-22 23:59:00,L9,Changeover,1.0,10819,10095,Chen,Day
2024-05-22 18:51:00,T2,Quality stop,0.0,1422,1298,Evan,Day
2024-06-15 17:14:00,P1,Breakdown,1.0,11922,10527,Ben,Night
2024-08-31 02:43:00,T1,Breakdown,1.0,1778,1750,Chen,Night
2024-04-05 11:55:00,L9,Quality stop,2.0,9522,8563,Chen,Night
2024-07-22 13:28:00,T2,Breakdown,1.0,5358,4804,Diya,Night
2024-07-08 10:14:00,T2,No issue,0.0,455,420,Ben,Night
2024-06-27 11:55:00,L8,No issue,0.0,3479,3397,Asha,Night
2024-06-01 15:46:00,P1,Breakdown,2.0,7884,6779,Ben,Night
2024-12-22 07:55:00,T1,Breakdown,1.0,1150,1145,Chen,Night
2024-09-04 06:07:00,T2,Breakdown,3.0,654,567,Asha,Day
2024-06-21 08:25:00,T1,Quality stop,4.0,2234,2049,Diya,Day
2024-07-10 18:50:00,P1,PM,0.0,244,222,Ben,Night
2024-03-12 17:25:00,L9,Breakdown,0.0,6979,6126,Diya,Day
2024-03-05 07:40:00,L8,Breakdown,2.0,6250,5362,Chen,Day
2024-08-07 03:05:00,L9,Changeover,1.0,9619,8355,Ben,Night
2024-04-21 12:04:00,L9,No issue,0.0,4382,3765,Diya,Night
2024-12-01 19:03:00,T1,No issue,0.0,1124,1060,Diya,Day
2024-01-31 07:16:00,T2,PM,2.0,10989,10463,Asha,Day
2024-04-17 15:22:00,T2,No issue,0.0,7840,7178,Evan,Day
2024-04-28 16:03:00,T2,PM,1.0,3464,3428,Asha,Day
2024-02-13 01:04:00,T1,Quality stop,0.0,9284,9038,Ben,Night
2024-09-09 06:00:00,T1,Changeover,2.0,4467,3821,Asha,Day
2024-03-17 00:47:00,L9,No issue,0.0,545,482,Diya,Day
2024-04-26 23:42:00,T2,Breakdown,1.0,9225,8456,Unknown,Night
2024-03-18 19:43:00,P1,PM,1.0,3033,3029,Chen,Night
2024-02-17 23:28:00,L8,No issue,0.0,2112,1856,Unknown,Night
2024-02-07 21:30:00,L9,No issue,0.0,4248,3683,Ben,Day
2024-09-23 00:42:00,T2,Breakdown,0.0,5235,4571,Diya,Day
2024-09-08 09:22:00,P1,No issue,0.0,10326,10262,Diya,Day
2024-12-29 09:21:00,L9,PM,1.0,11857,10915,Diya,Day
2024-07-05 10:32:00,L8,No issue,0.0,2207,1938,Chen,Day
2024-09-21 10:46:00,P1,No issue,0.0,2095,2039,Chen,Night
2024-06-01 15:53:00,T1,Breakdown,2.0,10634,9443,Evan,Day
2024-08-21 07:48:00,T1,No issue,0.0,1144,1066,Asha,Night
2024-07-21 11:12:00,L8,Breakdown,2.0,11537,10593,Asha,Night
2024-11-22 04:57:00,P1,No issue,0.0,1076,1035,Diya,Night
2024-03-16 02:28:00,L9,No issue,0.0,2478,2131,Ben,Day
2024-01-01 06:48:00,T2,Changeover,0.0,3889,3864,Asha,Day
2024-04-30 14:48:00,P1,Breakdown,0.0,497,461,Diya,Day
2024-11-12 23:04:00,T1,Breakdown,1.0,1949,1843,Diya,Night
2024-01-25 19:38:00,L9,Breakdown,2.0,8538,8404,Chen,Day
2024-02-10 20:46:00,T2,No issue,0.0,2107,2033,Diya,Night
2024-02-14 13:15:00,L9,PM,4.0,3519,3059,Ben,Night
2024-09-06 05:35:00,T2,No issue,0.0,5013,4510,Asha,Day
2024-03-12 04:51:00,L9,Quality stop,3.0,9957,9137,Diya,Night
2024-11-23 09:47:00,T2,PM,0.0,1862,1663,Diya,Day
2024-03-23 20:40:00,L9,Quality stop,2.0,9915,9112,Unknown,Day
2024-09-16 20:34:00,T2,PM,0.0,9969,8568,Chen,Day
2024-04-30 16:17:00,L8,PM,1.0,5226,5099,Chen,Day
2024-11-08 18:40:00,T1,Breakdown,1.0,10415,9205,Evan,Night
2024-02-02 05:20:00,T2,Changeover,1.0,7674,6659,Chen,Day
2024-08-20 09:04:00,L9,No issue,0.0,1724,1479,Ben,Night
2024-06-06 13:29:00,L8,PM,0.0,8277,7569,Evan,Night
2024-09-09 16:43:00,P1,Breakdown,1.0,10377,9044,Evan,Night
2024-10-24 07:49:00,T1,PM,1.0,3172,2726,Ben,Day
2024-03-22 16:22:00,L8,Breakdown,4.0,5279,5008,Ben,Night
2024-08-13 18:53:00,T2,No issue,0.0,11160,9810,Chen,Day
2024-06-21 07:42:00,T2,No issue,0.0,7996,7572,Evan,Day
2024-04-17 13:33:00,L8,No issue,0.0,3153,2993,Chen,Day
2024-08-02 23:03:00,P1,No issue,0.0,4495,4035,Diya,Day
2024-03-31 15:39:00,T1,No issue,0.0,4897,4602,Asha,Day
2024-01-19 16:20:00,P1,No issue,0.0,114,101,Unknown,Day
2024-02-16 00:19:00,P1,No issue,0.0,11901,11476,Ben,Night
2024-06-13 22:57:00,T2,Breakdown,4.0,6113,5924,Diya,Day
2024-10-31 10:37:00,P1,No issue,0.0,5343,4553,Asha,Night
2024-12-13 11:25:00,T2,No issue,0.0,5706,5220,Asha,Day
2024-09-27 10:27:00,T2,No issue,0.0,8288,7176,Diya,Day
2024-07-22 00:57:00,T2,No issue,0.0,5884,5340,Asha,Night
2024-12-24 05:49:00,P1,Changeover,2.0,10368,9737,Chen,Night
2024-11-16 05:21:00,T1,Quality stop,1.0,11338,11186,Chen,Night
2024-11-25 02:37:00,L9,Changeover,3.0,1982,1810,Diya,Day
2024-01-15 23:25:00,P1,No issue,0.0,3189,2946,Ben,Night
2024-08-09 22:34:00,L8,Breakdown,1.0,3137,2741,Diya,Day
2024-11-11 22:33:00,P1,No issue,0.0,7138,7033,Evan,Day
2024-09-17 00:53:00,P1,No issue,0.0,8314,7429,Ben,Night
2024-12-06 15:19:00,L8,PM,0.0,9398,9243,Chen,Day
2024-06-01 05:01:00,L9,Breakdown,0.0,3227,2888,Chen,Night
2024-02-16 18:39:00,P1,No issue,0.0,2551,2312,Evan,Day
2024-11-30 23:56:00,T1,No issue,0.0,3010,2618,Asha,Day
2024-03-21 21:16:00,L8,No issue,0.0,5132,4937,Diya,Day
2024-08-04 18:59:00,T1,PM,4.0,2887,2883,Chen,Night
2024-09-09 15:08:00,P1,No issue,0.0,9225,8625,Ben,Day
2024-06-20 07:24:00,L9,No issue,0.0,10480,9973,Diya,Day
2024-08-29 15:18:00,L9,No issue,0.0,4780,4646,Asha,Night
2024-09-21 11:06:00,L9,Breakdown,2.0,5704,5090,Asha,Day
2024-06-14 19:36:00,T2,Changeover,0.0,9070,7833,Diya,Day
2024-08-06 04:09:00,L8,Breakdown,1.0,11600,11143,Evan,Day
2024-11-29 19:39:00,T2,PM,0.0,6158,5550,Evan,Night
2024-04-30 11:37:00,T1,No issue,0.0,9519,8719,Asha,Day
2024-12-08 10:03:00,L8,No issue,0.0,1847,1581,Asha,Night
2024-09-23 13:11:00,T2,Breakdown,2.0,6303,5692,Diya,Day
2024-03-04 13:19:00,T2,No issue,0.0,8605,8032,Asha,Night
2024-01-01 02:35:00,L9,Changeover,0.0,5192,4687,Asha,Day
2024-04-04 05:03:00,P1,Breakdown,3.0,4518,4038,Unknown,Day
2024-08-26 16:16:00,P1,No issue,0.0,4743,4091,Asha,Night
2024-10-29 02:35:00,P1,Quality stop,1.0,11643,10556,Evan,Day
2024-07-24 02:04:00,L8,Breakdown,2.0,46,41,Evan,Day
2024-07-17 17:58:00,L9,No issue,0.0,8791,7821,Ben,Day
2024-08-19 18:23:00,T1,No issue,0.0,9252,8893,Ben,Day
2024-01-02 15:33:00,T2,Quality stop,1.0,9521,9392,Chen,Day
2024-11-13 09:55:00,P1,Breakdown,1.0,44,41,Asha,Night
2024-07-13 05:14:00,L9,No issue,0.0,3015,2634,Evan,Day
2024-08-23 10:06:00,P1,No issue,0.0,2281,2240,Chen,Day
2024-04-23 12:02:00,L8,Quality stop,0.0,4531,4129,Unknown,Day
2024-09-29 09:10:00,L9,Breakdown,2.0,2621,2595,Diya,Night
2024-05-12 21:41:00,T1,No issue,0.0,8711,7406,Diya,Day
2024-05-04 08:13:00,P1,Breakdown,1.0,8707,7561,Diya,Day
2024-06-07 12:32:00,P1,No issue,0.0,4942,4610,Diya,Night
2024-12-02 08:54:00,T1,Breakdown,1.0,2691,2637,Asha,Day
2024-07-04 13:56:00,P1,PM,0.0,1847,1579,Diya,Night
2024-02-14 21:55:00,P1,Breakdown,1.0,10033,9609,Evan,Day
2024-03-26 13:40:00,T2,No issue,0.0,4806,4328,Diya,Day
2024-08-18 21:36:00,L9,Quality stop,2.0,11326,10984,Ben,Night
2024-08-27 17:09:00,T2,Breakdown,1.0,3439,3013,Chen,Day
2024-06-09 16:09:00,T1,PM,2.0,2051,1925,Asha,Day
2024-06-14 16:54:00,T2,Breakdown,2.0,7023,6046,Chen,Day
2024-02-23 12:42:00,P1,No issue,0.0,9782,9065,Unknown,Day
2024-08-29 13:23:00,L8,No issue,0.0,9574,9430,Asha,Day
2024-04-10 18:17:00,L9,No issue,0.0,446,424,Asha,Day
2024-03-25 02:24:00,P1,Quality stop,2.0,603,597,Ben,Day
2024-08-11 17:21:00,L9,No issue,0.0,6680,6665,Diya,Night
2024-01-03 15:35:00,L9,Breakdown,2.0,9036,8876,Asha,Day
2024-09-16 16:31:00,L8,No issue,0.0,2968,2964,Asha,Day
2024-03-30 15:47:00,T2,Breakdown,1.0,2133,2027,Evan,Night
2024-03-18 10:54:00,P1,Changeover,0.0,7958,7601,Chen,Night
2024-03-05 22:27:00,L8,Breakdown,1.0,8536,8102,Evan,Day
2024-11-11 16:31:00,L8,Quality stop,4.0,9309,8857,Chen,Night
2024-05-09 08:46:00,P1,Changeover,4.0,6418,5718,Chen,Day
2024-10-19 15:42:00,L9,No issue,0.0,7148,6734,Chen,Day
2024-11-16 19:07:00,T1,Changeover,2.0,3425,3401,Chen,Night
2024-08-16 21:40:00,T1,Breakdown,0.0,431,426,Ben,Night
2024-03-20 11:05:00,L9,No issue,0.0,8680,8630,Ben,Night
2024-10-31 13:24:00,L8,Quality stop,1.0,1986,1756,Ben,Night
2024-06-28 13:46:00,L9,No issue,0.0,9033,8271,Ben,Day
2024-01-25 16:07:00,L8,Breakdown,4.0,2976,2533,Diya,Day
2024-03-21 10:10:00,P1,Breakdown,0.0,2746,2645,Asha,Day
2024-01-21 02:20:00,L8,No issue,0.0,6184,5669,Chen,Night
2024-05-01 01:45:00,T2,Breakdown,1.0,4818,4536,Chen,Day
2024-09-01 09:11:00,L8,Changeover,0.0,6925,6495,Asha,Night
2024-09-22 00:29:00,T2,No issue,0.0,4548,4274,Diya,Day
2024-03-07 00:51:00,P1,Quality stop,0.0,2650,2259,Evan,Day
2024-08-27 17:30:00,T1,Breakdown,2.0,4282,3792,Asha,Night
2024-11-28 21:59:00,P1,PM,1.0,10324,9313,Evan,Day
2024-03-19 04:25:00,L9,PM,1.0,6476,6043,Chen,Day
2024-04-25 02:11:00,P1,No issue,0.0,8972,7830,Asha,Night
2024-01-02 03:28:00,P1,Quality stop,2.0,2404,2399,Evan,Day
2024-02-22 03:50:00,L8,PM,1.0,1955,1870,Evan,Day
2024-11-12 10:47:00,P1,No issue,0.0,2929,2775,Diya,Night
2024-07-15 20:08:00,L9,Breakdown,1.0,2547,2454,Chen,Day
2024-07-25 23:48:00,T1,Breakdown,1.0,6594,6104,Chen,Day
2024-12-07 15:43:00,L8,PM,4.0,4044,3548,Asha,Day
2024-09-05 09:10:00,L8,No issue,0.0,7212,7011,Evan,Day
2024-07-03 14:45:00,L9,Breakdown,0.0,7831,7736,Evan,Day
2024-06-11 10:42:00,P1,Quality stop,1.0,4549,4466,Evan,Day
2024-02-11 22:54:00,T1,No issue,0.0,2388,2133,Diya,Day
2024-05-09 14:20:00,T2,No issue,0.0,1605,1457,Evan,Day
2024-03-03 12:50:00,T1,Breakdown,0.0,2723,2521,Chen,Day
2024-03-11 18:19:00,P1,No issue,0.0,7098,6632,Ben,Night
2024-02-15 14:41:00,T2,No issue,0.0,5620,4807,Chen,Day
2024-12-17 09:10:00,L8,Quality stop,1.0,1814,1758,Evan,Night
2024-10-27 21:04:00,P1,Quality stop,1.0,6947,6862,Ben,Night
2024-05-22 23:19:00,L9,No issue,0.0,2664,2464,Unknown,Night
2024-06-24 18:40:00,T1,PM,1.0,9256,8631,Asha,Day
2024-02-01 02:50:00,P1,No issue,0.0,4688,4371,Chen,Day
2024-04-01 23:38:00,T1,Quality stop,0.0,10458,9205,Diya,Day
2024-03-06 22:04:00,L8,No issue,0.0,7340,6984,Evan,Day
2024-07-13 09:00:00,T2,Quality stop,0.0,410,394,Chen,Day
2024-10-03 03:14:00,L9,PM,1.0,2549,2441,Chen,Day
2024-09-28 03:15:00,T2,No issue,0.0,3826,3394,Asha,Night
2024-07-13 18:57:00,T1,No issue,0.0,7524,7358,Ben,Day
2024-05-17 05:59:00,L9,No issue,0.0,10245,9003,Ben,Night
2024-08-27 17:23:00,T1,PM,0.0,4821,4574,Evan,Day
2024-01-16 08:02:00,T2,PM,2.0,3714,3236,Diya,Night
2024-02-21 09:31:00,T1,Breakdown,0.0,9670,8969,Diya,Day
2024-10-23 08:13:00,P1,No issue,0.0,4727,4322,Chen,Night
2024-03-04 02:58:00,P1,Breakdown,0.0,8048,7561,Chen,Night
2024-11-29 20:33:00,P1,Quality stop,0.0,3720,3188,Diya,Night
2024-06-27 11:49:00,L8,No issue,0.0,4968,4317,Asha,Night
2024-10-31 01:25:00,L9,Changeover,4.0,9238,8581,Chen,Day
2024-03-27 16:15:00,L9,No issue,0.0,3094,2722,Ben,Day
2024-02-20 17:42:00,T2,PM,1.0,2456,2173,Diya,Day
2024-01-16 20:06:00,P1,Breakdown,1.0,1160,1041,Chen,Night
2024-02-02 01:14:00,P1,Breakdown,1.0,11901,10635,Asha,Day
2024-07-13 16:05:00,P1,No issue,0.0,10231,8839,Evan,Day
2024-01-27 17:00:00,L8,Breakdown,0.0,9165,8144,Diya,Night
2024-10-05 04:03:00,L9,Breakdown,2.0,7263,6588,Chen,Day
2024-12-07 11:35:00,L8,PM,2.0,1925,1909,Chen,Day
2024-05-11 14:59:00,L8,Quality stop,1.0,10236,9565,Ben,Day
2024-01-29 09:34:00,T1,No issue,0.0,3303,2829,Diya,Day
2024-01-21 02:54:00,T1,Breakdown,0.0,11773,10673,Unknown,Day
2024-08-10 21:23:00,T2,Breakdown,0.0,11800,10672,Chen,Night
2024-09-09 20:12:00,L8,No issue,0.0,7692,7281,Diya,Night
2024-12-22 16:11:00,L9,No issue,0.0,7419,6941,Ben,Day
2024-04-25 04:49:00,L9,No issue,0.0,10157,9435,Ben,Night
2024-01-26 12:25:00,P1,Breakdown,0.0,2947,2790,Evan,Day
2024-02-10 06:08:00,L8,Breakdown,0.0,2928,2542,Diya,Day
2024-02-04 02:43:00,P1,Quality stop,2.0,7313,6944,Unknown,Day
2024-09-06 12:20:00,T1,Breakdown,2.0,5144,4515,Unknown,Night
2024-08-04 10:56:00,L8,No issue,0.0,1281,1229,Diya,Day
2024-03-30 04:53:00,L9,No issue,0.0,7863,7147,Ben,Night
2024-01-16 22:23:00,L8,No issue,0.0,9931,9589,Diya,Day
2024-04-06 18:14:00,P1,PM,0.0,1667,1485,Ben,Night
2024-04-06 16:37:00,L8,No issue,0.0,1287,1118,Evan,Night
2024-07-12 17:27:00,T1,Breakdown,0.0,10441,9878,Asha,Day
2024-12-27 10:22:00,L8,Quality stop,1.0,4069,3715,Ben,Night
2024-12-18 07:50:00,L9,PM,2.0,6095,5785,Diya,Day
2024-05-23 11:53:00,P1,No issue,0.0,11641,10667,Diya,Day
2024-09-09 20:37:00,P1,Quality stop,1.0,832,764,Ben,Day
2024-10-29 10:57:00,L9,Changeover,0.0,9707,9178,Diya,Night
2024-07-27 17:09:00,T1,PM,4.0,9194,8115,Diya,Day
2024-07-04 12:49:00,L8,Quality stop,0.0,4345,3701,Ben,Day
2024-11-25 05:45:00,T1,No issue,0.0,10032,9359,Evan,Day
2024-09-01 12:00:00,L9,Breakdown,0.0,9903,8677,Asha,Day
2024-04-14 03:01:00,T1,No issue,0.0,5624,4803,Ben,Day
2024-04-10 06:49:00,L8,No issue,0.0,10273,9879,Diya,Night
2024-03-10 15:25:00,T1,PM,0.0,10075,8802,Ben,Day
2024-01-21 18:44:00,P1,Changeover,1.0,8936,7647,Diya,Night
2024-09-27 13:34:00,L9,No issue,0.0,3198,3154,Chen,Day
2024-01-31 14:06:00,T1,No issue,0.0,5221,4913,Diya,Day
2024-08-27 18:46:00,T2,No issue,0.0,10905,10024,Evan,Day
2024-05-22 07:33:00,T1,No issue,0.0,8972,7726,Asha,Night
2024-10-14 11:21:00,L9,No issue,0.0,753,665,Ben,Night
2024-05-01 04:40:00,T2,No issue,0.0,4032,3593,Chen,Day
2024-05-23 05:16:00,P1,Breakdown,2.0,6289,5938,Evan,Night
2024-04-15 20:26:00,T2,No issue,0.0,7000,6452,Chen,Day
2024-10-28 10:04:00,T1,No issue,0.0,2680,2390,Chen,Day
2024-10-26 01:35:00,L9,PM,0.0,8874,7674,Diya,Day
2024-10-06 04:29:00,L9,Breakdown,4.0,1087,1028,Asha,Day
2024-08-29 12:32:00,L8,No issue,0.0,4710,4483,Evan,Day
2024-09-08 05:53:00,P1,Changeover,1.0,5816,5038,Unknown,Night
2024-02-12 20:54:00,T1,Quality stop,0.0,18,15,Chen,Night
2024-08-10 20:56:00,T1,Breakdown,0.0,4544,3931,Diya,Day
2024-06-25 03:25:00,L8,Breakdown,2.0,6132,6044,Evan,Day
2024-11-27 04:53:00,T2,No issue,0.0,11012,10861,Evan,Night
2024-03-06 19:41:00,L8,PM,0.0,10684,10131,Evan,Day
2024-09-09 12:58:00,T2,Breakdown,1.0,4397,4287,Chen,Night
2024-01-20 00:47:00,L9,No issue,0.0,4112,4009,Chen,Day
2024-08-03 16:37:00,T2,Breakdown,4.0,1689,1578,Diya,Night
2024-08-09 15:07:00,T1,No issue,0.0,1413,1336,Evan,Day
2024-09-30 10:28:00,L9,No issue,0.0,32,28,Evan,Day
2024-05-15 00:08:00,L9,No issue,0.0,8573,7622,Ben,Night
2024-12-27 15:25:00,L8,Changeover,0.0,6626,6109,Asha,Day
2024-06-07 16:26:00,T2,Breakdown,1.0,1112,1038,Diya,Day
2024-11-02 22:49:00,L8,Breakdown,1.0,9135,8874,Diya,Night
2024-01-12 10:34:00,T1,Breakdown,1.0,8379,7426,Diya,Night
2024-10-28 08:52:00,P1,PM,1.0,8728,8181,Chen,Night
2024-05-02 09:37:00,T1,No issue,0.0,11603,10999,Evan,Day
2024-01-16 14:21:00,T2,Breakdown,2.0,2438,2232,Diya,Night
2024-11-02 02:41:00,T2,No issue,0.0,9047,8801,Ben,Night
2024-10-13 18:51:00,T1,No issue,0.0,8139,7303,Diya,Day
2024-07-25 17:20:00,T1,No issue,0.0,1068,1010,Asha,Night
2024-01-10 00:07:00,L8,Breakdown,2.0,8065,6930,Chen,Night
2024-01-23 17:08:00,L9,Changeover,1.0,7088,6430,Ben,Night
2024-03-04 23:16:00,L8,Breakdown,1.0,8834,7782,Evan,Day
2024-08-24 12:07:00,L9,No issue,0.0,7815,6958,Diya,Night
2024-09-13 13:14:00,T2,Breakdown,2.0,5714,4962,Evan,Day
2024-05-22 12:40:00,L9,Breakdown,0.0,11241,9885,Diya,Day
2024-02-08 05:49:00,L8,Changeover,0.0,6057,5964,Chen,Day
2024-07-20 10:34:00,L8,PM,2.0,5853,5041,Asha,Night
2024-05-28 21:31:00,T1,Changeover,0.0,7680,7549,Asha,Day
2024-03-24 22:03:00,T1,Breakdown,0.0,5740,5051,Diya,Day
2024-07-13 20:37:00,T1,No issue,0.0,4280,3864,Ben,Day
2024-11-25 04:11:00,L9,Quality stop,1.0,9805,9539,Diya,Night
2024-05-13 13:34:00,T2,Breakdown,0.0,1552,1437,Chen,Day
2024-01-13 08:19:00,T2,Breakdown,1.0,8168,7623,Chen,Night
2024-08-16 23:07:00,P1,No issue,0.0,6394,6127,Unknown,Day
2024-07-24 01:01:00,L8,Quality stop,0.0,1674,1531,Evan,Night
2024-04-25 15:43:00,L9,No issue,0.0,6446,6306,Diya,Night
2024-07-10 13:58:00,L8,Breakdown,0.0,1455,1421,Unknown,Night
2024-03-26 17:47:00,L9,Changeover,1.0,3555,3098,Asha,Day
2024-07-22 05:27:00,T1,Breakdown,0.0,11571,11469,Chen,Night
2024-10-02 14:42:00,L8,Changeover,1.0,208,206,Diya,Day
2024-12-01 16:36:00,P1,No issue,0.0,3686,3294,Evan,Day
2024-11-01 16:08:00,P1,PM,1.0,3225,3208,Evan,Day
2024-10-13 12:05:00,P1,No issue,0.0,9547,9121,Diya,Day
2024-04-10 20:03:00,L8,No issue,0.0,10421,10360,Ben,Day
2024-11-02 14:17:00,T2,No issue,0.0,2018,1762,Diya,Day
2024-02-22 03:11:00,L9,No issue,0.0,9554,9045,Chen,Day
2024-11-17 06:23:00,P1,Changeover,3.0,10116,8715,Evan,Day
2024-10-11 22:45:00,L9,PM,0.0,6547,6124,Chen,Night
2024-12-30 21:11:00,L8,Breakdown,1.0,3565,3523,Chen,Day
2024-10-27 20:17:00,T1,Breakdown,0.0,5061,4830,Asha,Night
2024-06-01 14:48:00,L8,No issue,0.0,11794,11324,Evan,Day
2024-03-23 07:38:00,T1,No issue,0.0,10887,9628,Asha,Night
2024-11-17 00:41:00,T1,Breakdown,0.0,6459,6238,Asha,Day
2024-08-05 00:13:00,L9,Changeover,0.0,6740,5749,Ben,Day
2024-11-03 04:42:00,T2,Breakdown,0.0,5157,4889,Diya,Night
2024-03-02 01:12:00,P1,PM,2.0,9402,8284,Ben,Night
2024-01-16 06:17:00,T2,Quality stop,4.0,8922,8246,Asha,Day
2024-09-26 09:07:00,T2,PM,1.0,10518,9652,Diya,Day
2024-04-06 05:13:00,T1,Changeover,0.0,4052,3698,Chen,Day
2024-05-18 18:58:00,T2,Breakdown,0.0,11581,10214,Evan,Day
2024-08-02 12:45:00,P1,Breakdown,0.0,4845,4615,Asha,Day
2024-12-11 06:25:00,L9,Breakdown,1.0,4864,4528,Asha,Day
2024-12-09 23:42:00,T2,Breakdown,2.0,7004,6781,Asha,Night
2024-11-20 04:21:00,L9,No issue,0.0,7855,6768,Evan,Day
2024-01-29 16:49:00,P1,Quality stop,0.0,855,749,Diya,Night
2024-10-18 19:35:00,P1,No issue,0.0,6586,6168,Ben,Day
2024-07-05 14:38:00,T2,No issue,0.0,3430,3081,Diya,Day
2024-04-01 18:33:00,L8,No issue,0.0,2846,2510,Ben,Night
2024-08-22 02:55:00,L8,No issue,0.0,9294,8326,Evan,Day
2024-04-22 15:59:00,P1,No issue,0.0,928,848,Asha,Day
2024-08-13 23:57:00,P1,Breakdown,0.0,10154,8673,Evan,Night
2024-01-14 22:10:00,T2,Breakdown,0.0,5564,5179,Asha,Night
2024-12-27 23:45:00,T2,Breakdown,1.0,7039,6741,Asha,Day
2024-06-06 08:44:00,L8,Breakdown,0.0,10975,9506,Asha,Day
2024-09-16 15:08:00,T1,No issue,0.0,4207,3905,Ben,Night
2024-11-02 21:42:00,L8,No issue,0.0,4057,3716,Ben,Day
2024-03-24 11:26:00,P1,Breakdown,1.0,8255,8190,Chen,Night
2024-03-27 10:33:00,L8,Breakdown,2.0,123,113,Ben,Day
2024-09-27 17:57:00,L9,No issue,0.0,8717,8629,Ben,Night
2024-11-27 11:16:00,L9,No issue,0.0,11969,11349,Asha,Night
2024-10-13 04:36:00,L9,Breakdown,0.0,10464,9466,Diya,Day
2024-05-11 02:27:00,T2,No issue,0.0,4489,3995,Diya,Day
2024-03-01 18:35:00,L9,No issue,0.0,7392,6544,Ben,Night
2024-05-15 22:22:00,T1,Quality stop,0.0,9909,9893,Evan,Night
2024-10-28 18:40:00,T1,Breakdown,0.0,10985,9449,Diya,Day
2024-07-03 23:18:00,P1,Breakdown,1.0,5706,5125,Asha,Night
2024-11-18 23:41:00,L8,No issue,0.0,4961,4774,Ben,Day
2024-12-20 01:12:00,T2,No issue,0.0,10493,8973,Chen,Day
2024-08-11 02:15:00,T1,Quality stop,1.0,2575,2429,Evan,Night
2024-04-12 08:01:00,T1,No issue,0.0,10948,10743,Chen,Night
2024-12-13 21:25:00,T1,PM,1.0,3260,3240,Chen,Night
2024-08-13 16:23:00,T2,No issue,0.0,8179,8020,Asha,Night
2024-01-25 06:43:00,T2,Changeover,0.0,2760,2492,Asha,Day
2024-10-18 15:59:00,T1,Quality stop,2.0,4995,4417,Diya,Night
2024-10-16 00:21:00,P1,PM,1.0,3873,3806,Asha,Night
2024-09-25 03:59:00,L9,Quality stop,2.0,6951,6534,Ben,Day
2024-04-21 03:46:00,L8,No issue,0.0,120,108,Asha,Day
2024-01-12 21:19:00,T2,Changeover,0.0,6691,5770,Diya,Night
2024-10-13 14:10:00,T1,Breakdown,3.0,7690,7404,Evan,Day
2024-06-29 02:42:00,T2,Quality stop,0.0,8272,7777,Asha,Night
2024-11-12 00:08:00,L8,No issue,0.0,3166,2847,Asha,Night
2024-10-02 00:11:00,T2,No issue,0.0,10901,10311,Asha,Day
2024-06-04 01:34:00,L8,PM,1.0,11735,10435,Chen,Day
2024-12-18 05:31:00,L9,Breakdown,4.0,4174,3606,Evan,Night
2024-11-17 09:52:00,T2,No issue,0.0,5531,4763,Unknown,Night
2024-07-03 08:09:00,L9,Changeover,0.0,4262,3796,Asha,Night
2024-02-09 14:55:00,L8,No issue,0.0,1432,1233,Diya,Night
2024-09-07 23:23:00,P1,Breakdown,4.0,5926,5894,Asha,Night
2024-11-22 03:09:00,T1,Breakdown,3.0,2648,2399,Ben,Night
2024-02-26 21:25:00,T1,No issue,0.0,6104,5484,Asha,Day
2024-02-07 09:47:00,P1,Breakdown,0.0,10021,8664,Chen,Day
2024-05-31 16:25:00,L8,No issue,0.0,5930,5461,Chen,Day
2024-01-21 23:32:00,T1,Breakdown,1.0,698,596,Diya,Day
2024-06-20 05:51:00,L9,Breakdown,1.0,10088,9114,Asha,Night
2024-11-22 04:50:00,L8,Quality stop,4.0,92,90,Asha,Night
2024-07-07 11:28:00,L8,No issue,0.0,152,138,Asha,Night
2024-03-01 05:27:00,T2,PM,0.0,3253,2866,Ben,Day
2024-08-27 10:01:00,P1,PM,1.0,9752,9381,Ben,Day
2024-11-29 20:52:00,T2,Breakdown,1.0,9740,8952,Ben,Night
2024-10-14 05:27:00,L9,PM,2.0,9834,8723,Diya,Night
2024-06-28 02:13:00,L9,Breakdown,3.0,2573,2524,Unknown,Night
2024-11-23 02:48:00,P1,Changeover,1.0,5533,5028,Asha,Day
2024-10-07 00:37:00,L8,Breakdown,3.0,14,13,Asha,Day
2024-01-17 11:53:00,T1,Breakdown,1.0,5725,5670,Ben,Day
2024-06-19 13:43:00,P1,Quality stop,1.0,5088,4611,Asha,Day
2024-09-14 22:01:00,T1,No issue,0.0,2815,2614,Evan,Night
2024-11-11 14:54:00,L8,No issue,0.0,1166,1160,Evan,Day
2024-10-29 12:27:00,P1,Breakdown,2.0,9021,9005,Chen,Day
2024-08-14 23:52:00,T1,No issue,0.0,1112,1110,Diya,Night
2024-04-15 23:15:00,T1,No issue,0.0,5513,4755,Chen,Day
2024-07-04 05:35:00,P1,Changeover,0.0,11725,10500,Chen,Day
2024-09-24 08:53:00,L9,No issue,0.0,3346,3192,Evan,Night
2024-10-24 05:31:00,T1,Changeover,0.0,2562,2405,Diya,Day
2024-12-07 01:04:00,T1,PM,0.0,11995,11026,Diya,Day
2024-03-21 18:11:00,T1,PM,4.0,3918,3582,Asha,Day
2024-05-21 14:00:00,T2,Quality stop,0.0,8567,8057,Ben,Night
2024-06-23 13:22:00,T2,No issue,0.0,3015,2799,Diya,Day
2024-01-13 16:55:00,L8,No issue,0.0,4114,3822,Asha,Day
2024-08-25 17:07:00,P1,No issue,0.0,4381,3792,Ben,Night
2024-12-07 05:57:00,P1,No issue,0.0,10697,9945,Asha,Day
2024-11-06 13:53:00,L9,PM,2.0,10498,9654,Chen,Night
2024-06-11 09:08:00,T2,No issue,0.0,3861,3600,Evan,Day
2024-09-18 07:21:00,L9,Quality stop,0.0,1426,1273,Unknown,Night
2024-07-26 03:39:00,T1,Quality stop,0.0,9753,9667,Ben,Night
2024-11-29 18:07:00,T1,No issue,0.0,6777,6652,Ben,Night
2024-08-08 05:19:00,L8,Breakdown,0.0,10121,9893,Ben,Day
2024-09-25 08:28:00,T2,No issue,0.0,7739,6849,Chen,Night
2024-01-05 08:56:00,L8,No issue,0.0,6607,5713,Chen,Night
2024-12-10 02:34:00,P1,Breakdown,1.0,6204,5644,Ben,Day
2024-04-08 18:59:00,T1,No issue,0.0,8640,8395,Ben,Night
2024-06-14 22:47:00,L9,Quality stop,0.0,3031,3019,Ben,Day
2024-06-10 21:25:00,T1,No issue,0.0,247,211,Evan,Night
2024-02-19 23:52:00,T1,No issue,0.0,11485,9785,Unknown,Day
2024-07-10 23:28:00,T1,Breakdown,1.0,4089,3845,Asha,Day
2024-01-15 07:20:00,L8,Breakdown,4.0,3309,3207,Ben,Day
2024-02-01 06:53:00,P1,Changeover,3.0,10485,10485,Asha,Day
2024-11-07 16:03:00,L9,PM,1.0,5044,4599,Diya,Night
2024-03-18 16:48:00,T2,Changeover,0.0,1271,1201,Chen,Night
2024-04-28 20:56:00,L8,Quality stop,1.0,8640,8233,Asha,Day
2024-05-02 07:12:00,T2,No issue,0.0,6419,5955,Ben,Night
2024-07-29 08:50:00,L8,Changeover,1.0,1036,962,Evan,Night
2024-02-09 08:15:00,L9,Breakdown,1.0,950,838,Ben,Day
2024-10-09 00:20:00,L9,Breakdown,3.0,8591,7524,Asha,Day
2024-01-09 18:36:00,P1,Breakdown,1.0,4036,3703,Asha,Day
2024-05-03 10:12:00,T2,Quality stop,1.0,11393,10593,Ben,Day
2024-05-29 07:53:00,T1,No issue,0.0,11041,9744,Ben,Day
2024-02-09 23:46:00,L9,PM,0.0,8088,7647,Asha,Night
2024-04-17 02:46:00,T1,PM,3.0,3387,2911,Evan,Day
2024-12-11 12:12:00,L8,Quality stop,0.0,3726,3423,Asha,Day
2024-01-04 20:27:00,T2,No issue,0.0,3332,3241,Evan,Night
2024-07-11 03:16:00,L8,No issue,0.0,10306,9442,Diya,Day
2024-12-05 04:31:00,L8,No issue,0.0,2436,2131,Chen,Night
2024-06-30 15:45:00,L9,PM,1.0,1630,1482,Chen,Night
2024-07-27 12:18:00,T1,PM,0.0,752,688,Asha,Day
2024-07-11 16:50:00,T2,No issue,0.0,4153,3797,Chen,Day
2024-12-05 19:28:00,L8,No issue,0.0,6992,6342,Chen,Day
2024-09-28 09:24:00,P1,Breakdown,0.0,10033,9543,Evan,Night
2024-03-31 04:17:00,P1,No issue,0.0,9013,8634,Chen,Night
2024-04-14 02:26:00,T2,No issue,0.0,3183,2850,Asha,Day
2024-10-30 14:59:00,T2,Breakdown,0.0,7861,7292,Chen,Day
2024-02-08 17:40:00,L8,PM,1.0,10,8,Chen,Day
2024-12-04 08:50:00,L9,Breakdown,0.0,7509,7169,Evan,Day
2024-11-01 05:43:00,L9,No issue,0.0,11563,10921,Asha,Day
2024-02-21 16:41:00,T2,No issue,0.0,8459,7759,Chen,Day
2024-11-17 02:26:00,L8,Breakdown,0.0,5236,4740,Chen,Night
2024-07-26 17:54:00,T2,No issue,0.0,1544,1359,Chen,Day
2024-08-05 20:22:00,L9,No issue,0.0,7769,7515,Chen,Night
2024-02-07 23:54:00,P1,No issue,0.0,6380,5690,Chen,Day
2024-11-15 23:05:00,L9,No issue,0.0,10090,9394,Diya,Day
2024-06-07 00:39:00,L8,PM,1.0,2815,2478,Chen,Day
2024-04-25 20:46:00,P1,Breakdown,0.0,4571,4014,Diya,Day
2024-10-02 17:49:00,P1,PM,1.0,3109,2741,Chen,Day
2024-04-07 02:57:00,L8,No issue,0.0,4715,4309,Chen,Night
2024-10-05 14:43:00,T1,No issue,0.0,5730,5229,Evan,Night
2024-01-23 07:05:00,T1,Breakdown,0.0,10290,9238,Chen,Night
2024-04-24 15:43:00,T1,Quality stop,0.0,11949,10972,Diya,Night
2024-03-15 10:26:00,L8,No issue,0.0,1036,956,Asha,Day
2024-12-17 06:35:00,L9,Quality stop,1.0,6957,6737,Asha,Day
2024-03-09 10:32:00,P1,No issue,0.0,9692,9034,Diya,Night
2024-05-04 19:52:00,P1,Changeover,1.0,10421,9501,Asha,Day
2024-06-12 09:41:00,T1,Quality stop,2.0,10071,8938,Evan,Night
2024-11-21 01:01:00,T2,PM,0.0,6704,6007,Ben,Day
2024-04-11 21:27:00,T1,PM,2.0,6790,6355,Diya,Night
2024-04-21 05:14:00,P1,Breakdown,0.0,3496,3261,Ben,Night
2024-10-11 11:21:00,P1,No issue,0.0,2183,1862,Asha,Night
2024-10-23 23:55:00,T1,No issue,0.0,1365,1297,Chen,Day
2024-11-20 05:32:00,T1,PM,1.0,756,679,Asha,Day
2024-02-01 18:37:00,T1,No issue,0.0,2467,2327,Asha,Night
2024-01-20 13:27:00,L8,Breakdown,2.0,1705,1588,Ben,Day
2024-07-23 05:41:00,L9,Quality stop,2.0,4144,4119,Chen,Night
2024-09-24 16:30:00,T2,Breakdown,2.0,11701,10106,Unknown,Day
2024-09-22 07:07:00,L9,Changeover,3.0,5188,4508,Asha,Day
2024-05-19 16:00:00,L9,Breakdown,0.0,3927,3878,Unknown,Night
2024-01-26 16:37:00,L8,Breakdown,0.0,5825,5049,Ben,Night
2024-11-07 10:05:00,T2,No issue,0.0,2266,2210,Asha,Day
2024-10-11 09:37:00,L8,No issue,0.0,6801,5856,Asha,Day
2024-06-29 17:17:00,P1,No issue,0.0,311,296,Diya,Night
2024-05-05 00:32:00,T2,No issue,0.0,6123,5637,Asha,Night
2024-04-18 11:26:00,L8,No issue,0.0,11203,10721,Chen,Day
2024-08-02 13:28:00,L8,Changeover,0.0,6851,6194,Evan,Day
2024-04-23 18:01:00,T2,PM,4.0,5918,5608,Chen,Day
2024-09-10 07:23:00,T2,Breakdown,0.0,11048,9863,Asha,Night
2024-02-04 18:07:00,L9,PM,1.0,6641,6327,Ben,Day
2024-04-22 18:05:00,P1,Breakdown,1.0,9541,9218,Evan,Night
2024-05-30 22:19:00,T1,No issue,0.0,7452,6480,Unknown,Day
2024-01-01 00:10:00,L8,No issue,0.0,2551,2376,Diya,Day
2024-03-05 10:00:00,T1,No issue,0.0,9375,8387,Evan,Day
2024-08-11 01:03:00,T1,Breakdown,1.0,8925,8388,Diya,Night
2024-06-02 22:22:00,L8,No issue,0.0,784,714,Chen,Day
2024-08-08 19:52:00,L8,No issue,0.0,10497,9423,Diya,Day
2024-09-02 05:13:00,L8,Changeover,2.0,2844,2486,Chen,Day
2024-12-19 06:12:00,P1,PM,0.0,1722,1546,Diya,Night
2024-10-27 23:10:00,T1,Breakdown,1.0,3162,2692,Ben,Night
2024-01-13 12:41:00,T1,Changeover,2.0,1965,1725,Asha,Night
2024-06-22 15:57:00,L8,No issue,0.0,1675,1433,Asha,Day
2024-07-27 00:23:00,L9,PM,0.0,7901,6783,Diya,Day
2024-11-21 11:22:00,L8,Breakdown,1.0,8090,7201,Asha,Day
2024-11-08 20:34:00,T1,No issue,0.0,11878,10710,Ben,Night
2024-10-26 00:36:00,L9,Changeover,1.0,3155,3137,Ben,Night
2024-08-17 05:22:00,L8,Quality stop,1.0,8397,7403,Diya,Day
2024-12-06 05:11:00,P1,No issue,0.0,11639,10477,Ben,Night
2024-08-26 00:22:00,L9,No issue,0.0,8817,7877,Chen,Night
2024-05-10 19:17:00,L9,No issue,0.0,4059,3742,Chen,Night
2024-02-04 17:01:00,P1,Breakdown,0.0,11338,11173,Chen,Night
2024-06-02 09:36:00,L8,Changeover,1.0,309,291,Chen,Night
2024-05-10 05:37:00,T2,No issue,0.0,628,577,Evan,Day
2024-02-27 17:17:00,L8,Quality stop,0.0,9513,8952,Ben,Night
2024-11-11 01:27:00,P1,No issue,0.0,3179,2823,Chen,Day
2024-01-10 09:59:00,T2,No issue,0.0,8921,8602,Diya,Day
2024-03-21 16:24:00,T2,No issue,0.0,6664,5990,Diya,Day
2024-05-28 10:25:00,T2,PM,2.0,10316,10215,Evan,Day
2024-10-11 23:48:00,P1,No issue,0.0,7678,6691,Diya,Day
2024-12-03 03:39:00,L9,No issue,0.0,4709,4013,Chen,Night
2024-03-27 03:17:00,P1,Breakdown,2.0,9593,9381,Ben,Day
2024-03-22 14:34:00,T2,No issue,0.0,10570,9745,Diya,Day
2024-12-05 13:48:00,T1,Breakdown,3.0,3643,3536,Diya,Night
2024-12-12 11:40:00,P1,Breakdown,1.0,7784,7079,Asha,Night
2024-01-20 02:00:00,L9,No issue,0.0,8278,7053,Ben,Day
2024-01-19 21:42:00,L8,PM,4.0,3518,3406,Diya,Day
2024-01-06 20:39:00,L9,PM,0.0,10453,9515,Unknown,Day
2024-02-17 13:35:00,T2,No issue,0.0,549,538,Asha,Day
2024-02-28 23:33:00,T1,No issue,0.0,7074,6213,Asha,Day
2024-07-29 23:17:00,T2,PM,0.0,879,854,Evan,Day
2024-04-08 09:19:00,L8,Changeover,2.0,4545,4084,Evan,Day
2024-01-23 03:41:00,T1,PM,2.0,2588,2479,Diya,Night
2024-05-17 12:51:00,T1,No issue,0.0,1442,1264,Ben,Day
2024-11-01 06:03:00,T1,Changeover,0.0,11389,10226,Diya,Day
2024-07-06 05:53:00,L8,No issue,0.0,8396,7889,Asha,Night
2024-05-05 10:55:00,L8,Breakdown,0.0,6932,6058,Ben,Night
2024-01-19 06:42:00,T1,PM,0.0,1942,1899,Asha,Day
2024-04-20 20:20:00,T1,Breakdown,0.0,6956,6342,Ben,Day
2024-11-11 09:45:00,L9,Breakdown,3.0,5766,5374,Ben,Day
2024-06-01 00:15:00,P1,No issue,0.0,9097,8310,Diya,Day
2024-05-27 15:04:00,L8,Breakdown,2.0,2770,2741,Diya,Night
2024-06-02 17:54:00,L9,No issue,0.0,9143,8352,Asha,Day
2024-07-11 17:49:00,T2,Breakdown,2.0,9726,9095,Diya,Night
2024-07-15 04:40:00,T1,Quality stop,4.0,9221,8600,Evan,Day
2024-02-04 11:45:00,L9,Breakdown,1.0,6055,5653,Diya,Day
2024-05-18 02:21:00,T1,PM,3.0,10809,9529,Chen,Day
2024-12-07 13:47:00,L8,No issue,0.0,3550,3530,Asha,Day
2024-04-26 03:41:00,L9,No issue,0.0,11951,11646,Chen,Night
2024-01-05 20:29:00,L9,Changeover,0.0,8432,7559,Asha,Day
2024-11-01 10:49:00,L8,PM,0.0,688,611,Chen,Night
2024-07-03 06:46:00,P1,No issue,0.0,1226,1055,Asha,Day
2024-08-03 12:18:00,T2,No issue,0.0,11305,10467,Diya,Night
2024-03-30 12:53:00,T1,Changeover,1.0,7264,6914,Diya,Night
2024-04-13 08:36:00,L9,No issue,0.0,10004,9346,Chen,Day
2024-05-25 02:16:00,T1,Breakdown,0.0,5458,5044,Evan,Night
2024-05-30 20:33:00,T1,No issue,0.0,2776,2510,Evan,Day
2024-02-21 06:06:00,L9,PM,1.0,2712,2417,Diya,Day
2024-01-13 07:46:00,T2,No issue,0.0,8225,8062,Ben,Day
2024-05-18 17:26:00,L8,No issue,0.0,4887,4398,Diya,Day
2024-05-02 01:58:00,L9,Quality stop,0.0,2322,2001,Evan,Night
2024-11-29 00:40:00,L9,PM,2.0,4198,4019,Asha,Day
2024-12-28 21:21:00,L9,No issue,0.0,10728,10484,Asha,Day
2024-09-21 02:42:00,P1,PM,2.0,5301,4908,Evan,Day
2024-08-14 18:38:00,L8,Changeover,0.0,4830,4688,Unknown,Day
2024-12-02 04:05:00,T2,No issue,0.0,297,295,Ben,Day
2024-07-18 07:21:00,L9,No issue,0.0,7202,6988,Ben,Day
2024-02-10 16:52:00,T1,No issue,0.0,29,27,Evan,Night
2024-01-18 06:08:00,T2,No issue,0.0,2920,2820,Chen,Night
2024-06-08 03:50:00,L8,Breakdown,2.0,1659,1540,Chen,Night
2024-01-02 00:44:00,L8,No issue,0.0,10921,10149,Evan,Day
2024-06-08 13:46:00,L8,Quality stop,1.0,7240,6599,Diya,Day
2024-08-28 14:36:00,L8,No issue,0.0,6020,5269,Diya,Night
2024-11-01 13:08:00,T2,No issue,0.0,4143,3777,Diya,Night
2024-08-29 01:07:00,T2,Quality stop,2.0,10150,8747,Diya,Day
2024-01-26 17:29:00,T1,Changeover,1.0,393,348,Diya,Day
2024-05-18 14:32:00,P1,No issue,0.0,8553,7319,Diya,Day
2024-05-09 23:04:00,T2,No issue,0.0,8624,8072,Chen,Day
2024-10-20 01:45:00,L8,Breakdown,3.0,9326,8052,Diya,Day
2024-09-25 05:37:00,T1,No issue,0.0,1573,1415,Asha,Day
2024-02-27 20:17:00,T2,No issue,0.0,6896,6342,Evan,Night
2024-01-25 09:00:00,L9,No issue,0.0,1854,1753,Chen,Night
2024-06-03 13:00:00,T2,Quality stop,0.0,854,764,Chen,Day
2024-03-27 16:15:00,L8,No issue,0.0,6037,5865,Asha,Day
2024-10-04 15:01:00,T2,PM,0.0,2195,2010,Chen,Day
2024-06-05 01:35:00,L9,PM,4.0,9138,8655,Asha,Day
2024-02-08 09:09:00,P1,Breakdown,1.0,1074,939,Chen,Night
2024-06-25 21:25:00,T1,No issue,0.0,634,613,Ben,Day
2024-10-15 10:15:00,L9,Quality stop,1.0,4836,4257,Diya,Day
2024-12-28 08:08:00,T2,Changeover,0.0,11526,10918,Ben,Day
2024-08-14 08:53:00,L9,Breakdown,1.0,11868,10201,Evan,Day
2024-04-12 23:31:00,L8,Quality stop,2.0,1749,1524,Asha,Day
2024-06-13 23:27:00,L9,Quality stop,0.0,10863,9444,Ben,Night
2024-02-12 11:47:00,P1,Quality stop,0.0,5770,5112,Asha,Day
2024-04-09 17:53:00,T2,Breakdown,2.0,5647,5270,Ben,Day
2024-07-18 15:05:00,L8,Changeover,0.0,5163,4988,Evan,Night
2024-03-28 00:42:00,T2,No issue,0.0,3745,3494,Asha,Day
2024-08-23 03:54:00,P1,PM,0.0,9382,8995,Unknown,Day
2024-01-06 06:37:00,T2,No issue,0.0,2217,2195,Asha,Day
2024-01-01 03:27:00,T2,No issue,0.0,9260,9165,Chen,Day
2024-07-04 05:45:00,L8,No issue,0.0,11340,11211,Asha,Day
2024-11-05 04:21:00,P1,Changeover,2.0,11174,9964,Ben,Night
2024-08-01 05:02:00,L8,Changeover,0.0,882,785,Unknown,Day
2024-12-01 13:51:00,L9,No issue,0.0,2765,2422,Chen,Night
2024-08-19 19:25:00,T1,No issue,0.0,7636,7631,Chen,Day
2024-08-23 23:46:00,L9,No issue,0.0,7266,6563,Ben,Day
2024-01-30 18:28:00,P1,Breakdown,0.0,1567,1556,Ben,Day
2024-12-06 06:25:00,P1,Breakdown,0.0,9453,8525,Ben,Day
2024-06-08 06:26:00,T1,Quality stop,1.0,10213,10032,Diya,Night
2024-11-05 13:50:00,L9,No issue,0.0,4122,3709,Diya,Day
2024-07-02 10:03:00,T2,Quality stop,2.0,9236,8695,Chen,Day
2024-08-19 03:01:00,T2,Breakdown,1.0,9539,8190,Chen,Day
2024-02-28 05:35:00,T1,PM,0.0,10436,9424,Asha,Night
2024-03-08 22:14:00,T2,No issue,0.0,715,670,Asha,Night
2024-11-29 03:08:00,T1,Breakdown,4.0,3126,3006,Asha,Day
2024-08-13 11:17:00,T2,PM,1.0,11085,10734,Chen,Night
2024-03-19 04:15:00,L8,PM,1.0,6652,6539,Asha,Day
2024-12-30 23:52:00,P1,Quality stop,3.0,10009,9045,Chen,Day
2024-02-26 05:40:00,L8,PM,1.0,6634,6567,Chen,Day
2024-10-02 12:12:00,T1,No issue,0.0,6591,5631,Ben,Day
2024-04-21 03:55:00,L8,PM,0.0,9035,9024,Evan,Day
2024-08-10 16:33:00,L8,Breakdown,2.0,1228,1060,Asha,Night
2024-06-03 01:35:00,P1,No issue,0.0,571,569,Asha,Day
2024-03-17 06:58:00,L9,No issue,0.0,10045,8686,Ben,Night
2024-08-27 07:50:00,T1,No issue,0.0,8224,7654,Chen,Day
2024-11-17 19:05:00,P1,No issue,0.0,6037,5913,Asha,Night
2024-08-13 05:37:00,L8,PM,4.0,6261,6194,Diya,Day
2024-01-07 12:59:00,T1,Breakdown,0.0,2331,2019,Evan,Day
2024-09-02 18:09:00,L9,Quality stop,0.0,6627,6068,Ben,Day
2024-05-22 19:29:00,T2,No issue,0.0,6801,6651,Evan,Day
2024-06-21 05:46:00,L9,PM,1.0,6114,5225,Chen,Night
2024-02-26 12:12:00,T2,No issue,0.0,6512,5895,Evan,Night
2024-03-10 04:43:00,P1,Changeover,1.0,4580,4208,Evan,Night
2024-06-09 04:15:00,T1,No issue,0.0,2921,2770,Ben,Day
2024-12-19 11:37:00,T1,Breakdown,0.0,1788,1740,Evan,Day
2024-03-02 23:40:00,L9,Breakdown,1.0,4489,4132,Chen,Day
2024-05-26 03:10:00,L8,PM,2.0,4336,4106,Evan,Day
2024-11-12 04:50:00,T1,Breakdown,0.0,91,82,Ben,Day
2024-07-18 11:18:00,P1,Breakdown,4.0,6014,5616,Ben,Night
2024-05-15 15:45:00,T1,No issue,0.0,1631,1617,Chen,Day
2024-03-24 08:59:00,L9,Quality stop,0.0,5005,4347,Evan,Day
2024-11-18 09:58:00,L9,No issue,0.0,5077,4867,Chen,Night
2024-07-24 10:11:00,T1,No issue,0.0,8510,7259,Asha,Night
2024-01-13 11:16:00,P1,No issue,0.0,3827,3274,Ben,Night
2024-02-13 00:27:00,L9,Breakdown,1.0,4003,3499,Diya,Night
2024-05-17 10:56:00,T2,PM,0.0,2278,2036,Ben,Day
2024-08-06 02:50:00,T2,Breakdown,1.0,8486,8302,Chen,Day
2024-08-18 02:32:00,L8,Quality stop,0.0,2992,2867,Asha,Day
2024-05-29 12:46:00,L9,No issue,0.0,2947,2816,Unknown,Day
2024-09-13 06:09:00,L8,Breakdown,0.0,3370,3183,Asha,Day
2024-09-29 02:39:00,P1,PM,0.0,2824,2561,Chen,Day
2024-11-01 04:59:00,L8,Breakdown,2.0,11483,10339,Evan,Night
2024-07-02 12:32:00,L9,PM,4.0,9687,9624,Evan,Night
2024-07-21 00:50:00,T2,PM,1.0,2006,1892,Ben,Day
2024-02-26 14:38:00,P1,No issue,0.0,11979,10646,Ben,Night
2024-06-07 06:30:00,T2,Breakdown,0.0,6195,5826,Evan,Night
2024-01-14 08:49:00,T2,PM,1.0,7705,7552,Chen,Day
2024-10-25 11:29:00,T1,Changeover,1.0,6615,6518,Evan,Night
2024-01-19 10:30:00,P1,Breakdown,3.0,8768,8053,Chen,Day
2024-12-02 21:07:00,P1,Breakdown,0.0,7225,6868,Unknown,Day
2024-03-13 07:42:00,T2,No issue,0.0,8748,8534,Diya,Night
2024-11-16 06:11:00,L8,No issue,0.0,4277,4121,Ben,Day
2024-09-10 00:52:00,P1,Breakdown,1.0,5461,5319,Unknown,Night
2024-02-06 18:10:00,L8,No issue,0.0,11369,10771,Chen,Day
2024-05-18 16:23:00,L8,No issue,0.0,11391,10295,Asha,Day
2024-03-13 20:08:00,T1,No issue,0.0,11111,10249,Chen,Day
2024-09-29 02:02:00,L9,No issue,0.0,3364,3085,Chen,Day
2024-03-19 15:57:00,L8,No issue,0.0,7877,7787,Diya,Day
2024-09-14 17:56:00,L9,Changeover,1.0,6853,6640,Chen,Night
2024-05-23 05:30:00,T2,No issue,0.0,4616,4442,Diya,Night
2024-01-26 07:40:00,L8,No issue,0.0,8501,8077,Ben,Day
2024-06-11 00:44:00,T2,No issue,0.0,1497,1413,Evan,Night
2024-12-25 09:28:00,P1,No issue,0.0,6804,6617,Evan,Night
2024-12-01 21:38:00,L8,No issue,0.0,5042,4672,Asha,Day
2024-02-23 03:53:00,P1,No issue,0.0,6428,6146,Evan,Night
2024-02-21 07:22:00,T1,No issue,0.0,4032,3549,Diya,Night
2024-09-16 06:31:00,L8,Breakdown,0.0,9849,8503,Chen,Night
2024-02-10 21:49:00,L8,No issue,0.0,9014,8415,Ben,Day
2024-02-26 18:41:00,T2,PM,1.0,328,323,Chen,Night
2024-06-02 17:54:00,T2,Quality stop,1.0,7663,6953,Ben,Night
2024-01-22 20:40:00,L8,PM,1.0,694,645,Chen,Night
2024-04-17 03:13:00,T1,No issue,0.0,8017,7557,Evan,Day
2024-03-25 17:39:00,P1,No issue,0.0,9978,9764,Ben,Day
2024-03-26 09:36:00,T1,No issue,0.0,7266,6438,Evan,Night
2024-12-22 18:24:00,P1,Quality stop,0.0,6730,6040,Evan,Night
2024-10-07 03:16:00,L8,No issue,0.0,3825,3619,Diya,Night
2024-03-29 12:46:00,L9,No issue,0.0,5791,5192,Ben,Night
2024-07-21 05:40:00,L8,PM,1.0,7886,7094,Asha,Day
2024-07-06 02:10:00,P1,PM,1.0,1373,1346,Chen,Night
2024-11-23 13:54:00,L9,Quality stop,3.0,10763,10027,Evan,Day
2024-12-24 02:32:00,L9,Breakdown,1.0,5817,5593,Diya,Night
2024-01-26 05:05:00,P1,No issue,0.0,3315,3243,Asha,Day
2024-08-31 01:10:00,L8,Breakdown,2.0,9174,8247,Asha,Day
2024-07-30 02:21:00,L8,PM,2.0,3620,3154,Asha,Day
2024-03-16 01:06:00,P1,No issue,0.0,752,703,Asha,Night
2024-11-30 10:06:00,L8,Quality stop,1.0,11661,9920,Asha,Day
2024-08-02 20:45:00,L8,Quality stop,1.0,215,203,Chen,Day
2024-09-12 08:43:00,L8,Quality stop,0.0,8152,7578,Ben,Day
2024-07-31 05:06:00,L9,No issue,0.0,4271,3921,Evan,Night
2024-11-18 12:22:00,T2,Breakdown,0.0,1822,1603,Ben,Day
2024-12-22 00:56:00,T1,Breakdown,0.0,2349,2000,Diya,Night
2024-06-24 20:38:00,P1,No issue,0.0,8990,8867,Diya,Day
2024-10-01 08:28:00,L8,No issue,0.0,153,149,Diya,Night
2024-12-15 08:53:00,P1,Quality stop,0.0,5907,5169,Asha,Day
2024-06-05 03:56:00,T1,No issue,0.0,1591,1474,Diya,Day
2024-02-18 00:45:00,P1,No issue,0.0,7898,7389,Asha,Night
2024-05-30 05:02:00,L8,Quality stop,1.0,3730,3364,Chen,Day
2024-11-07 11:54:00,T1,No issue,0.0,5504,4710,Chen,Day
2024-11-01 02:03:00,L8,Quality stop,0.0,4662,4355,Evan,Night
2024-03-11 04:53:00,T1,Breakdown,1.0,7301,6921,Chen,Night
2024-05-02 04:30:00,P1,No issue,0.0,357,310,Chen,Night
2024-01-17 11:53:00,P1,Breakdown,1.0,11354,9826,Unknown,Day
2024-07-21 20:52:00,L8,Breakdown,1.0,5392,4944,Ben,Day
2024-05-16 00:20:00,T1,PM,2.0,4317,4088,Evan,Day
2024-05-16 22:41:00,P1,PM,1.0,10901,10010,Asha,Day
2024-04-22 03:35:00,T1,No issue,0.0,1053,1000,Evan,Night
2024-03-23 01:16:00,L8,No issue,0.0,4714,4671,Evan,Day
2024-01-28 12:24:00,P1,Breakdown,0.0,6063,5193,Ben,Night
2024-12-26 14:12:00,L8,No issue,0.0,11872,10190,Diya,Day
2024-11-04 11:51:00,L8,PM,3.0,4881,4645,Ben,Night
2024-02-10 03:02:00,L9,PM,1.0,11773,10236,Asha,Day
2024-12-10 03:16:00,L8,Quality stop,2.0,599,542,Asha,Day
2024-03-11 18:00:00,P1,Breakdown,0.0,1574,1396,Chen,Day
2024-08-29 10:09:00,T1,PM,0.0,4515,4046,Asha,Day
2024-08-28 08:50:00,T2,No issue,0.0,11838,11690,Diya,Day
2024-03-01 11:24:00,T2,Breakdown,1.0,1422,1254,Chen,Night
2024-03-29 02:41:00,P1,Breakdown,0.0,5094,4880,Chen,Day
2024-09-23 02:58:00,P1,No issue,0.0,2523,2421,Ben,Day
2024-11-04 16:33:00,L8,PM,0.0,1789,1698,Diya,Night
2024-05-25 08:59:00,L9,Breakdown,0.0,9075,8208,Asha,Day
2024-04-17 11:24:00,T2,Quality stop,2.0,8193,7488,Diya,Night
2024-08-31 12:20:00,L8,Quality stop,1.0,3066,3031,Asha,Day
2024-04-08 12:47:00,P1,PM,1.0,2547,2411,Unknown,Night
2024-12-01 06:38:00,T1,Changeover,2.0,2058,1774,Ben,Day
2024-05-10 19:58:00,L8,PM,4.0,9906,9818,Chen,Night
2024-10-24 00:58:00,L9,Changeover,1.0,7891,7554,Evan,Day
2024-08-04 15:28:00,L9,Breakdown,2.0,9528,8291,Diya,Night
2024-06-14 20:17:00,L9,PM,0.0,1497,1462,Chen,Day
2024-12-17 13:48:00,T1,No issue,0.0,9837,8974,Chen,Day
2024-09-28 12:33:00,T1,No issue,0.0,10192,8678,Ben,Night
2024-10-22 04:43:00,P1,No issue,0.0,1855,1772,Ben,Day
2024-12-17 23:30:00,T1,Quality stop,1.0,4926,4449,Unknown,Day
2024-08-12 15:01:00,T1,Breakdown,0.0,4659,4603,Chen,Night
2024-09-04 18:40:00,L9,No issue,0.0,7332,7057,Chen,Night
2024-11-07 07:02:00,T2,No issue,0.0,4446,3997,Diya,Day
2024-10-27 15:57:00,L8,Changeover,1.0,3941,3414,Asha,Night
2024-06-20 14:12:00,L8,Breakdown,0.0,3467,3405,Asha,Day
2024-06-16 11:26:00,L8,Breakdown,0.0,6518,5620,Evan,Day
2024-09-06 04:04:00,T1,No issue,0.0,5541,5415,Chen,Day
2024-09-25 03:13:00,P1,No issue,0.0,3133,2812,Diya,Day
2024-01-14 02:10:00,P1,Changeover,1.0,5,4,Diya,Night
2024-10-31 00:15:00,T1,No issue,0.0,8237,8103,Chen,Day
2024-01-23 00:56:00,L9,PM,0.0,11017,9855,Asha,Day
2024-09-10 17:15:00,L8,Breakdown,1.0,1039,1004,Evan,Day
2024-04-04 16:57:00,L8,PM,0.0,5691,4845,Chen,Night
2024-06-11 15:57:00,L8,PM,0.0,9105,8856,Diya,Day
2024-01-09 07:27:00,P1,PM,1.0,7204,6891,Ben,Night
2024-03-02 13:58:00,P1,No issue,0.0,5667,4961,Chen,Night
2024-09-27 01:19:00,L9,Breakdown,2.0,10317,10031,Evan,Day
2024-11-12 02:39:00,T2,Quality stop,0.0,3458,3125,Chen,Day
2024-07-07 10:41:00,T1,No issue,0.0,3808,3499,Diya,Day
2024-09-21 08:36:00,T1,PM,1.0,3071,2685,Diya,Day
2024-09-10 08:52:00,T1,No issue,0.0,6100,5519,Chen,Night
2024-12-16 11:09:00,T1,PM,1.0,8119,6930,Chen,Night
2024-01-09 05:36:00,T2,No issue,0.0,1019,989,Ben,Night
2024-05-14 09:54:00,L8,PM,4.0,9231,7981,Evan,Night
2024-06-15 03:17:00,T1,PM,0.0,11374,10507,Unknown,Day
2024-05-17 19:34:00,L8,No issue,0.0,10497,10064,Chen,Night
2024-02-11 06:09:00,T1,Quality stop,4.0,3052,2645,Ben,Night
2024-12-17 16:23:00,L9,Breakdown,0.0,8862,7835,Asha,Day
2024-11-10 04:34:00,L8,PM,2.0,10305,9140,Chen,Day
2024-11-25 18:33:00,P1,PM,0.0,244,231,Ben,Day
2024-01-19 16:20:00,L9,No issue,0.0,1756,1741,Diya,Day
2024-09-26 12:35:00,L9,Quality stop,1.0,10040,9652,Chen,Night
2024-12-30 23:33:00,L8,Quality stop,2.0,2460,2429,Asha,Day
2024-04-05 09:40:00,L8,Breakdown,0.0,6102,5543,Ben,Day
2024-08-01 13:48:00,T2,No issue,0.0,1071,993,Ben,Day
2024-06-13 01:40:00,L9,Changeover,1.0,492,428,Asha,Day
2024-11-05 06:29:00,L8,No issue,0.0,11390,10155,Chen,Day
2024-11-07 06:34:00,P1,No issue,0.0,11291,11131,Chen,Night
2024-12-13 06:41:00,P1,Breakdown,1.0,3789,3382,Chen,Day
2024-07-09 19:52:00,P1,PM,1.0,6444,6180,Ben,Day
2024-07-25 21:08:00,P1,No issue,0.0,4385,3785,Asha,Day
2024-10-29 13:12:00,P1,Breakdown,4.0,6624,5960,Unknown,Night
2024-01-17 15:54:00,P1,Breakdown,4.0,6540,5670,Unknown,Night
2024-05-05 11:22:00,T2,No issue,0.0,3494,3316,Ben,Day
2024-03-16 10:54:00,T2,Changeover,2.0,8541,7867,Ben,Day
2024-07-10 03:54:00,P1,No issue,0.0,5371,5231,Ben,Night
2024-01-23 01:55:00,P1,Changeover,0.0,3470,3336,Chen,Day
2024-06-02 01:56:00,L9,Breakdown,2.0,8525,7820,Chen,Day
2024-12-11 00:25:00,P1,No issue,0.0,4169,3933,Unknown,Night
2024-06-14 16:10:00,L9,No issue,0.0,9667,8730,Ben,Day
2024-09-29 11:47:00,L8,PM,1.0,4934,4883,Ben,Day
2024-05-09 13:30:00,L8,Breakdown,0.0,5419,5407,Diya,Day
2024-11-04 22:45:00,T2,No issue,0.0,5982,5274,Chen,Day
2024-05-01 14:33:00,T1,No issue,0.0,1117,1074,Diya,Day
2024-02-02 04:00:00,T2,Breakdown,0.0,1486,1428,Unknown,Day
2024-10-26 14:37:00,P1,Breakdown,1.0,9981,9401,Ben,Day
2024-03-07 03:17:00,L9,Breakdown,1.0,1546,1478,Diya,Day
2024-09-15 12:36:00,L9,Breakdown,0.0,6584,6369,Evan,Day
2024-07-05 08:54:00,L9,No issue,0.0,5312,4687,Unknown,Night
2024-04-08 22:15:00,T2,PM,0.0,3912,3426,Evan,Day
2024-02-09 09:38:00,T2,Quality stop,2.0,4033,3816,Evan,Night
2024-03-23 02:11:00,L9,PM,4.0,9965,9383,Ben,Night
2024-07-09 18:49:00,L9,Changeover,1.0,7317,6985,Unknown,Day
2024-11-15 11:07:00,L8,Changeover,3.0,3072,2940,Ben,Day
2024-05-15 14:01:00,T1,Breakdown,0.0,6281,6165,Unknown,Day
2024-12-05 01:49:00,T2,No issue,0.0,2950,2774,Ben,Day
2024-12-10 11:21:00,T1,No issue,0.0,5916,5578,Diya,Night
2024-04-12 12:17:00,L9,No issue,0.0,110,105,Ben,Day
2024-03-03 19:18:00,T1,Breakdown,0.0,9436,8843,Chen,Day
2024-09-18 17:48:00,L8,Quality stop,1.0,11912,11408,Chen,Day
2024-12-14 19:00:00,T2,Breakdown,1.0,10973,10493,Chen,Night
2024-09-30 03:43:00,L8,Breakdown,2.0,10883,10684,Evan,Night
2024-11-09 05:21:00,T2,Changeover,3.0,6,5,Diya,Night
2024-02-02 18:41:00,T2,Changeover,4.0,5584,4841,Ben,Day
2024-03-06 11:01:00,L9,Quality stop,0.0,7754,6989,Diya,Night
2024-01-17 20:04:00,L9,No issue,0.0,9831,9159,Asha,Night
2024-01-24 15:02:00,T2,Breakdown,0.0,7056,6548,Evan,Day
2024-09-12 04:01:00,T1,No issue,0.0,5786,5395,Ben,Night
2024-10-19 19:31:00,T2,No issue,0.0,9921,8785,Ben,Day
2024-03-25 01:38:00,L9,PM,0.0,6235,5702,Evan,Day
2024-03-02 09:31:00,T1,PM,0.0,9195,8147,Asha,Night
2024-06-25 23:08:00,T2,No issue,0.0,3552,3172,Chen,Day
2024-07-10 21:49:00,L8,Breakdown,0.0,10107,9414,Diya,Night
2024-03-26 14:23:00,L8,PM,0.0,1847,1830,Asha,Night
2024-10-11 15:57:00,T2,Breakdown,0.0,8573,7329,Diya,Day
2024-06-20 18:56:00,T1,PM,0.0,7697,7610,Evan,Day
2024-11-11 03:29:00,T1,Quality stop,1.0,9007,8856,Asha,Night
2024-08-22 00:51:00,T1,No issue,0.0,3332,3305,Ben,Night
2024-04-16 15:17:00,L9,Breakdown,0.0,11082,10000,Diya,Day
2024-07-29 06:28:00,T1,PM,1.0,4325,3712,Asha,Night
2024-01-23 18:21:00,P1,No issue,0.0,11093,9442,Diya,Day
2024-12-09 01:13:00,P1,No issue,0.0,374,346,Diya,Night
2024-01-26 12:40:00,P1,Breakdown,4.0,11305,10020,Chen,Night
2024-11-24 13:07:00,T2,Changeover,0.0,6662,5764,Chen,Day
2024-04-28 08:40:00,T1,No issue,0.0,170,155,Asha,Night
2024-06-14 23:48:00,P1,No issue,0.0,6264,5755,Diya,Night
2024-01-16 16:30:00,T2,Breakdown,1.0,11580,10950,Diya,Night
2024-12-03 13:05:00,L9,No issue,0.0,3766,3691,Chen,Day
2024-08-07 04:03:00,P1,No issue,0.0,9334,9281,Asha,Day
2024-06-12 20:18:00,T1,Quality stop,1.0,11797,11034,Chen,Day
2024-02-05 23:18:00,T2,No issue,0.0,3286,3260,Chen,Night
2024-12-05 23:39:00,L9,Changeover,0.0,7416,6970,Chen,Day
2024-04-11 13:33:00,L9,PM,1.0,8542,7950,Ben,Day
2024-05-27 08:26:00,L8,No issue,0.0,5199,4891,Asha,Day
2024-04-18 02:02:00,L9,Breakdown,2.0,3167,2837,Asha,Night
2024-03-23 23:26:00,L9,No issue,0.0,5453,5274,Ben,Night
2024-04-13 08:38:00,T2,Changeover,1.0,2017,1944,Chen,Day
2024-03-12 04:33:00,T1,Changeover,1.0,8462,8174,Evan,Day
2024-05-17 19:01:00,T2,PM,0.0,8253,8170,Asha,Night
2024-04-30 05:44:00,L8,Breakdown,1.0,7427,6922,Ben,Day
2024-08-25 19:36:00,P1,No issue,0.0,3479,3336,Asha,Day
2024-11-21 06:08:00,L9,No issue,0.0,6876,6508,Ben,Night
2024-09-09 09:58:00,T1,Changeover,1.0,4804,4610,Diya,Day
2024-04-27 16:24:00,T2,PM,0.0,1742,1676,Chen,Day
2024-05-04 12:08:00,L8,No issue,0.0,8454,7213,Ben,Day
2024-10-22 02:10:00,P1,No issue,0.0,5627,4823,Chen,Night
2024-07-29 19:36:00,P1,PM,3.0,869,819,Diya,Day
2024-10-01 02:32:00,T1,No issue,0.0,11918,11458,Chen,Night
2024-05-24 01:48:00,L9,No issue,0.0,531,516,Chen,Day
2024-06-06 09:04:00,L8,No issue,0.0,9757,9278,Diya,Day
2024-05-31 19:45:00,L9,No issue,0.0,654,635,Diya,Night
2024-10-25 06:28:00,T1,No issue,0.0,7604,6840,Asha,Night
2024-09-14 17:57:00,L8,Breakdown,0.0,5498,5020,Diya,Night
2024-04-25 01:46:00,L9,Breakdown,1.0,10643,9437,Unknown,Night
2024-08-27 12:37:00,T2,No issue,0.0,9662,8479,Asha,Day
2024-11-07 23:42:00,T1,Changeover,0.0,9745,8751,Chen,Night
2024-02-12 07:36:00,P1,Breakdown,2.0,3812,3747,Evan,Night
2024-07-15 23:33:00,T2,Quality stop,0.0,7871,6954,Chen,Day
2024-09-10 17:15:00,L9,Breakdown,2.0,9938,9292,Ben,Day
2024-07-29 14:42:00,T2,No issue,0.0,11977,10579,Ben,Night
2024-02-26 15:50:00,L9,PM,0.0,4952,4924,Ben,Night
2024-12-26 01:26:00,T1,Breakdown,0.0,11658,10097,Evan,Night
2024-07-01 11:56:00,T1,No issue,0.0,562,489,Ben,Day
2024-05-30 23:10:00,P1,No issue,0.0,9148,8610,Ben,Day
2024-04-10 04:31:00,T1,Quality stop,0.0,3375,3268,Asha,Day
2024-02-22 00:13:00,L8,Breakdown,1.0,10153,9563,Diya,Day
2024-04-18 11:09:00,P1,Changeover,0.0,6149,5893,Evan,Day
2024-06-07 11:55:00,T1,No issue,0.0,4795,4326,Chen,Day
2024-02-26 06:35:00,L8,Breakdown,0.0,9494,8289,Unknown,Day
2024-10-10 03:52:00,L8,Quality stop,0.0,536,529,Ben,Night
2024-07-20 13:02:00,P1,Breakdown,0.0,244,216,Evan,Day
2024-08-28 14:28:00,L9,No issue,0.0,1998,1891,Chen,Day
2024-11-24 10:34:00,T1,No issue,0.0,7134,6784,Asha,Night
2024-02-08 17:52:00,P1,PM,0.0,6055,5429,Ben,Day
2024-12-09 01:38:00,L8,Quality stop,0.0,7616,6695,Chen,Day
2024-05-23 00:04:00,L8,No issue,0.0,7343,7182,Evan,Night
2024-07-10 01:00:00,T2,Quality stop,0.0,5450,5126,Asha,Night
2024-09-07 00:25:00,L9,Breakdown,1.0,871,813,Ben,Day
2024-02-12 20:28:00,L8,Breakdown,0.0,897,857,Chen,Day
2024-01-19 18:18:00,T1,No issue,0.0,9842,8466,Ben,Day
2024-03-29 18:15:00,T1,PM,0.0,9959,9088,Evan,Day
2024-08-09 17:04:00,P1,Breakdown,1.0,732,652,Evan,Night
2024-07-17 04:20:00,L8,No issue,0.0,3583,3480,Chen,Day
2024-05-04 17:02:00,L8,Changeover,3.0,7031,6641,Ben,Day
2024-05-25 07:37:00,T2,Quality stop,1.0,9351,9268,Evan,Day
2024-07-12 09:41:00,L8,Changeover,0.0,8022,7439,Evan,Day
2024-05-02 10:17:00,L9,PM,3.0,627,559,Unknown,Day
2024-01-06 07:06:00,T1,Quality stop,0.0,392,363,Evan,Day
2024-12-21 20:40:00,T1,No issue,0.0,4465,3808,Diya,Day
2024-10-10 21:19:00,T2,Breakdown,0.0,2838,2804,Chen,Day
2024-02-29 14:54:00,L8,No issue,0.0,10347,9666,Diya,Day
2024-01-07 02:26:00,P1,No issue,0.0,7815,6956,Diya,Day
2024-07-24 04:31:00,P1,PM,2.0,5671,5200,Evan,Day
2024-11-17 12:38:00,L9,No issue,0.0,7281,6266,Asha,Day
2024-07-09 18:28:00,T1,No issue,0.0,6425,5768,Evan,Night
2024-09-23 10:43:00,L9,No issue,0.0,1714,1490,Evan,Day
2024-12-26 14:12:00,L8,PM,0.0,11280,9791,Chen,Day
2024-09-11 08:29:00,T1,No issue,0.0,5166,4963,Diya,Night
2024-06-23 13:40:00,P1,Quality stop,1.0,4479,3810,Diya,Night
2024-07-29 10:08:00,T2,Breakdown,3.0,3848,3807,Ben,Day
2024-12-05 18:01:00,L9,No issue,0.0,6223,6223,Chen,Day
2024-05-21 09:33:00,L8,No issue,0.0,9843,9561,Evan,Day
2024-04-19 22:46:00,P1,No issue,0.0,10745,10162,Asha,Day
2024-03-12 16:27:00,P1,No issue,0.0,9882,9464,Asha,Night
2024-05-30 01:00:00,L8,Breakdown,3.0,5458,4880,Ben,Day
2024-05-20 07:32:00,T1,No issue,0.0,826,749,Ben,Day
2024-05-23 11:18:00,L8,No issue,0.0,730,658,Diya,Day
2024-11-02 07:20:00,P1,No issue,0.0,5814,5385,Asha,Day
2024-10-23 13:08:00,T1,Breakdown,2.0,2605,2420,Asha,Night
2024-12-23 03:35:00,P1,No issue,0.0,9262,8309,Diya,Day
2024-09-14 01:12:00,T2,Quality stop,0.0,9374,8097,Chen,Night
2024-04-07 18:03:00,L8,No issue,0.0,8822,7613,Ben,Night
2024-10-30 07:07:00,L9,PM,0.0,6147,5715,Asha,Day
2024-07-14 00:44:00,L8,Quality stop,3.0,1084,1026,Asha,Day
2024-01-17 11:39:00,L9,Quality stop,1.0,1531,1501,Asha,Day
2024-12-18 03:26:00,L9,No issue,0.0,4353,4282,Ben,Night
2024-06-21 04:37:00,T1,Quality stop,2.0,7373,6376,Evan,Day
2024-07-03 16:21:00,L9,Breakdown,1.0,4885,4813,Evan,Day
2024-09-17 04:47:00,P1,Breakdown,0.0,1932,1714,Chen,Day
2024-11-15 03:29:00,T2,Breakdown,1.0,11513,10234,Evan,Day
2024-08-25 16:20:00,L8,No issue,0.0,779,699,Diya,Night
2024-02-04 06:24:00,L9,PM,4.0,4584,4070,Asha,Night
2024-02-17 21:15:00,L9,Breakdown,0.0,805,765,Chen,Day
2024-05-03 12:01:00,T1,PM,2.0,1368,1328,Diya,Night
2024-08-11 20:51:00,T1,No issue,0.0,1129,1112,Chen,Day
2024-08-16 21:24:00,L8,PM,0.0,6330,6114,Chen,Day
2024-02-19 23:54:00,T1,Breakdown,0.0,377,341,Evan,Night
2024-01-27 10:31:00,T1,Changeover,0.0,11388,11321,Evan,Day
2024-11-23 23:53:00,L8,Breakdown,0.0,518,463,Asha,Day
2024-01-21 02:37:00,T2,PM,0.0,9425,8202,Evan,Day
2024-04-13 18:32:00,T1,Breakdown,2.0,10651,9851,Diya,Day
2024-11-16 12:59:00,T1,Quality stop,0.0,3886,3595,Ben,Night
2024-02-14 18:06:00,T2,Changeover,0.0,10094,9944,Asha,Night
2024-07-07 10:03:00,T2,No issue,0.0,156,146,Diya,Day
2024-01-31 12:58:00,L9,No issue,0.0,3479,3269,Asha,Night
2024-04-14 05:30:00,T1,PM,1.0,8227,8148,Asha,Day
2024-06-25 07:23:00,L8,No issue,0.0,2034,1839,Ben,Day
2024-02-15 13:30:00,T2,Breakdown,1.0,4159,3564,Ben,Day
2024-09-22 12:30:00,L9,Changeover,0.0,3183,2854,Diya,Night
2024-06-17 22:41:00,L8,No issue,0.0,2223,2167,Ben,Day
2024-12-11 03:39:00,L9,No issue,0.0,6988,6102,Evan,Day
2024-05-12 05:54:00,T1,Changeover,0.0,11394,10997,Asha,Day
2024-11-16 07:58:00,T1,No issue,0.0,10474,8927,Diya,Day
2024-02-02 20:31:00,L9,No issue,0.0,6362,5996,Asha,Night
2024-09-29 22:03:00,T1,No issue,0.0,3992,3734,Ben,Day
2024-12-04 22:23:00,T1,No issue,0.0,4905,4194,Chen,Day
2024-08-24 03:24:00,T1,No issue,0.0,9267,9150,Chen,Day
2024-10-28 14:09:00,P1,PM,1.0,7483,7242,Ben,Day
2024-11-17 18:02:00,P1,No issue,0.0,8494,7824,Evan,Day
2024-08-22 01:05:00,L8,PM,0.0,9517,9315,Asha,Night
2024-07-08 05:26:00,T2,PM,2.0,2738,2686,Chen,Night
2024-03-29 23:45:00,P1,No issue,0.0,5778,5551,Diya,Night
2024-03-16 08:39:00,T2,Changeover,1.0,2703,2604,Chen,Night
2024-07-12 02:37:00,T1,Breakdown,0.0,1240,1061,Unknown,Night
2024-05-08 05:46:00,L8,No issue,0.0,11506,11382,Diya,Night
2024-06-12 12:52:00,P1,Breakdown,1.0,10811,9328,Chen,Night
2024-10-30 09:36:00,P1,No issue,0.0,11777,10897,Diya,Night
2024-10-04 03:56:00,T1,Breakdown,0.0,4817,4165,Chen,Day
2024-12-10 06:03:00,P1,Breakdown,1.0,3405,3013,Diya,Day
2024-07-26 14:56:00,T1,PM,0.0,4485,3988,Chen,Day
2024-09-14 05:26:00,T1,No issue,0.0,8447,7950,Ben,Night
2024-09-24 10:15:00,L8,Quality stop,2.0,11811,10696,Ben,Day
2024-12-19 17:06:00,L8,Breakdown,0.0,11315,10855,Ben,Day
2024-09-12 02:39:00,P1,Changeover,0.0,6438,6228,Ben,Day
2024-03-21 01:03:00,L8,PM,3.0,7705,6790,Evan,Day
2024-10-03 16:41:00,T1,No issue,0.0,10514,9555,Asha,Night
2024-03-13 00:43:00,L8,Breakdown,0.0,1294,1264,Asha,Night
2024-06-29 08:22:00,L8,PM,1.0,1029,985,Evan,Night
2024-06-23 19:02:00,T2,No issue,0.0,3591,3359,Asha,Day
2024-06-11 01:01:00,T2,Breakdown,1.0,5231,4451,Diya,Night
2024-05-27 15:12:00,T2,No issue,0.0,10222,10086,Asha,Day
2024-08-19 09:18:00,T1,No issue,0.0,11516,10547,Evan,Day
2024-10-16 11:38:00,T2,No issue,0.0,11822,10130,Evan,Day
2024-05-04 20:34:00,L9,No issue,0.0,10667,10285,Ben,Day
2024-03-30 11:17:00,L9,No issue,0.0,9574,9297,Diya,Night
2024-02-04 01:41:00,T2,Changeover,3.0,4206,3679,Chen,Day
2024-07-27 02:53:00,T2,No issue,0.0,10123,8704,Diya,Day
2024-06-10 11:25:00,P1,Breakdown,2.0,8851,7677,Ben,Day
2024-06-09 00:33:00,L9,Quality stop,2.0,9874,8534,Diya,Day
2024-01-01 03:28:00,L9,Breakdown,1.0,3535,3357,Chen,Night
2024-03-06 14:11:00,P1,PM,1.0,3541,3346,Chen,Day
2024-08-29 09:31:00,T2,PM,1.0,1318,1182,Ben,Day
2024-02-22 05:06:00,T2,PM,1.0,3405,2999,Unknown,Night
2024-05-26 01:37:00,T2,Changeover,1.0,7953,7755,Ben,Day
2024-10-30 00:10:00,L9,Breakdown,3.0,8631,8484,Asha,Night
2024-06-28 14:04:00,L8,No issue,0.0,9186,8468,Evan,Day
2024-09-13 12:58:00,P1,Changeover,2.0,9623,8608,Diya,Day
2024-05-11 15:12:00,P1,No issue,0.0,6784,6239,Asha,Day
2024-12-01 20:07:00,L9,PM,2.0,2379,2074,Diya,Day
2024-12-28 05:45:00,L8,No issue,0.0,11350,9856,Asha,Night
2024-03-11 14:22:00,P1,Breakdown,2.0,7810,6711,Diya,Day
2024-06-15 06:11:00,T2,Breakdown,0.0,4065,3533,Diya,Day
2024-08-24 23:59:00,L9,Breakdown,2.0,6259,6172,Evan,Night
2024-07-04 15:22:00,P1,No issue,0.0,8838,7969,Ben,Day
2024-12-24 22:25:00,L9,Changeover,2.0,2521,2507,Diya,Day
2024-09-30 00:53:00,L8,No issue,0.0,6396,5988,Chen,Day
2024-04-23 06:45:00,T2,Quality stop,1.0,7148,7141,Diya,Day
2024-08-31 18:08:00,P1,No issue,0.0,476,409,Chen,Day
2024-08-10 19:32:00,L9,No issue,0.0,5932,5564,Ben,Day
2024-11-09 13:00:00,L8,No issue,0.0,3816,3670,Ben,Night
2024-04-01 23:14:00,L9,No issue,0.0,2180,2021,Ben,Day
2024-09-25 13:43:00,T1,PM,2.0,2915,2744,Unknown,Day
2024-02-22 18:07:00,P1,No issue,0.0,9270,8035,Asha,Day
2024-11-25 00:47:00,L9,Quality stop,3.0,4873,4636,Evan,Day
2024-11-12 01:48:00,T2,Breakdown,0.0,11986,11382,Unknown,Night
2024-11-20 19:00:00,T2,Breakdown,4.0,42,36,Diya,Night
2024-12-18 23:48:00,T2,No issue,0.0,1882,1686,Chen,Day
2024-05-12 14:49:00,T1,Quality stop,1.0,1819,1702,Ben,Day
2024-09-29 07:14:00,L9,Breakdown,0.0,1302,1222,Asha,Day
2024-01-08 13:37:00,T1,No issue,0.0,1615,1521,Chen,Night
2024-05-04 11:21:00,L8,Changeover,1.0,4723,4487,Ben,Night
2024-09-30 06:51:00,T1,Breakdown,1.0,4916,4878,Diya,Day
2024-07-02 19:31:00,L8,Quality stop,0.0,5878,5607,Ben,Night
2024-04-25 03:57:00,L8,No issue,0.0,5173,4480,Ben,Night
2024-12-19 09:10:00,L8,Changeover,4.0,2140,1840,Diya,Day
2024-01-31 09:35:00,L9,Changeover,2.0,6320,6317,Diya,Night
2024-10-19 08:09:00,L8,Breakdown,1.0,9837,8681,Evan,Day
2024-11-18 21:24:00,P1,Breakdown,0.0,7690,7065,Chen,Day
2024-01-31 23:33:00,P1,Breakdown,0.0,2482,2179,Asha,Day
2024-06-30 15:11:00,T1,Breakdown,0.0,2534,2339,Evan,Day
2024-12-16 02:24:00,P1,PM,1.0,6146,5272,Ben,Day
2024-05-20 12:53:00,L9,No issue,0.0,10635,9681,Chen,Day
2024-04-24 11:08:00,T1,Breakdown,1.0,10826,10646,Unknown,Night
2024-12-22 19:37:00,L8,No issue,0.0,11793,10040,Diya,Day
2024-09-10 18:25:00,P1,No issue,0.0,3101,3015,Ben,Day
2024-08-12 19:11:00,L8,No issue,0.0,389,370,Diya,Day
2024-09-28 20:29:00,L8,No issue,0.0,9423,8846,Asha,Day
2024-11-28 23:36:00,L8,Changeover,0.0,9480,9464,Ben,Day
2024-10-30 04:49:00,L8,Breakdown,1.0,3349,3221,Ben,Night
2024-08-07 22:38:00,L9,No issue,0.0,11066,10026,Ben,Night
2024-11-11 11:25:00,T1,Breakdown,0.0,8634,7975,Asha,Night
2024-11-20 12:22:00,P1,Breakdown,0.0,10197,9185,Chen,Day
2024-05-19 02:46:00,T1,PM,1.0,8015,7277,Chen,Day
2024-05-22 13:08:00,L9,No issue,0.0,2690,2521,Asha,Day
2024-12-23 19:02:00,L9,No issue,0.0,10694,10206,Unknown,Night
2024-08-05 09:36:00,P1,Changeover,4.0,2219,2029,Evan,Day
2024-02-01 01:34:00,T1,Breakdown,1.0,5994,5861,Ben,Night
2024-05-16 10:01:00,L8,No issue,0.0,10494,10047,Evan,Day
2024-07-28 17:12:00,T2,No issue,0.0,1040,1009,Asha,Night
2024-01-09 08:48:00,L9,No issue,0.0,3588,3442,Chen,Day
2024-11-08 20:09:00,P1,No issue,0.0,11412,11108,Chen,Day
2024-09-21 07:33:00,L8,Breakdown,0.0,6520,5628,Diya,Day
2024-04-04 13:25:00,T1,No issue,0.0,2179,1859,Unknown,Night
2024-02-26 00:03:00,P1,Changeover,2.0,9180,7890,Ben,Night
2024-03-30 08:31:00,P1,Quality stop,0.0,1114,1012,Evan,Day
2024-05-15 04:51:00,T1,Breakdown,1.0,11164,10408,Ben,Day
2024-11-17 04:23:00,T1,Quality stop,1.0,9451,8622,Diya,Day
2024-03-28 19:56:00,L8,No issue,0.0,7991,6946,Unknown,Day
2024-01-16 13:56:00,T2,Changeover,1.0,6094,6055,Diya,Night
2024-08-09 14:59:00,T2,Breakdown,0.0,3293,2897,Evan,Night
2024-08-30 20:16:00,P1,No issue,0.0,2858,2799,Diya,Day
2024-04-10 15:06:00,P1,Changeover,3.0,4959,4911,Diya,Day
2024-12-16 09:29:00,T2,Breakdown,2.0,7611,6919,Diya,Night
2024-12-04 14:45:00,T2,Quality stop,0.0,1632,1421,Chen,Night
2024-01-20 12:17:00,L9,No issue,0.0,738,703,Ben,Day
2024-07-21 01:53:00,P1,Quality stop,2.0,6662,6280,Ben,Night
2024-06-25 14:53:00,P1,No issue,0.0,5124,4654,Diya,Day
2024-08-02 20:02:00,P1,Breakdown,0.0,5322,4600,Diya,Day
2024-08-09 18:10:00,P1,No issue,0.0,1676,1453,Diya,Night
2024-10-30 23:42:00,L9,Breakdown,3.0,1757,1614,Diya,Day
2024-04-06 23:49:00,L8,Breakdown,1.0,7723,6901,Asha,Night
2024-10-12 22:57:00,L9,Changeover,0.0,2206,2178,Evan,Night
2024-08-28 06:49:00,L8,No issue,0.0,10742,9198,Ben,Night
2024-06-15 10:26:00,L8,No issue,0.0,10735,9163,Chen,Night
2024-07-20 06:46:00,T2,PM,0.0,4529,4529,Evan,Night
2024-07-09 01:20:00,P1,Breakdown,1.0,4384,3977,Chen,Day
2024-12-12 07:31:00,T2,PM,0.0,4930,4646,Ben,Night
2024-06-08 23:46:00,T1,Breakdown,0.0,4223,3824,Diya,Night
2024-10-12 15:08:00,L8,Changeover,1.0,7104,6726,Chen,Day
2024-07-02 06:36:00,P1,No issue,0.0,10975,10309,Ben,Day
2024-08-01 07:18:00,T1,Changeover,2.0,1240,1073,Ben,Night
2024-03-12 09:44:00,L9,Breakdown,4.0,5168,4614,Asha,Day
2024-02-18 05:10:00,T1,No issue,0.0,11813,10252,Asha,Night
2024-09-19 15:00:00,T2,PM,1.0,6732,5979,Ben,Day
2024-07-20 17:34:00,T1,No issue,0.0,8478,7755,Chen,Day
2024-02-18 20:18:00,L8,Breakdown,1.0,317,293,Asha,Night
2024-06-20 15:04:00,T2,PM,1.0,2185,2120,Asha,Night
2024-04-24 18:34:00,L8,Changeover,1.0,1105,1067,Asha,Day
2024-09-16 10:59:00,T1,No issue,0.0,4988,4548,Ben,Night
2024-03-15 12:02:00,P1,PM,0.0,1104,1092,Asha,Day
2024-09-14 09:09:00,T2,Changeover,2.0,10075,9203,Asha,Day
2024-09-24 20:17:00,T1,No issue,0.0,4144,4023,Chen,Day
2024-12-04 16:55:00,T1,PM,2.0,795,676,Chen,Day
2024-09-26 10:29:00,T1,No issue,0.0,4628,4111,Diya,Night
2024-10-25 16:49:00,T1,No issue,0.0,3236,2892,Evan,Day
2024-04-04 06:12:00,T1,No issue,0.0,7814,6941,Evan,Day
2024-08-02 18:35:00,L8,PM,0.0,6517,5804,Diya,Day
2024-06-16 21:08:00,P1,Quality stop,1.0,6152,5318,Chen,Night
2024-05-01 16:26:00,P1,Breakdown,0.0,7032,6121,Chen,Day
2024-06-25 22:37:00,L8,Changeover,0.0,1492,1390,Evan,Day
2024-01-25 21:44:00,T2,Breakdown,0.0,11492,11099,Diya,Night
2024-11-26 06:37:00,T1,PM,0.0,8671,8198,Diya,Day
2024-04-15 06:37:00,T2,No issue,0.0,9507,8975,Ben,Night
2024-12-07 14:36:00,T1,PM,3.0,9114,8207,Asha,Day
2024-12-02 14:21:00,L9,No issue,0.0,11338,10365,Asha,Day
2024-04-22 13:13:00,L8,Breakdown,1.0,607,548,Evan,Day
2024-02-25 10:35:00,L9,Breakdown,0.0,485,448,Asha,Day
2024-11-21 16:56:00,L8,Breakdown,0.0,126,116,Ben,Day
2024-07-09 04:25:00,T2,No issue,0.0,7766,7700,Ben,Day
2024-07-09 16:09:00,L8,Quality stop,0.0,7964,7784,Ben,Night
2024-01-20 18:51:00,L8,Breakdown,1.0,3954,3485,Chen,Day
2024-12-24 07:13:00,L8,No issue,0.0,2308,2291,Diya,Night
2024-05-30 23:27:00,T1,Breakdown,2.0,5191,4757,Diya,Night
2024-08-01 07:35:00,T1,Breakdown,2.0,3012,2657,Chen,Day
2024-02-07 04:02:00,L8,No issue,0.0,2031,1861,Ben,Night
2024-08-02 03:07:00,T2,No issue,0.0,5221,4440,Ben,Night
2024-10-27 08:19:00,T2,Breakdown,2.0,9123,9088,Ben,Night
2024-03-21 11:09:00,T2,PM,0.0,559,551,Ben,Night
2024-05-09 08:00:00,P1,PM,0.0,11441,10491,Unknown,Day
2024-11-07 06:03:00,L8,Breakdown,1.0,5203,5141,Diya,Night
2024-11-19 19:42:00,L9,PM,0.0,6508,5561,Diya,Night
2024-02-28 05:55:00,T2,No issue,0.0,11018,9832,Diya,Night
2024-08-31 03:48:00,L8,Breakdown,1.0,1744,1703,Ben,Night
2024-05-06 15:17:00,T1,No issue,0.0,251,249,Asha,Day
2024-10-04 08:18:00,L9,No issue,0.0,11561,11551,Chen,Day
2024-01-13 15:29:00,P1,Breakdown,0.0,8704,7592,Diya,Night
2024-03-30 21:50:00,L9,Breakdown,1.0,4693,4218,Asha,Day
2024-06-20 07:49:00,T2,No issue,0.0,2109,1866,Ben,Night
2024-04-20 02:20:00,P1,Changeover,2.0,9727,8469,Diya,Night
2024-01-14 12:51:00,P1,Changeover,4.0,5637,5313,Ben,Day
2024-10-31 12:20:00,P1,No issue,0.0,5398,4753,Chen,Day
2024-02-28 09:25:00,P1,Changeover,2.0,89,82,Ben,Day
2024-05-04 12:41:00,L9,Quality stop,4.0,10168,8967,Chen,Day
2024-06-29 15:24:00,L8,Breakdown,1.0,10974,9963,Ben,Night
2024-03-06 18:34:00,T1,Breakdown,0.0,1260,1247,Chen,Night
2024-11-06 07:28:00,P1,Quality stop,0.0,3694,3343,Diya,Night
2024-07-14 05:50:00,P1,Breakdown,1.0,7754,7576,Diya,Day
2024-08-04 10:44:00,T1,No issue,0.0,782,742,Evan,Night
2024-08-02 19:35:00,L8,Breakdown,2.0,6567,6141,Evan,Night
2024-11-13 17:17:00,L8,Changeover,1.0,4427,3841,Ben,Day
2024-03-07 04:11:00,T1,Changeover,1.0,7162,6709,Diya,Day
2024-04-23 18:00:00,P1,Changeover,1.0,11891,11631,Unknown,Day
2024-05-06 04:43:00,T2,Changeover,1.0,5247,5201,Ben,Day
2024-06-08 03:13:00,L8,Changeover,1.0,8967,7718,Asha,Day
2024-11-08 00:12:00,T1,No issue,0.0,6551,5956,Diya,Day
2024-09-04 00:38:00,L8,Changeover,4.0,9144,8766,Ben,Night
2024-05-14 04:02:00,T2,Changeover,1.0,9875,8553,Evan,Night
2024-02-28 20:30:00,P1,Breakdown,1.0,3696,3512,Chen,Day
2024-08-20 14:09:00,T1,No issue,0.0,3128,2992,Asha,Night
2024-08-29 09:25:00,T2,Breakdown,3.0,1394,1346,Asha,Day
2024-12-19 07:51:00,L8,Breakdown,0.0,3957,3495,Chen,Day
2024-10-11 23:41:00,T1,Quality stop,0.0,1449,1262,Diya,Day
2024-12-27 14:33:00,L9,No issue,0.0,11842,11123,Chen,Day
2024-02-24 16:45:00,L8,Changeover,2.0,2053,1830,Chen,Night
2024-12-26 20:54:00,T2,Changeover,0.0,1253,1212,Asha,Day
2024-01-15 19:25:00,L8,Breakdown,1.0,2268,1946,Asha,Day
2024-02-27 14:41:00,T2,No issue,0.0,2141,2106,Chen,Day
2024-04-30 13:19:00,T2,PM,3.0,5412,4884,Diya,Night
2024-12-08 16:15:00,P1,Breakdown,3.0,332,289,Chen,Day
2024-02-13 07:13:00,L9,No issue,0.0,7659,6751,Asha,Day
2024-12-02 15:48:00,T1,Changeover,0.0,7543,6551,Ben,Night
2024-01-05 12:09:00,P1,Quality stop,0.0,2268,2231,Chen,Day
2024-12-16 13:35:00,L8,PM,1.0,11811,10619,Ben,Day
2024-12-07 20:13:00,P1,No issue,0.0,3243,2819,Chen,Night
2024-04-13 02:42:00,T1,Breakdown,1.0,665,613,Ben,Day
2024-01-09 10:03:00,P1,No issue,0.0,1740,1672,Chen,Day
2024-08-18 02:45:00,T1,Quality stop,1.0,11545,10236,Asha,Night
2024-11-04 13:12:00,L8,Breakdown,1.0,7133,6821,Diya,Day
2024-10-21 10:03:00,L8,No issue,0.0,5528,5188,Chen,Day
2024-12-02 16:12:00,P1,Quality stop,2.0,7516,7121,Chen,Day
2024-10-21 12:44:00,L8,No issue,0.0,5085,4841,Asha,Night
2024-06-10 09:19:00,T2,Breakdown,2.0,6846,6191,Chen,Day
2024-07-19 12:28:00,T2,PM,1.0,810,714,Asha,Day
2024-04-16 15:31:00,L8,No issue,0.0,7934,6921,Asha,Day
2024-10-20 03:29:00,T2,Quality stop,0.0,1243,1188,Chen,Day
2024-05-16 09:10:00,L8,PM,0.0,6412,5955,Evan,Day
2024-07-04 20:37:00,T2,Quality stop,1.0,4233,4084,Diya,Day
2024-12-07 17:20:00,L8,Breakdown,1.0,4015,3673,Diya,Day
2024-07-27 15:49:00,T1,Changeover,0.0,5797,5679,Ben,Day
2024-03-07 12:47:00,T1,Changeover,1.0,6637,6060,Chen,Day
2024-10-30 08:12:00,L8,Breakdown,0.0,489,475,Chen,Night
2024-03-19 08:11:00,T2,Quality stop,0.0,3333,3326,Chen,Night
2024-03-01 15:28:00,P1,No issue,0.0,5545,5165,Evan,Night
2024-07-23 06:28:00,L8,No issue,0.0,8830,7597,Evan,Day
2024-01-24 07:37:00,L9,No issue,0.0,2334,2103,Asha,Night
2024-03-06 03:41:00,T1,Quality stop,0.0,2994,2744,Diya,Day
2024-11-08 20:48:00,L8,Quality stop,0.0,1714,1599,Asha,Night
2024-12-01 20:22:00,T2,Breakdown,1.0,8160,7877,Chen,Night
2024-01-08 21:14:00,L8,Breakdown,2.0,3100,3014,Ben,Night
2024-06-12 17:58:00,L8,Quality stop,2.0,10067,8729,Evan,Night
2024-03-15 01:23:00,T1,No issue,0.0,9006,8731,Ben,Day
2024-03-29 18:57:00,P1,No issue,0.0,8210,7227,Ben,Night
2024-12-23 01:14:00,P1,Breakdown,2.0,9092,7904,Diya,Night
2024-03-30 18:02:00,L8,PM,0.0,11469,10206,Ben,Night
2024-11-28 00:19:00,L8,No issue,0.0,7268,6362,Ben,Day
2024-04-18 22:35:00,L8,No issue,0.0,7387,6852,Diya,Night
2024-08-26 04:30:00,L8,Changeover,2.0,4258,3991,Unknown,Day
2024-04-19 08:17:00,T2,Breakdown,4.0,11569,11215,Diya,Day
2024-06-07 08:57:00,P1,No issue,0.0,7004,6670,Asha,Day
2024-10-17 23:06:00,P1,Breakdown,0.0,11749,10270,Asha,Night
2024-06-12 02:17:00,P1,No issue,0.0,10426,9433,Asha,Day
2024-12-14 09:30:00,T2,Breakdown,0.0,8313,7262,Ben,Night
2024-12-09 15:53:00,L8,Breakdown,0.0,2176,2023,Chen,Night
2024-09-02 17:32:00,T2,Quality stop,2.0,6075,5587,Diya,Day
2024-01-23 08:29:00,T1,No issue,0.0,11966,10180,Evan,Night
2024-01-04 09:52:00,T1,No issue,0.0,11735,10928,Diya,Day
2024-02-07 07:12:00,L8,No issue,0.0,347,317,Chen,Night
2024-02-04 10:56:00,P1,Breakdown,1.0,8559,7684,Asha,Night
2024-08-14 06:28:00,T2,No issue,0.0,1311,1153,Diya,Night
2024-10-20 22:32:00,L9,No issue,0.0,3716,3492,Evan,Day
2024-10-17 16:57:00,T2,Changeover,0.0,11539,10165,Ben,Day
2024-09-25 14:40:00,P1,Quality stop,3.0,1285,1213,Asha,Night
2024-05-26 18:47:00,L9,No issue,0.0,8058,6988,Diya,Night
2024-02-18 06:34:00,P1,PM,4.0,5662,4923,Chen,Day
2024-08-16 02:05:00,P1,PM,0.0,7099,6787,Ben,Day
2024-08-17 03:06:00,L8,No issue,0.0,7862,7324,Evan,Day
2024-01-07 18:06:00,P1,No issue,0.0,11410,9928,Ben,Day
2024-06-27 09:52:00,T1,Breakdown,4.0,1509,1493,Diya,Day
2024-05-26 04:58:00,L9,No issue,0.0,3314,3116,Evan,Day
2024-04-21 01:52:00,L8,No issue,0.0,609,564,Asha,Night
2024-08-12 20:46:00,T1,Quality stop,1.0,11208,11080,Asha,Night
2024-05-31 18:52:00,P1,No issue,0.0,11333,11052,Diya,Day
2024-08-29 02:24:00,T1,Changeover,0.0,7557,7426,Asha,Day
2024-01-06 17:03:00,L8,No issue,0.0,4102,3795,Chen,Day
2024-04-25 22:19:00,L8,Breakdown,1.0,4917,4887,Ben,Night
2024-04-05 21:23:00,T1,Quality stop,0.0,10715,9449,Chen,Night
2024-01-02 03:01:00,L9,No issue,0.0,252,216,Diya,Day
2024-01-18 23:53:00,P1,Quality stop,3.0,8775,7698,Ben,Day
2024-11-30 08:04:00,L8,Changeover,2.0,1833,1650,Diya,Night
2024-04-13 13:23:00,L8,Breakdown,1.0,1828,1762,Asha,Day
2024-03-31 11:18:00,T1,PM,3.0,6320,5732,Ben,Day
2024-07-10 07:50:00,T2,Changeover,1.0,3013,2832,Evan,Day
2024-07-31 09:58:00,L9,PM,1.0,5201,5017,Chen,Day
2024-12-05 20:38:00,T1,Quality stop,1.0,9861,8421,Diya,Night
2024-09-02 17:17:00,L9,No issue,0.0,8685,8222,Chen,Day
2024-01-17 21:44:00,T2,Changeover,1.0,10269,9714,Diya,Day
2024-02-01 13:55:00,L8,No issue,0.0,2158,1958,Chen,Night
2024-08-04 22:46:00,L9,Breakdown,1.0,1316,1256,Asha,Day
2024-07-04 20:53:00,T2,Breakdown,0.0,8225,7894,Ben,Night
2024-02-10 09:38:00,L8,PM,2.0,7300,6491,Chen,Day
2024-04-17 16:17:00,T2,No issue,0.0,10344,9328,Diya,Day
2024-07-12 19:19:00,T1,PM,4.0,7182,6233,Ben,Night
2024-07-23 08:30:00,L8,No issue,0.0,3595,3074,Ben,Day
2024-09-05 22:15:00,T1,No issue,0.0,9643,9167,Chen,Day
2024-04-27 13:19:00,L8,No issue,0.0,2403,2126,Chen,Day
2024-11-11 10:01:00,T2,Changeover,2.0,3483,2976,Ben,Day
2024-09-18 18:19:00,T1,Changeover,0.0,2475,2472,Asha,Day
2024-04-13 13:23:00,P1,Changeover,0.0,11836,10620,Ben,Day
2024-10-18 13:58:00,T2,Changeover,1.0,6829,5912,Unknown,Night
2024-12-08 19:33:00,T2,Quality stop,0.0,5951,5194,Ben,Night
2024-06-25 05:17:00,T1,PM,2.0,5051,4429,Asha,Night
2024-11-15 06:53:00,L8,Changeover,0.0,7613,6994,Asha,Day
2024-10-20 08:33:00,L9,No issue,0.0,8625,8528,Ben,Day
2024-06-04 11:27:00,L9,Breakdown,3.0,10469,9913,Chen,Night
2024-01-19 11:11:00,L9,Changeover,0.0,1521,1352,Diya,Night
2024-02-08 03:37:00,P1,No issue,0.0,6159,5982,Diya,Day
2024-09-09 01:02:00,T1,PM,1.0,7701,7426,Ben,Night
2024-11-02 10:11:00,L9,Breakdown,1.0,10021,10012,Ben,Night
2024-12-21 20:51:00,T2,Quality stop,3.0,3949,3930,Ben,Night
2024-06-08 15:44:00,L8,Breakdown,1.0,3768,3394,Diya,Night
2024-11-29 11:27:00,L9,No issue,0.0,6864,6567,Evan,Day
2024-12-06 01:51:00,T1,Changeover,4.0,1811,1653,Asha,Day
2024-06-06 19:08:00,P1,Quality stop,0.0,2910,2534,Diya,Night
2024-04-27 17:07:00,L9,Changeover,2.0,5999,5674,Asha,Day
2024-06-27 14:04:00,P1,No issue,0.0,687,606,Diya,Night
2024-03-08 14:58:00,L8,No issue,0.0,4704,4140,Chen,Night
2024-07-05 19:44:00,T2,Breakdown,0.0,10554,10427,Asha,Day
2024-09-01 09:02:00,P1,Breakdown,1.0,3767,3496,Asha,Day
2024-10-15 09:47:00,T1,PM,0.0,4588,3996,Evan,Night
2024-06-27 11:15:00,T1,Changeover,4.0,10028,9594,Diya,Day
2024-12-30 00:08:00,L8,No issue,0.0,6193,5952,Diya,Day
2024-03-04 10:37:00,L9,No issue,0.0,2986,2947,Evan,Day
2024-08-31 11:16:00,T2,No issue,0.0,10300,9970,Evan,Day
2024-10-25 16:08:00,T1,Quality stop,0.0,10035,9313,Unknown,Day
2024-08-28 11:18:00,T2,Breakdown,4.0,1142,1104,Diya,Night
2024-05-06 23:53:00,T2,PM,0.0,8839,7884,Diya,Day
2024-02-08 00:42:00,L9,No issue,0.0,10273,9053,Evan,Day
2024-05-31 10:56:00,T2,Breakdown,1.0,7148,6679,Chen,Day
2024-11-09 13:23:00,L8,Breakdown,0.0,6672,6009,Ben,Night
2024-01-23 12:28:00,T1,Quality stop,2.0,747,653,Chen,Day
2024-02-05 20:38:00,L8,Breakdown,0.0,7183,6822,Chen,Night
2024-03-24 23:44:00,L9,Breakdown,0.0,3133,2757,Diya,Day
2024-09-02 03:31:00,P1,No issue,0.0,991,949,Chen,Day
2024-12-30 23:28:00,T2,PM,1.0,7164,6387,Asha,Day
2024-01-11 02:42:00,P1,No issue,0.0,5069,5057,Unknown,Day
2024-03-23 12:02:00,L9,No issue,0.0,7857,7543,Evan,Day
2024-01-22 02:46:00,L8,No issue,0.0,7378,6451,Diya,Night
2024-12-20 05:02:00,L8,No issue,0.0,784,683,Diya,Night
2024-02-21 07:11:00,P1,Breakdown,4.0,6243,5972,Ben,Day
2024-09-06 00:59:00,P1,Breakdown,0.0,2838,2478,Chen,Day
2024-07-24 09:31:00,L8,No issue,0.0,1715,1461,Diya,Night
2024-03-23 20:31:00,P1,Breakdown,1.0,11141,10971,Diya,Night
2024-05-12 07:56:00,T2,No issue,0.0,3542,3153,Ben,Day
2024-05-08 23:25:00,L9,Breakdown,0.0,8103,7957,Evan,Day
2024-06-06 23:02:00,P1,PM,0.0,9941,9928,Ben,Night
2024-06-18 01:54:00,T1,No issue,0.0,253,237,Ben,Night
2024-07-04 20:07:00,L8,No issue,0.0,7771,6777,Diya,Day
2024-10-06 08:12:00,L8,No issue,0.0,1226,1175,Ben,Day
2024-07-31 07:08:00,T2,Quality stop,1.0,6229,5465,Ben,Day
2024-02-25 17:33:00,P1,PM,4.0,9637,9350,Evan,Night
2024-02-09 06:44:00,T2,Quality stop,2.0,4071,3750,Diya,Night
2024-04-11 20:31:00,T1,No issue,0.0,2156,1887,Asha,Night
2024-07-17 20:45:00,L9,No issue,0.0,188,180,Asha,Day
2024-09-13 08:21:00,T1,No issue,0.0,7031,6823,Ben,Day
2024-05-16 21:49:00,L9,PM,3.0,2809,2439,Asha,Night
2024-04-18 00:52:00,P1,Quality stop,0.0,6034,5347,Asha,Night
2024-04-03 17:31:00,L8,No issue,0.0,9028,8057,Diya,Day
2024-02-17 23:04:00,T2,No issue,0.0,9438,8213,Chen,Night
2024-12-17 15:38:00,T1,Changeover,3.0,4898,4510,Diya,Day
2024-12-07 17:39:00,L8,No issue,0.0,10811,9263,Chen,Day
2024-10-16 06:28:00,P1,Breakdown,4.0,5386,5337,Chen,Night
2024-06-18 10:23:00,L8,Breakdown,0.0,852,810,Chen,Day
2024-02-15 03:12:00,T2,Breakdown,1.0,6013,5896,Evan,Day
2024-08-19 22:48:00,T1,Changeover,1.0,878,782,Chen,Day
2024-02-01 21:31:00,P1,Quality stop,0.0,916,880,Evan,Day
2024-04-22 19:40:00,T1,PM,2.0,9088,8524,Evan,Night
2024-08-22 05:03:00,T1,No issue,0.0,2358,2074,Asha,Day
2024-01-26 23:59:00,P1,No issue,0.0,11371,10221,Asha,Night
2024-01-17 12:18:00,T1,Changeover,0.0,6774,5948,Chen,Day
2024-03-22 08:23:00,L9,Breakdown,1.0,10673,10077,Chen,Day
2024-11-09 23:22:00,T1,PM,1.0,8933,7898,Ben,Day
2024-07-12 10:24:00,L8,No issue,0.0,5266,4853,Diya,Night
2024-03-11 13:52:00,T2,No issue,0.0,9950,9573,Chen,Day
2024-02-17 19:15:00,L9,No issue,0.0,2460,2277,Evan,Day
2024-11-01 22:11:00,T1,Breakdown,0.0,3280,3166,Ben,Night
2024-05-26 23:17:00,T1,Breakdown,0.0,5268,4807,Diya,Night
2024-02-24 04:47:00,T2,No issue,0.0,4437,3857,Asha,Night
2024-02-25 23:27:00,P1,No issue,0.0,2951,2544,Diya,Night
2024-07-05 22:24:00,P1,PM,2.0,996,922,Evan,Day
2024-12-16 02:17:00,L9,No issue,0.0,8352,7804,Evan,Day
2024-11-01 07:59:00,T2,Breakdown,1.0,7298,6829,Evan,Day
2024-11-12 18:45:00,P1,PM,1.0,3025,2933,Diya,Day
2024-02-26 02:55:00,T2,Changeover,1.0,3744,3379,Asha,Night
2024-01-28 04:16:00,P1,Breakdown,0.0,6257,6067,Diya,Day
2024-07-11 17:43:00,L8,Breakdown,1.0,11228,9721,Ben,Day
2024-10-16 11:58:00,L9,No issue,0.0,9294,8453,Asha,Day
2024-05-18 05:55:00,L8,Breakdown,1.0,532,517,Evan,Day
2024-06-04 21:30:00,L8,Quality stop,1.0,7067,6438,Diya,Day
2024-03-21 12:54:00,L8,No issue,0.0,265,255,Ben,Day
2024-09-23 07:50:00,L8,Breakdown,0.0,6538,6002,Ben,Day
2024-11-01 13:42:00,T1,Breakdown,0.0,931,893,Ben,Day
2024-07-17 11:48:00,T2,No issue,0.0,687,685,Chen,Day
2024-06-09 11:40:00,L9,Quality stop,0.0,11107,11067,Diya,Day
2024-03-10 23:06:00,T2,Breakdown,1.0,2786,2554,Asha,Night
2024-12-08 23:27:00,T2,No issue,0.0,4663,4620,Diya,Day
2024-09-14 00:15:00,P1,No issue,0.0,8340,7876,Unknown,Day
2024-04-05 17:54:00,T2,No issue,0.0,5282,5075,Chen,Night
2024-05-11 14:58:00,T2,PM,4.0,1722,1586,Evan,Day
2024-04-17 04:42:00,L9,No issue,0.0,701,665,Diya,Night
2024-10-14 12:23:00,T2,Quality stop,0.0,4942,4627,Chen,Day
2024-12-29 19:06:00,T2,Changeover,0.0,6076,5217,Chen,Night
2024-06-03 07:33:00,L9,No issue,0.0,6714,5733,Ben,Night
2024-07-02 19:42:00,T2,No issue,0.0,816,807,Diya,Day
2024-04-23 14:38:00,L8,No issue,0.0,671,633,Chen,Day
2024-08-02 03:48:00,T1,PM,1.0,6838,6795,Asha,Night
2024-05-29 02:37:00,T2,PM,4.0,1330,1303,Chen,Day
2024-08-28 02:54:00,T1,Breakdown,4.0,8024,7885,Ben,Day
2024-12-16 21:10:00,L8,No issue,0.0,4175,3899,Evan,Day
2024-08-23 13:40:00,T2,No issue,0.0,9726,8968,Chen,Night
2024-10-21 15:34:00,L9,No issue,0.0,9136,9133,Asha,Day
2024-03-17 12:45:00,T1,No issue,0.0,613,591,Ben,Day
2024-10-12 18:41:00,P1,Breakdown,1.0,9999,9560,Chen,Night
2024-03-21 03:19:00,T1,No issue,0.0,10064,8577,Unknown,Day
2024-10-17 00:06:00,T2,Breakdown,3.0,9986,8771,Chen,Day
2024-12-20 21:23:00,T1,Breakdown,4.0,5940,5147,Evan,Day
2024-04-14 11:54:00,T2,No issue,0.0,9498,9171,Ben,Day
2024-12-21 04:51:00,L8,PM,1.0,457,440,Ben,Night
2024-12-05 21:12:00,P1,No issue,0.0,1642,1502,Asha,Night
2024-08-25 06:55:00,L9,Changeover,0.0,566,560,Chen,Day
2024-05-30 05:18:00,P1,PM,0.0,10132,9197,Evan,Night
2024-04-17 08:20:00,T2,No issue,0.0,741,639,Asha,Night
2024-07-04 04:49:00,L9,Breakdown,1.0,371,350,Ben,Day
2024-09-27 15:09:00,P1,PM,0.0,9983,9763,Ben,Day
2024-07-11 18:29:00,L9,Breakdown,1.0,7580,6505,Chen,Night
2024-09-13 02:59:00,T1,No issue,0.0,10229,9494,Diya,Day
2024-04-26 18:50:00,T2,Breakdown,4.0,5997,5935,Ben,Day
2024-07-20 02:31:00,T1,Breakdown,4.0,4783,4766,Diya,Day
2024-08-27 05:57:00,T1,Quality stop,0.0,6402,5448,Diya,Day
2024-09-18 21:23:00,P1,No issue,0.0,4528,4439,Evan,Day
2024-07-16 18:26:00,T2,Breakdown,1.0,7246,6720,Ben,Night
2024-10-14 10:59:00,T1,PM,0.0,8249,7552,Asha,Night
2024-06-24 20:21:00,L8,PM,1.0,212,198,Evan,Day
2024-01-02 00:40:00,T2,No issue,0.0,8331,7477,Evan,Night
2024-01-09 20:21:00,P1,Quality stop,0.0,1359,1338,Chen,Day
2024-10-25 07:47:00,T2,No issue,0.0,9453,8934,Diya,Day
2024-04-25 06:56:00,P1,No issue,0.0,11445,11042,Ben,Night
2024-01-25 00:53:00,L8,Breakdown,0.0,6248,5720,Diya,Day
2024-06-06 04:50:00,P1,No issue,0.0,3667,3501,Unknown,Night
2024-03-24 18:46:00,T2,No issue,0.0,7648,6574,Diya,Night
2024-05-07 20:45:00,L9,No issue,0.0,11988,11835,Diya,Day
2024-03-07 13:19:00,L8,Changeover,0.0,8351,7333,Diya,Day
2024-04-09 13:39:00,L8,Breakdown,0.0,691,608,Unknown,Day
2024-02-24 23:38:00,L9,Breakdown,0.0,6768,6721,Evan,Day
2024-03-01 14:00:00,T2,Changeover,0.0,7563,7010,Evan,Day
2024-03-14 01:45:00,L8,No issue,0.0,3675,3640,Chen,Day
2024-07-04 13:22:00,T1,No issue,0.0,10500,9521,Evan,Day
2024-09-13 18:11:00,L8,Changeover,0.0,7755,7427,Diya,Night
2024-09-22 01:31:00,L9,No issue,0.0,9459,8415,Ben,Day
2024-08-15 10:07:00,T2,No issue,0.0,546,518,Ben,Day
2024-11-02 20:32:00,T1,No issue,0.0,3640,3470,Ben,Day
2024-10-22 23:05:00,T2,No issue,0.0,6842,5833,Asha,Day
2024-02-09 13:30:00,P1,No issue,0.0,3068,2647,Unknown,Day
2024-03-22 02:48:00,L8,No issue,0.0,9168,8489,Unknown,Day
2024-09-02 09:02:00,T1,Breakdown,2.0,1478,1464,Diya,Day
2024-02-01 23:28:00,L9,Breakdown,4.0,1801,1758,Diya,Night
2024-04-25 11:27:00,L8,Breakdown,1.0,609,544,Evan,Night
2024-03-15 05:52:00,L9,Changeover,0.0,11280,9996,Chen,Day
2024-03-13 15:40:00,L8,Breakdown,2.0,1508,1319,Evan,Night
2024-12-12 12:50:00,T1,Changeover,0.0,9339,9055,Evan,Night
2024-04-05 17:06:00,T2,Breakdown,0.0,6220,5862,Diya,Day
2024-05-16 14:05:00,T2,Quality stop,0.0,6624,5782,Ben,Day
2024-04-22 10:27:00,L9,No issue,0.0,1111,964,Asha,Night
2024-09-28 01:01:00,T1,Breakdown,4.0,11709,11223,Chen,Day
2024-06-28 21:42:00,P1,PM,2.0,2210,1989,Ben,Night
2024-04-05 08:27:00,L9,No issue,0.0,7619,6827,Evan,Day
2024-05-26 15:10:00,L8,Breakdown,0.0,3265,3183,Asha,Day
2024-06-11 14:05:00,L8,Breakdown,1.0,5583,5315,Evan,Day
2024-11-17 16:42:00,L9,No issue,0.0,10122,8741,Asha,Day
2024-03-17 23:42:00,T1,No issue,0.0,5682,5294,Ben,Night
2024-01-07 18:50:00,T2,No issue,0.0,5516,5210,Unknown,Night
2024-07-11 14:39:00,L8,No issue,0.0,4291,4113,Asha,Day
2024-01-08 11:24:00,T2,No issue,0.0,3631,3183,Chen,Day
2024-09-03 01:15:00,P1,PM,1.0,4995,4579,Chen,Day
2024-07-17 06:52:00,L9,Breakdown,0.0,1175,1109,Unknown,Night
2024-01-29 18:45:00,T2,Changeover,3.0,8453,7520,Asha,Day
2024-09-03 01:52:00,T1,No issue,0.0,2034,1895,Chen,Day
2024-06-29 18:32:00,L8,Quality stop,2.0,626,560,Ben,Day
2024-10-03 17:19:00,L9,Quality stop,1.0,4309,3805,Chen,Night
2024-06-04 17:08:00,T2,No issue,0.0,5197,4795,Ben,Day
2024-02-24 10:15:00,P1,PM,0.0,10343,8912,Asha,Night
2024-11-09 08:57:00,P1,PM,1.0,1508,1291,Asha,Night
2024-06-25 15:56:00,T1,No issue,0.0,3753,3372,Diya,Night
2024-01-06 21:41:00,L9,No issue,0.0,7035,6775,Diya,Night
2024-04-20 22:21:00,L8,Quality stop,0.0,2291,2066,Ben,Day
2024-12-30 17:12:00,L9,PM,2.0,9627,9325,Ben,Night
2024-03-22 07:47:00,T2,Breakdown,4.0,8383,7729,Diya,Day
2024-04-30 09:15:00,P1,Quality stop,2.0,5989,5283,Diya,Day
2024-06-23 19:14:00,P1,Changeover,1.0,9293,8742,Diya,Night
2024-10-28 03:41:00,L9,Changeover,0.0,2394,2049,Asha,Night
2024-07-01 05:23:00,T1,Breakdown,1.0,11064,10517,Chen,Day
2024-09-09 11:24:00,T2,Quality stop,4.0,7468,7149,Diya,Day
2024-01-14 08:23:00,L8,PM,1.0,11459,10288,Chen,Day
2024-04-12 01:24:00,L9,Breakdown,0.0,192,171,Ben,Day
2024-11-09 03:35:00,T2,Quality stop,1.0,5685,5685,Diya,Day
2024-06-19 16:14:00,L9,Quality stop,1.0,1643,1612,Diya,Day
2024-02-03 11:26:00,T2,No issue,0.0,391,332,Diya,Day
2024-02-27 18:58:00,L8,Breakdown,2.0,2196,2087,Chen,Night
2024-12-14 18:38:00,P1,No issue,0.0,2084,2077,Chen,Night
2024-11-04 05:59:00,L8,No issue,0.0,10518,10518,Ben,Night
2024-05-12 04:52:00,L8,No issue,0.0,2885,2747,Chen,Day
2024-06-05 01:25:00,L9,Breakdown,0.0,1242,1236,Diya,Day
2024-01-14 11:19:00,T1,Breakdown,1.0,392,352,Ben,Night
2024-11-12 11:03:00,T2,No issue,0.0,6632,5698,Evan,Night
2024-05-14 17:18:00,P1,Breakdown,1.0,10534,9242,Chen,Night
2024-08-29 10:36:00,T1,No issue,0.0,7672,6929,Asha,Day
2024-08-15 06:24:00,T2,Breakdown,0.0,4780,4760,Asha,Day
2024-03-18 05:02:00,L8,Breakdown,0.0,6514,6258,Diya,Night
2024-01-17 17:09:00,L9,Breakdown,2.0,7160,6945,Diya,Day
2024-03-04 14:34:00,L8,No issue,0.0,6734,5827,Ben,Night
2024-03-12 10:29:00,T1,PM,0.0,4374,3946,Evan,Day
2024-07-21 13:59:00,T2,No issue,0.0,3773,3305,Ben,Day
2024-09-10 02:09:00,T1,Quality stop,4.0,3983,3827,Evan,Day
2024-12-10 16:35:00,L9,Breakdown,1.0,1458,1380,Asha,Day
2024-09-06 22:06:00,L9,PM,1.0,10587,9857,Evan,Night
2024-07-12 05:27:00,T2,No issue,0.0,9667,8704,Ben,Night
2024-11-09 19:32:00,P1,Quality stop,2.0,9922,9793,Ben,Day
2024-01-13 22:53:00,L8,Breakdown,0.0,4506,4057,Asha,Night
2024-04-01 04:15:00,L8,PM,2.0,10525,9615,Evan,Day
2024-03-09 18:50:00,P1,Breakdown,2.0,9759,8865,Unknown,Day
2024-10-07 12:25:00,P1,Quality stop,2.0,5852,5354,Chen,Night
2024-05-17 21:49:00,T2,Breakdown,1.0,9575,9029,Asha,Night
2024-01-14 01:20:00,P1,No issue,0.0,5976,5815,Ben,Night
2024-06-27 08:26:00,P1,No issue,0.0,855,783,Evan,Night
2024-10-28 07:51:00,P1,No issue,0.0,6746,6587,Ben,Night
2024-05-15 14:06:00,T1,PM,1.0,2762,2588,Asha,Day
2024-05-11 12:54:00,L9,Changeover,1.0,1337,1149,Ben,Day
2024-05-10 22:47:00,P1,No issue,0.0,1902,1758,Ben,Night
2024-03-13 20:52:00,T1,No issue,0.0,10887,9383,Chen,Day
2024-05-07 17:50:00,T2,Quality stop,3.0,6923,6808,Ben,Night
2024-09-24 15:52:00,P1,No issue,0.0,6831,6381,Diya,Night
2024-01-09 03:50:00,L8,No issue,0.0,5204,4849,Asha,Day
2024-10-12 21:31:00,T1,Breakdown,1.0,417,416,Diya,Day
2024-01-18 05:36:00,L9,Changeover,2.0,10326,9158,Diya,Day
2024-08-05 19:19:00,P1,No issue,0.0,2704,2387,Diya,Day
2024-08-25 18:46:00,T1,No issue,0.0,671,662,Evan,Day
2024-10-05 23:14:00,P1,PM,2.0,6273,5593,Chen,Day
2024-08-05 13:33:00,L9,Breakdown,0.0,5927,5644,Diya,Night
2024-03-17 16:43:00,L8,No issue,0.0,7271,7002,Asha,Day
2024-02-10 21:54:00,T2,PM,1.0,2295,2060,Asha,Night
2024-06-19 10:59:00,T2,No issue,0.0,7550,7248,Evan,Day
2024-09-30 07:12:00,T1,PM,0.0,7767,6804,Chen,Night
2024-04-09 16:57:00,L9,PM,0.0,3416,3295,Ben,Night
2024-11-05 01:05:00,T2,PM,2.0,6240,5764,Asha,Day
2024-12-01 03:17:00,P1,No issue,0.0,10309,8886,Diya,Day
2024-07-10 03:21:00,T1,Breakdown,1.0,6957,6062,Chen,Day
2024-11-23 22:46:00,T2,PM,4.0,3149,2756,Evan,Night
2024-09-28 15:28:00,T1,No issue,0.0,4929,4733,Chen,Day
2024-05-04 19:34:00,L9,PM,1.0,2254,2055,Asha,Night
2024-01-31 20:34:00,T1,No issue,0.0,2204,2182,Ben,Day
2024-12-27 02:39:00,T2,PM,0.0,10185,9315,Chen,Night
2024-02-21 08:50:00,L9,Breakdown,1.0,4907,4602,Diya,Day
2024-12-28 10:48:00,L9,Breakdown,0.0,3256,3062,Evan,Day
2024-09-26 19:37:00,L9,Breakdown,0.0,2878,2543,Diya,Day
2024-03-08 05:29:00,P1,No issue,0.0,3807,3551,Diya,Day
2024-10-16 05:11:00,L8,No issue,0.0,6380,6038,Chen,Night
2024-09-23 10:49:00,T2,No issue,0.0,6386,5703,Ben,Day
2024-08-21 00:24:00,T1,Changeover,0.0,6696,6447,Diya,Day
2024-08-01 22:33:00,T2,No issue,0.0,10429,10154,Diya,Day
2024-02-24 14:20:00,T2,No issue,0.0,3921,3530,Chen,Night
2024-02-12 19:26:00,L8,Breakdown,0.0,5265,4640,Ben,Day
2024-03-04 13:33:00,L9,No issue,0.0,5187,5071,Diya,Night
2024-09-16 06:42:00,P1,Breakdown,1.0,6296,5651,Asha,Day
2024-01-03 04:01:00,T1,Changeover,1.0,9779,9183,Chen,Night
2024-03-22 08:23:00,L8,No issue,0.0,5644,5443,Ben,Night
2024-04-09 07:12:00,P1,PM,4.0,8860,8155,Chen,Day
2024-08-17 03:42:00,T1,No issue,0.0,1797,1673,Chen,Day
2024-04-21 23:10:00,P1,Changeover,1.0,2685,2647,Evan,Night
2024-07-14 02:43:00,L8,Changeover,0.0,9149,9030,Chen,Night
2024-05-27 09:41:00,L8,No issue,0.0,3799,3644,Diya,Day
2024-08-31 07:18:00,T1,Breakdown,2.0,5022,4633,Ben,Day
2024-10-12 15:03:00,L9,Breakdown,0.0,7317,6425,Unknown,Night
2024-03-13 17:47:00,L8,No issue,0.0,988,847,Diya,Day
2024-03-29 01:59:00,P1,No issue,0.0,7129,6700,Evan,Night
2024-09-28 07:14:00,L9,No issue,0.0,808,776,Asha,Night
2024-03-17 16:00:00,L9,Breakdown,1.0,4221,3736,Chen,Day
2024-06-07 18:39:00,P1,Changeover,0.0,9251,8130,Chen,Night
2024-03-16 04:24:00,L8,No issue,0.0,11841,10929,Ben,Night
2024-12-05 07:42:00,T2,Quality stop,1.0,3050,2602,Evan,Night
2024-08-12 15:15:00,L9,No issue,0.0,6752,6645,Evan,Day
2024-04-16 13:23:00,T1,Quality stop,0.0,6106,5696,Diya,Day
2024-02-27 17:19:00,P1,No issue,0.0,11877,10446,Chen,Day
2024-11-06 10:34:00,T2,Breakdown,2.0,9680,9338,Ben,Day
2024-05-04 15:26:00,P1,PM,1.0,10450,9496,Diya,Night
2024-08-12 21:44:00,T2,No issue,0.0,133,126,Ben,Day
2024-07-07 03:02:00,P1,No issue,0.0,2714,2696,Ben,Day
2024-08-18 02:52:00,L8,No issue,0.0,1936,1744,Evan,Day
2024-08-08 03:51:00,T2,Breakdown,2.0,8942,8786,Chen,Night
2024-06-27 14:44:00,T2,Breakdown,1.0,3015,2769,Diya,Day
2024-03-18 19:11:00,L9,No issue,0.0,1908,1863,Ben,Day
2024-01-10 12:41:00,P1,No issue,0.0,523,520,Asha,Day
2024-06-17 13:11:00,T2,Quality stop,1.0,4888,4245,Diya,Day
2024-04-06 06:21:00,L9,PM,0.0,505,467,Chen,Night
2024-02-16 19:41:00,T2,Quality stop,4.0,3874,3674,Diya,Day
2024-05-05 14:55:00,L9,No issue,0.0,8349,7763,Diya,Night
2024-11-08 04:55:00,L9,PM,3.0,4808,4266,Asha,Day
2024-12-20 20:02:00,T1,No issue,0.0,8719,7612,Chen,Night
2024-11-15 16:44:00,L8,No issue,0.0,4764,4361,Chen,Day
2024-09-23 21:23:00,T2,No issue,0.0,9344,8755,Diya,Day
2024-05-08 20:40:00,P1,No issue,0.0,5630,5487,Diya,Day
2024-10-20 15:31:00,L9,Breakdown,0.0,5606,5354,Diya,Day
2024-09-30 22:01:00,T1,Changeover,3.0,324,287,Diya,Day
2024-04-13 23:45:00,T1,Breakdown,1.0,526,498,Unknown,Night
2024-01-13 02:08:00,P1,No issue,0.0,1069,926,Evan,Night
2024-04-05 20:42:00,T1,Changeover,2.0,4678,4107,Asha,Night
2024-03-02 08:31:00,T2,No issue,0.0,8169,8091,Chen,Day
2024-12-25 13:27:00,T2,PM,2.0,1898,1613,Evan,Night
2024-11-27 17:07:00,P1,Breakdown,1.0,472,451,Chen,Night
2024-05-23 16:18:00,T1,No issue,0.0,8308,7223,Unknown,Day
2024-01-16 07:04:00,T2,Changeover,1.0,2499,2152,Diya,Night
2024-01-12 13:13:00,L8,No issue,0.0,6857,6631,Asha,Day
2024-08-22 12:39:00,L8,No issue,0.0,6211,6201,Diya,Day
2024-01-22 15:49:00,T1,PM,0.0,9288,9023,Asha,Day
2024-05-02 03:08:00,L9,PM,0.0,6791,5991,Unknown,Day
2024-02-19 15:49:00,T2,Breakdown,0.0,1902,1841,Asha,Night
2024-01-15 07:19:00,P1,No issue,0.0,4931,4582,Evan,Night
2024-01-06 15:07:00,L8,Breakdown,2.0,10734,10088,Chen,Night
2024-10-08 04:00:00,L8,No issue,0.0,3765,3451,Diya,Day
2024-03-01 18:36:00,T2,PM,0.0,5473,5398,Evan,Day
2024-12-08 08:35:00,L9,PM,2.0,11059,9784,Unknown,Night
2024-06-07 12:55:00,T1,No issue,0.0,6990,6659,Chen,Day
2024-06-12 22:45:00,L8,No issue,0.0,5244,4921,Evan,Night
2024-04-17 15:30:00,L8,Quality stop,1.0,3045,2667,Chen,Day
2024-04-24 01:23:00,L8,No issue,0.0,2430,2094,Chen,Day
2024-11-24 18:47:00,T2,Breakdown,4.0,5012,4531,Ben,Day
2024-12-09 06:36:00,T2,No issue,0.0,9414,8317,Evan,Day
2024-08-09 01:03:00,T1,Breakdown,0.0,2185,2073,Evan,Day
2024-06-05 11:40:00,T1,Quality stop,0.0,10113,9045,Asha,Night
2024-08-30 22:34:00,L8,PM,1.0,8675,8410,Evan,Day
2024-09-01 07:51:00,T2,Changeover,3.0,2378,2168,Diya,Day
2024-02-05 01:21:00,T1,No issue,0.0,1133,964,Diya,Day
2024-04-02 08:05:00,T1,No issue,0.0,10198,9471,Diya,Day
2024-07-15 23:53:00,P1,PM,1.0,1845,1745,Chen,Day
2024-02-27 23:31:00,L9,Breakdown,0.0,1852,1827,Asha,Night
2024-04-26 16:29:00,T1,No issue,0.0,2052,1929,Chen,Day
2024-08-10 02:06:00,P1,Changeover,0.0,6411,5934,Asha,Day
2024-08-09 21:58:00,P1,Breakdown,2.0,1998,1782,Ben,Day
2024-04-29 15:21:00,P1,No issue,0.0,1349,1239,Evan,Night
2024-05-03 03:20:00,T1,No issue,0.0,535,509,Diya,Night
2024-11-17 06:19:00,T1,No issue,0.0,5044,4591,Ben,Day
2024-04-26 15:52:00,L9,PM,2.0,10422,9973,Chen,Night
2024-08-02 12:03:00,L8,Quality stop,1.0,6718,5822,Chen,Night
2024-05-15 16:43:00,P1,PM,0.0,148,135,Asha,Day
2024-03-28 22:03:00,T1,PM,3.0,11672,10803,Chen,Night
2024-01-29 12:31:00,L9,Changeover,1.0,584,575,Evan,Night
2024-08-04 03:54:00,T2,No issue,0.0,6722,6099,Diya,Night
2024-06-04 00:43:00,L9,No issue,0.0,11833,10635,Chen,Day
2024-06-27 09:29:00,P1,PM,1.0,11389,10298,Evan,Day
2024-09-03 05:15:00,T2,No issue,0.0,6654,5846,Asha,Night
2024-07-29 15:42:00,P1,No issue,0.0,231,225,Asha,Night
2024-11-07 21:13:00,L8,No issue,0.0,2372,2324,Evan,Night
2024-06-17 08:31:00,L9,Breakdown,3.0,3444,3134,Ben,Night
2024-01-11 10:37:00,L8,No issue,0.0,954,859,Asha,Day
2024-04-08 14:06:00,T2,Breakdown,0.0,10809,10216,Ben,Night
2024-05-23 05:34:00,T1,Quality stop,0.0,3965,3944,Ben,Day
2024-07-08 12:16:00,L8,Changeover,2.0,9873,9794,Evan,Day
2024-07-16 15:49:00,L9,Breakdown,0.0,10770,10159,Asha,Night
2024-10-02 16:00:00,T1,Breakdown,2.0,11912,11263,Chen,Night
2024-10-02 18:45:00,P1,No issue,0.0,752,699,Asha,Night
2024-03-15 00:13:00,L8,PM,0.0,4026,3472,Diya,Night
2024-07-16 07:37:00,T2,Breakdown,1.0,11490,11311,Diya,Day
2024-07-18 10:49:00,T1,No issue,0.0,11163,11039,Chen,Night
2024-08-22 10:15:00,L8,No issue,0.0,1709,1657,Diya,Night
2024-09-20 03:36:00,P1,Changeover,0.0,952,931,Chen,Day
2024-06-02 06:50:00,P1,PM,4.0,11727,10936,Diya,Night
2024-06-15 13:13:00,L9,Quality stop,0.0,9202,8413,Asha,Night
2024-03-29 11:04:00,P1,Breakdown,0.0,7673,6789,Ben,Day
2024-01-19 17:46:00,P1,No issue,0.0,8906,8399,Asha,Day
2024-03-06 22:10:00,T1,No issue,0.0,6271,5331,Asha,Day
2024-06-14 07:06:00,L8,No issue,0.0,10971,10544,Chen,Day
2024-01-16 15:52:00,L8,PM,0.0,1721,1702,Chen,Day
2024-08-06 18:52:00,T2,No issue,0.0,4001,3665,Chen,Day
2024-11-22 08:24:00,T2,Changeover,0.0,1054,930,Evan,Night
2024-06-11 12:00:00,T2,No issue,0.0,8867,8167,Asha,Day
2024-07-26 07:55:00,T2,Changeover,2.0,3117,3012,Ben,Night
2024-12-26 20:20:00,T2,PM,1.0,9392,9065,Evan,Night
2024-10-28 17:19:00,P1,Breakdown,0.0,5384,5144,Evan,Night
2024-07-15 18:16:00,L8,No issue,0.0,8183,7548,Diya,Day
2024-04-01 18:53:00,T1,Quality stop,3.0,4148,3773,Chen,Night
2024-07-18 13:32:00,T1,Breakdown,3.0,9905,9292,Diya,Day
2024-07-23 01:11:00,T1,PM,0.0,1441,1275,Asha,Night
2024-09-04 22:28:00,L8,Breakdown,1.0,3329,3319,Evan,Night
2024-11-26 08:55:00,L8,Breakdown,4.0,6918,5902,Asha,Night
2024-07-27 19:41:00,L8,Breakdown,0.0,570,553,Evan,Day
2024-10-21 15:37:00,T1,No issue,0.0,9076,8856,Chen,Day
2024-09-14 02:39:00,L8,No issue,0.0,3337,3284,Ben,Day
2024-11-27 16:05:00,T2,Quality stop,1.0,4674,4170,Ben,Night
2024-05-29 22:38:00,P1,No issue,0.0,1062,915,Asha,Day
2024-12-12 13:42:00,T2,Breakdown,1.0,705,679,Ben,Day
2024-04-25 21:10:00,T2,Changeover,1.0,2454,2279,Diya,Night
2024-11-15 08:36:00,L9,No issue,0.0,7633,7370,Diya,Day
2024-10-20 03:22:00,L8,Breakdown,0.0,11393,10102,Diya,Night
2024-03-01 12:11:00,L8,Changeover,0.0,7734,6775,Ben,Night
2024-12-23 14:59:00,P1,Breakdown,0.0,3052,2686,Chen,Day
2024-08-28 09:40:00,L9,No issue,0.0,9049,8286,Evan,Day
2024-07-26 21:46:00,L8,Changeover,0.0,11867,11272,Evan,Day
2024-03-11 02:50:00,P1,No issue,0.0,7419,6310,Asha,Day
2024-01-31 14:38:00,T1,Quality stop,4.0,9998,9297,Chen,Night
2024-11-17 23:21:00,T1,Breakdown,1.0,1210,1119,Chen,Night
2024-10-21 23:37:00,T1,No issue,0.0,9492,8249,Ben,Day
2024-07-08 17:12:00,L8,No issue,0.0,5885,5267,Ben,Night
2024-06-29 01:10:00,L9,Breakdown,0.0,7846,6876,Chen,Day
2024-03-28 14:41:00,T2,Changeover,2.0,6602,5645,Diya,Day
2024-11-23 21:39:00,P1,Breakdown,4.0,2798,2780,Ben,Night
2024-01-22 14:18:00,P1,PM,0.0,8621,8392,Diya,Day
2024-10-11 12:03:00,P1,Breakdown,0.0,2775,2505,Chen,Day
2024-09-29 20:15:00,L8,No issue,0.0,5170,5044,Ben,Day
2024-05-29 22:47:00,T1,Breakdown,0.0,7063,6373,Evan,Day
2024-10-25 21:50:00,L8,Breakdown,0.0,4465,3916,Ben,Night
2024-06-20 04:25:00,L8,No issue,0.0,2475,2208,Ben,Night
2024-02-19 07:26:00,P1,Breakdown,0.0,4175,3855,Evan,Day
2024-04-25 20:54:00,P1,Breakdown,1.0,5273,4920,Evan,Night
2024-12-10 01:13:00,T1,No issue,0.0,11662,10620,Evan,Day
2024-07-21 01:58:00,L9,No issue,0.0,5976,5134,Ben,Day
2024-07-17 01:07:00,T2,No issue,0.0,1760,1616,Chen,Day
2024-01-15 13:25:00,T1,PM,1.0,11400,10281,Evan,Day
2024-06-14 04:54:00,T2,PM,2.0,6784,6682,Evan,Day
2024-04-28 08:17:00,L9,No issue,0.0,9867,9043,Diya,Day
2024-11-29 11:45:00,T1,PM,0.0,1,0,Asha,Day
2024-02-20 00:14:00,L9,Quality stop,1.0,9802,8412,Ben,Day
2024-09-06 19:29:00,L8,Changeover,0.0,11254,10217,Asha,Night
2024-08-16 13:26:00,T2,No issue,0.0,3456,3231,Chen,Day
2024-08-03 13:45:00,L9,Breakdown,0.0,2255,2164,Diya,Night
2024-08-07 00:37:00,T2,Quality stop,2.0,6091,5919,Asha,Night
2024-02-27 01:45:00,L9,No issue,0.0,1350,1256,Unknown,Day
2024-03-01 08:33:00,T1,Changeover,2.0,8533,7993,Evan,Day
2024-07-29 03:59:00,L8,Breakdown,1.0,11423,9849,Chen,Night
2024-05-13 07:01:00,T2,PM,2.0,6749,6238,Evan,Day
2024-08-16 08:56:00,T1,No issue,0.0,11015,9830,Evan,Day
2024-08-18 13:54:00,L8,No issue,0.0,7050,6455,Ben,Night
2024-05-15 06:54:00,P1,No issue,0.0,4075,3680,Unknown,Day
2024-10-11 12:18:00,L9,No issue,0.0,906,883,Chen,Day
2024-01-02 13:14:00,L8,No issue,0.0,5348,5289,Diya,Day
2024-08-06 10:28:00,T2,Breakdown,0.0,10769,9373,Diya,Night
2024-04-09 05:28:00,T2,Quality stop,2.0,10054,9501,Ben,Day
2024-05-24 17:16:00,P1,No issue,0.0,10135,9936,Asha,Day
2024-11-01 01:03:00,L9,Changeover,0.0,4461,4021,Diya,Day
2024-06-30 21:49:00,T2,Breakdown,2.0,6174,6128,Diya,Day
2024-05-30 13:09:00,L8,Quality stop,0.0,3342,3125,Evan,Day
2024-09-26 09:32:00,P1,Breakdown,1.0,763,710,Ben,Day
2024-03-21 08:56:00,L8,Breakdown,0.0,5499,5160,Diya,Day
2024-02-10 04:26:00,P1,No issue,0.0,4265,3754,Evan,Night
2024-11-11 13:51:00,L9,No issue,0.0,623,611,Diya,Day
2024-12-11 16:57:00,T1,Breakdown,0.0,9280,8149,Diya,Day
2024-12-13 15:14:00,L8,Breakdown,0.0,5856,5334,Chen,Day
2024-11-25 20:50:00,L9,No issue,0.0,6479,6339,Diya,Day
2024-12-17 01:42:00,L8,PM,1.0,6382,5716,Chen,Night
2024-06-28 02:38:00,L9,Breakdown,1.0,7496,6467,Chen,Night
2024-04-28 08:16:00,L9,Breakdown,1.0,3452,3276,Diya,Night
2024-02-01 22:13:00,L9,No issue,0.0,11602,10629,Asha,Night
2024-12-27 16:10:00,T1,Quality stop,2.0,7678,6889,Ben,Day
2024-09-23 02:57:00,T1,Breakdown,2.0,6488,5577,Asha,Day
2024-06-28 18:24:00,T2,Breakdown,0.0,2955,2839,Ben,Day
2024-07-10 17:56:00,P1,No issue,0.0,102,89,Asha,Night
2024-08-03 07:41:00,L9,Breakdown,3.0,7745,7096,Evan,Day
2024-03-07 20:25:00,L9,No issue,0.0,6889,5958,Diya,Night
2024-12-19 15:01:00,P1,No issue,0.0,1076,1055,Ben,Day
2024-12-27 11:21:00,T1,Quality stop,2.0,9386,8695,Ben,Night
2024-06-14 02:16:00,T1,No issue,0.0,7037,6179,Asha,Night
2024-12-20 04:44:00,L9,Changeover,1.0,11292,10207,Ben,Day
2024-08-25 19:52:00,L9,Quality stop,4.0,10226,9126,Unknown,Night
2024-09-14 17:16:00,T2,No issue,0.0,1522,1345,Evan,Night
2024-03-02 13:27:00,L8,Breakdown,1.0,1909,1679,Diya,Day
2024-09-11 09:20:00,T2,Breakdown,0.0,10704,9442,Ben,Day
2024-06-09 14:09:00,L8,No issue,0.0,5287,4518,Ben,Day
2024-12-13 06:02:00,T2,No issue,0.0,1273,1108,Chen,Day
2024-09-27 11:36:00,T1,No issue,0.0,7530,6780,Diya,Day
2024-11-03 11:44:00,P1,No issue,0.0,716,642,Diya,Day
2024-08-12 05:20:00,T1,Breakdown,2.0,6614,5963,Evan,Day
2024-03-19 04:03:00,T1,Breakdown,2.0,11587,10713,Chen,Night
2024-08-09 20:37:00,T2,PM,1.0,4757,4587,Ben,Night
2024-10-25 04:26:00,T1,No issue,0.0,6942,6220,Asha,Night
2024-03-04 10:46:00,T2,PM,2.0,1892,1631,Ben,Day
2024-12-07 23:45:00,L9,Breakdown,0.0,6787,5932,Chen,Day
2024-11-03 04:26:00,P1,Changeover,1.0,206,193,Chen,Day
2024-01-18 06:22:00,T1,No issue,0.0,10653,9113,Diya,Night
2024-01-17 04:52:00,T1,PM,0.0,114,109,Chen,Day
2024-08-19 06:16:00,T1,No issue,0.0,4072,3655,Asha,Night
2024-12-25 23:37:00,T1,No issue,0.0,10584,10481,Diya,Day
2024-02-26 13:18:00,P1,No issue,0.0,5476,5014,Ben,Day
2024-11-12 17:47:00,T1,PM,1.0,4325,4306,Chen,Night
2024-11-20 13:42:00,T2,PM,4.0,9591,8861,Evan,Night
2024-08-11 22:03:00,T1,Changeover,0.0,902,855,Evan,Night
2024-11-25 11:02:00,L8,Changeover,0.0,11054,9754,Asha,Day
2024-05-09 10:13:00,P1,Quality stop,1.0,11784,10356,Diya,Night
2024-03-13 13:17:00,L9,Changeover,0.0,6668,6109,Chen,Night
2024-07-29 22:17:00,P1,PM,1.0,866,830,Diya,Night
2024-06-17 03:40:00,L9,No issue,0.0,1559,1482,Chen,Day
2024-03-13 14:36:00,L8,Breakdown,1.0,11949,11284,Evan,Day
2024-04-30 21:42:00,T2,No issue,0.0,10779,10455,Chen,Night
2024-02-28 10:39:00,T2,Changeover,4.0,7423,6900,Ben,Night
2024-06-13 20:34:00,P1,No issue,0.0,507,494,Evan,Night
2024-02-18 13:55:00,P1,No issue,0.0,3899,3575,Diya,Day
2024-01-26 02:51:00,L9,No issue,0.0,8177,8101,Evan,Day
2024-08-06 03:26:00,L9,Changeover,0.0,5093,4730,Asha,Night
2024-03-10 20:48:00,T1,Breakdown,3.0,1873,1668,Diya,Night
2024-02-13 09:00:00,P1,No issue,0.0,9179,8862,Unknown,Night
2024-12-05 03:41:00,L9,Changeover,4.0,8257,8146,Chen,Night
2024-01-07 12:43:00,L8,Breakdown,1.0,592,581,Chen,Night
2024-02-23 07:18:00,T1,No issue,0.0,2797,2585,Evan,Day
2024-12-01 12:32:00,L8,No issue,0.0,3160,3101,Diya,Night
2024-08-17 20:01:00,T2,Changeover,1.0,2835,2698,Asha,Day
2024-09-14 07:38:00,L8,PM,0.0,11263,10929,Unknown,Day
2024-11-12 05:09:00,T1,No issue,0.0,9350,9034,Evan,Day
2024-11-06 12:43:00,T1,Breakdown,1.0,3524,3316,Unknown,Night
2024-06-05 07:54:00,T2,No issue,0.0,4570,4395,Diya,Day
2024-10-04 20:59:00,T1,No issue,0.0,1705,1475,Diya,Night
2024-02-04 09:21:00,T1,No issue,0.0,11677,10261,Asha,Day
2024-11-23 21:45:00,T1,No issue,0.0,4542,3921,Ben,Night
2024-02-29 00:31:00,T2,Quality stop,0.0,5073,4582,Asha,Day
2024-03-05 09:21:00,P1,PM,1.0,5994,5142,Asha,Day
2024-08-20 04:55:00,L8,No issue,0.0,3515,3372,Diya,Night
2024-06-06 18:51:00,L8,Breakdown,1.0,8418,8291,Asha,Night
2024-06-14 02:52:00,P1,No issue,0.0,10708,10198,Evan,Night
2024-05-03 03:58:00,L8,Breakdown,1.0,11606,11216,Asha,Day
2024-04-14 01:43:00,P1,Breakdown,1.0,7279,6353,Ben,Day
2024-11-07 06:14:00,T2,No issue,0.0,4550,4094,Diya,Day
2024-08-16 11:30:00,L8,Quality stop,0.0,5173,4823,Diya,Day
2024-11-25 14:57:00,T2,PM,0.0,2865,2615,Ben,Day
2024-05-23 21:16:00,T2,No issue,0.0,1208,1129,Diya,Day
2024-09-18 20:05:00,T2,Breakdown,1.0,1806,1753,Chen,Night
2024-05-02 16:38:00,L9,Breakdown,1.0,9286,9196,Asha,Day
2024-01-08 23:53:00,L9,Breakdown,0.0,7989,7570,Ben,Day
2024-11-19 16:25:00,T1,No issue,0.0,10562,10108,Asha,Night
2024-04-07 01:08:00,L8,Breakdown,1.0,3718,3603,Ben,Night
2024-10-18 16:34:00,L8,Breakdown,4.0,4338,4210,Chen,Day
2024-02-06 04:15:00,T2,No issue,0.0,11243,10140,Asha,Night
2024-04-12 20:58:00,P1,No issue,0.0,3272,3132,Evan,Night
2024-06-23 15:36:00,L9,No issue,0.0,3031,2714,Ben,Night
2024-02-29 12:18:00,L9,PM,4.0,8048,7349,Asha,Night
2024-11-15 20:46:00,L8,Breakdown,0.0,2768,2621,Evan,Day
2024-11-17 11:48:00,T1,PM,4.0,10213,10104,Chen,Night
2024-01-02 00:55:00,T1,Breakdown,0.0,294,281,Unknown,Night
2024-12-15 09:09:00,L9,Breakdown,0.0,11482,10205,Diya,Day
2024-10-19 15:43:00,T1,PM,3.0,1413,1386,Evan,Day
2024-07-05 10:50:00,T2,No issue,0.0,9830,8555,Diya,Day
2024-07-23 15:15:00,L9,Changeover,2.0,8698,8283,Evan,Night
2024-08-18 15:01:00,P1,No issue,0.0,4996,4406,Ben,Day
2024-03-09 05:41:00,T2,PM,0.0,5072,4758,Evan,Day
2024-08-25 06:37:00,L8,PM,1.0,11792,10215,Asha,Night
2024-04-05 00:16:00,L9,Quality stop,0.0,9815,8496,Evan,Day
2024-08-14 03:08:00,L8,No issue,0.0,3334,2926,Ben,Night
2024-12-30 09:10:00,L9,Changeover,1.0,2367,2318,Ben,Day
2024-03-23 10:59:00,T2,Breakdown,1.0,4225,3851,Evan,Night
2024-08-10 10:16:00,T1,Quality stop,1.0,2480,2364,Diya,Night
2024-06-14 17:46:00,L8,Breakdown,1.0,6205,6084,Evan,Day
2024-07-30 20:24:00,T2,Breakdown,4.0,3707,3573,Evan,Day
2024-04-15 18:54:00,T1,Breakdown,1.0,8302,8202,Chen,Day
2024-07-20 23:02:00,T2,No issue,0.0,2766,2714,Unknown,Day
2024-04-26 04:22:00,L9,No issue,0.0,4815,4419,Chen,Night
2024-06-22 10:13:00,T2,No issue,0.0,3308,3043,Diya,Night
2024-02-03 20:53:00,L8,No issue,0.0,6738,5960,Ben,Night
2024-06-09 03:53:00,L8,No issue,0.0,5614,5370,Evan,Night
2024-12-24 10:54:00,P1,Breakdown,0.0,11062,10356,Asha,Night
2024-02-13 00:04:00,L9,Breakdown,2.0,5934,5106,Diya,Day
2024-10-14 22:20:00,P1,PM,4.0,10821,9949,Diya,Night
2024-08-24 09:59:00,L8,No issue,0.0,7366,6616,Ben,Night
2024-01-23 19:46:00,T1,Quality stop,0.0,9101,8499,Asha,Day
2024-06-15 02:18:00,P1,No issue,0.0,5215,4664,Ben,Night
2024-10-11 03:29:00,L8,Quality stop,2.0,9314,9169,Ben,Night
2024-04-04 21:04:00,T1,No issue,0.0,6649,6222,Chen,Day
2024-05-19 20:52:00,L9,Breakdown,1.0,987,903,Diya,Night
2024-11-19 18:30:00,T2,Changeover,0.0,6145,5788,Evan,Day
2024-08-19 04:12:00,T1,Quality stop,4.0,3341,3242,Chen,Day
2024-07-20 22:24:00,T2,Breakdown,1.0,7368,7119,Diya,Day
2024-02-04 04:37:00,T2,No issue,0.0,2743,2689,Asha,Night
2024-03-16 00:34:00,P1,No issue,0.0,11134,10343,Evan,Day
2024-02-12 18:36:00,L8,Changeover,0.0,277,236,Diya,Day
2024-04-01 19:30:00,P1,Breakdown,2.0,1305,1131,Evan,Night
2024-04-08 05:46:00,T2,Changeover,0.0,5284,4579,Evan,Day
2024-12-02 09:03:00,T1,PM,0.0,3763,3741,Asha,Day
2024-09-19 22:20:00,T2,Changeover,0.0,3687,3295,Ben,Night
2024-01-15 15:32:00,T1,No issue,0.0,7955,7175,Ben,Night
2024-06-12 20:19:00,L8,No issue,0.0,1595,1488,Diya,Night
2024-06-16 04:51:00,T2,No issue,0.0,10641,9193,Chen,Night
2024-12-09 06:33:00,L9,No issue,0.0,10350,10213,Asha,Day
2024-06-14 23:01:00,T1,Quality stop,1.0,11135,11074,Asha,Day
2024-01-28 14:06:00,L8,Breakdown,0.0,3312,3303,Asha,Night
2024-02-05 19:39:00,L8,PM,3.0,5822,5812,Evan,Night
2024-01-01 13:47:00,P1,PM,3.0,10323,9337,Chen,Day
2024-07-08 23:11:00,L9,Breakdown,1.0,1421,1312,Evan,Night
2024-07-22 01:36:00,T2,PM,1.0,7689,7562,Evan,Day
2024-08-12 07:55:00,L9,Quality stop,1.0,843,769,Diya,Day
2024-05-07 02:41:00,T2,Breakdown,1.0,846,742,Chen,Night
2024-07-25 20:03:00,L8,Changeover,0.0,8682,8453,Asha,Day
2024-07-06 17:44:00,P1,No issue,0.0,3553,3547,Asha,Night
2024-08-27 13:36:00,T1,Changeover,4.0,10295,9257,Chen,Day
2024-07-08 06:34:00,L8,No issue,0.0,107,101,Chen,Night
2024-03-31 15:43:00,P1,Breakdown,3.0,8649,8236,Diya,Day
2024-02-11 11:16:00,L9,Changeover,0.0,3511,3281,Asha,Night
2024-04-17 01:02:00,L8,Changeover,1.0,7106,7041,Chen,Night
2024-03-02 16:52:00,L8,No issue,0.0,4450,3801,Unknown,Day
2024-08-13 20:24:00,T2,No issue,0.0,1099,1054,Asha,Day
2024-08-26 21:47:00,L8,No issue,0.0,11875,11547,Asha,Night
2024-12-23 20:55:00,T1,Quality stop,2.0,6072,5393,Diya,Day
2024-05-12 06:56:00,T2,Breakdown,3.0,10807,10301,Asha,Day
2024-04-13 07:43:00,T1,No issue,0.0,818,814,Evan,Day
2024-08-20 12:27:00,P1,No issue,0.0,6804,6328,Diya,Night
2024-04-02 07:09:00,P1,Changeover,4.0,3484,3103,Diya,Day
2024-07-09 13:44:00,L8,Breakdown,3.0,2086,1941,Evan,Day
2024-12-09 15:54:00,T1,No issue,0.0,11318,10865,Ben,Day
2024-07-28 23:54:00,P1,PM,1.0,7919,7171,Diya,Day
2024-04-05 15:41:00,P1,No issue,0.0,3643,3322,Ben,Night
2024-06-17 08:18:00,T2,No issue,0.0,5420,4698,Asha,Night
2024-05-19 04:41:00,P1,No issue,0.0,2539,2379,Asha,Night
2024-04-04 00:51:00,P1,Changeover,0.0,7963,7755,Chen,Day
2024-02-10 11:50:00,L8,No issue,0.0,4970,4304,Diya,Day
2024-01-31 16:06:00,T1,PM,3.0,20,18,Ben,Day
2024-02-08 07:20:00,L9,Quality stop,4.0,5395,5045,Diya,Day
2024-08-13 12:24:00,T2,No issue,0.0,4608,4263,Diya,Day
2024-04-18 00:58:00,P1,No issue,0.0,3567,3493,Diya,Night
2024-08-16 02:33:00,L8,Breakdown,1.0,5938,5583,Chen,Day
2024-02-28 14:39:00,L9,No issue,0.0,1654,1586,Asha,Day
2024-05-30 15:34:00,T1,PM,0.0,11076,10454,Asha,Day
2024-09-24 08:46:00,L9,No issue,0.0,2559,2232,Chen,Day
2024-04-22 10:54:00,P1,Breakdown,0.0,6421,6084,Asha,Day
2024-09-03 09:08:00,T1,Breakdown,1.0,7286,7050,Diya,Day
2024-02-24 15:32:00,L8,Breakdown,1.0,1684,1516,Asha,Night
2024-10-08 00:21:00,T1,Quality stop,2.0,5498,4989,Ben,Day
2024-02-15 23:05:00,T2,Breakdown,0.0,7125,6119,Chen,Night
2024-05-01 09:35:00,L8,Breakdown,2.0,6337,5986,Ben,Day
2024-06-18 05:57:00,P1,Quality stop,2.0,5348,5160,Evan,Day
2024-11-08 07:14:00,P1,PM,1.0,5302,4963,Chen,Day
2024-07-11 12:36:00,T2,No issue,0.0,9043,8241,Diya,Night
2024-01-17 01:00:00,L9,Changeover,0.0,8647,8349,Diya,Night
2024-12-21 03:05:00,T2,Breakdown,4.0,5366,4596,Diya,Day
2024-01-09 16:07:00,T1,No issue,0.0,1473,1341,Chen,Night
2024-04-15 14:33:00,T2,Quality stop,0.0,2348,2009,Unknown,Night
2024-06-11 02:51:00,L9,Breakdown,1.0,1281,1253,Asha,Day
2024-10-21 05:11:00,T2,No issue,0.0,7970,7562,Diya,Night
2024-05-27 23:03:00,T1,No issue,0.0,9211,8139,Evan,Night
2024-03-27 12:28:00,L8,No issue,0.0,8379,8091,Diya,Day
2024-11-04 09:43:00,T2,Breakdown,0.0,6269,5755,Chen,Day
2024-01-24 20:50:00,T2,No issue,0.0,8488,8481,Chen,Day
2024-01-01 10:36:00,L8,Changeover,0.0,622,540,Chen,Night
2024-04-14 11:26:00,L8,Quality stop,1.0,5449,5046,Asha,Day
2024-02-17 07:53:00,L9,No issue,0.0,10148,8841,Ben,Day
2024-08-22 19:12:00,P1,No issue,0.0,7957,7237,Asha,Day
2024-12-08 19:25:00,L9,Breakdown,0.0,9370,8062,Ben,Night
2024-01-25 05:48:00,P1,Breakdown,1.0,10128,8628,Unknown,Night
2024-11-15 11:12:00,T2,Breakdown,0.0,9333,9172,Ben,Day
2024-04-06 16:28:00,L9,Breakdown,1.0,1764,1558,Asha,Day
2024-08-28 22:43:00,L8,Changeover,0.0,2373,2246,Asha,Night
2024-12-30 18:56:00,T2,PM,1.0,10082,9734,Evan,Day
2024-06-01 04:09:00,T1,No issue,0.0,8281,7420,Unknown,Day
2024-02-17 00:17:00,L9,No issue,0.0,11027,9865,Diya,Night
2024-04-19 07:18:00,L8,No issue,0.0,5834,5485,Asha,Night
2024-05-09 16:51:00,T1,Quality stop,0.0,10984,9599,Chen,Day
2024-08-02 02:04:00,L9,Breakdown,0.0,3480,3401,Chen,Day
2024-11-10 17:27:00,T2,No issue,0.0,6654,6469,Unknown,Day
2024-07-16 10:44:00,T1,No issue,0.0,1956,1912,Ben,Night
2024-07-06 19:51:00,T2,Quality stop,0.0,3037,2615,Ben,Day
2024-12-11 13:08:00,P1,Breakdown,2.0,4508,4430,Ben,Day
2024-01-12 03:14:00,T2,Quality stop,1.0,914,886,Evan,Day
2024-07-11 15:51:00,L8,Quality stop,0.0,11972,11319,Diya,Day
2024-10-28 19:35:00,T2,Quality stop,0.0,11595,9913,Ben,Day
2024-05-23 01:23:00,T1,No issue,0.0,5244,4575,Ben,Night
2024-04-13 00:18:00,T1,Breakdown,1.0,10956,9817,Asha,Night
2024-03-11 06:38:00,T1,No issue,0.0,4252,3730,Asha,Day
2024-08-19 05:22:00,P1,Changeover,1.0,11535,10113,Diya,Day
2024-01-04 06:12:00,L8,PM,0.0,6060,5184,Diya,Day
2024-11-28 20:56:00,T2,No issue,0.0,1906,1682,Asha,Day
2024-05-13 03:43:00,T2,Breakdown,2.0,3591,3217,Chen,Night
2024-12-29 00:46:00,T1,No issue,0.0,4390,3994,Chen,Day
2024-06-21 09:34:00,T2,No issue,0.0,9674,9475,Diya,Day
2024-12-01 21:47:00,P1,No issue,0.0,9796,8371,Ben,Night
2024-04-30 18:39:00,T2,Quality stop,2.0,9111,8556,Evan,Night
2024-01-13 06:28:00,P1,Breakdown,2.0,6671,6571,Ben,Day
2024-08-04 12:45:00,L8,PM,0.0,9416,9077,Evan,Day
2024-04-22 21:19:00,P1,Changeover,0.0,3666,3543,Evan,Night
2024-09-03 11:28:00,P1,No issue,0.0,1927,1758,Asha,Day
2024-11-07 18:24:00,L9,Breakdown,0.0,4838,4628,Chen,Night
2024-10-26 13:01:00,T2,No issue,0.0,3069,2864,Diya,Night
2024-11-27 21:29:00,P1,Breakdown,1.0,3431,3411,Ben,Day
2024-05-28 06:18:00,P1,Quality stop,2.0,8297,7073,Diya,Day
2024-03-02 05:40:00,T1,No issue,0.0,6946,6477,Unknown,Night
2024-10-24 12:49:00,L8,PM,0.0,1872,1650,Asha,Day
2024-01-22 01:51:00,T2,PM,0.0,4963,4897,Asha,Day
2024-08-30 10:18:00,L8,No issue,0.0,11533,10635,Asha,Day
2024-08-23 12:00:00,P1,PM,0.0,3486,3021,Ben,Night
2024-05-18 11:55:00,L8,Breakdown,0.0,6846,6566,Asha,Day
2024-08-03 11:56:00,T1,Breakdown,0.0,6909,6351,Chen,Day
2024-08-21 04:46:00,L8,No issue,0.0,9362,8457,Asha,Day
2024-02-26 11:03:00,T2,Breakdown,4.0,2344,2199,Asha,Night
2024-10-13 14:09:00,T2,Breakdown,2.0,6209,6179,Ben,Night
2024-12-23 16:43:00,L9,PM,0.0,11458,11197,Ben,Night
2024-12-29 17:57:00,P1,Changeover,1.0,9444,9386,Chen,Night
2024-02-13 07:09:00,L8,No issue,0.0,3891,3400,Diya,Night
2024-03-18 08:24:00,P1,PM,0.0,4310,3823,Ben,Day
2024-07-27 08:30:00,L8,Quality stop,2.0,2530,2321,Asha,Day
2024-03-07 00:10:00,L9,Changeover,2.0,809,781,Ben,Night
2024-03-07 13:10:00,L9,PM,1.0,9110,8322,Chen,Night
2024-02-28 19:34:00,T1,No issue,0.0,10073,9254,Chen,Day
2024-09-16 21:01:00,L8,No issue,0.0,10789,9538,Chen,Day
2024-06-26 15:58:00,L8,PM,1.0,5205,5193,Ben,Day
2024-12-16 19:47:00,P1,Quality stop,1.0,4664,3993,Chen,Day
2024-05-07 06:57:00,T1,No issue,0.0,597,561,Chen,Day
2024-05-30 17:42:00,T2,Changeover,1.0,11833,11480,Diya,Day
2024-06-05 02:22:00,P1,Quality stop,0.0,6910,6382,Ben,Day
2024-01-26 17:31:00,T2,Breakdown,2.0,3658,3558,Diya,Day
2024-08-02 16:30:00,T1,No issue,0.0,1711,1618,Asha,Day
2024-05-04 22:37:00,L8,PM,0.0,1670,1459,Diya,Night
2024-02-25 13:54:00,T2,Changeover,0.0,11298,9935,Diya,Day
2024-10-19 01:14:00,L9,No issue,0.0,3965,3506,Diya,Day
2024-06-01 07:35:00,L8,No issue,0.0,2849,2703,Asha,Night
2024-09-20 09:37:00,P1,PM,4.0,684,611,Unknown,Day
2024-10-04 14:13:00,T1,Breakdown,0.0,10522,9883,Evan,Day
2024-03-09 11:46:00,L8,Breakdown,0.0,6851,6692,Evan,Day
2024-06-30 06:23:00,L8,Breakdown,1.0,6956,6544,Asha,Day
2024-06-11 11:47:00,P1,Breakdown,1.0,8663,8006,Evan,Night
2024-10-17 01:20:00,T1,No issue,0.0,9299,8433,Ben,Day
2024-12-03 23:22:00,T2,No issue,0.0,8249,8118,Ben,Day
2024-01-30 01:22:00,P1,PM,1.0,5147,5025,Ben,Night
2024-02-13 13:15:00,T1,Quality stop,1.0,9117,8308,Ben,Night
2024-05-03 12:20:00,P1,Quality stop,2.0,2458,2358,Evan,Night
2024-04-10 23:46:00,T1,Breakdown,2.0,5254,4793,Chen,Day
2024-04-26 02:40:00,P1,No issue,0.0,171,165,Ben,Night
2024-07-01 20:46:00,P1,Quality stop,0.0,8036,7269,Asha,Night
2024-06-19 02:21:00,P1,Breakdown,0.0,5914,5837,Chen,Day
2024-02-13 08:55:00,P1,Changeover,2.0,10749,10377,Asha,Day
2024-05-31 12:08:00,P1,No issue,0.0,159,146,Ben,Night
2024-04-23 12:26:00,T1,PM,0.0,4439,3820,Evan,Night
2024-01-30 16:27:00,T1,Quality stop,1.0,7112,6379,Diya,Night
2024-06-28 05:33:00,L9,No issue,0.0,10280,9575,Diya,Night
2024-09-23 11:30:00,T1,PM,4.0,1550,1318,Asha,Night
2024-02-10 02:25:00,L8,Breakdown,0.0,9460,8784,Chen,Night
2024-04-29 23:13:00,L9,No issue,0.0,1684,1550,Chen,Day
2024-02-03 19:38:00,P1,No issue,0.0,10357,10060,Ben,Day
2024-07-19 20:54:00,L8,No issue,0.0,7633,6844,Ben,Night
2024-06-02 20:28:00,L9,No issue,0.0,5491,4835,Ben,Day
2024-09-13 16:11:00,T1,No issue,0.0,11527,9870,Chen,Day
2024-03-13 02:21:00,T1,PM,0.0,8479,8245,Asha,Day
2024-10-21 22:40:00,P1,Quality stop,0.0,145,127,Ben,Day
2024-01-11 15:01:00,T2,PM,0.0,974,866,Chen,Day
2024-05-31 03:04:00,P1,No issue,0.0,9098,8457,Ben,Day
2024-04-26 09:39:00,T1,Breakdown,1.0,4976,4333,Ben,Day
2024-01-29 08:33:00,P1,No issue,0.0,3068,2700,Diya,Night
2024-07-09 09:59:00,T2,Breakdown,4.0,1482,1316,Unknown,Night
2024-07-09 06:58:00,P1,PM,1.0,4282,4033,Asha,Day
2024-01-15 16:14:00,T2,Changeover,4.0,9795,9249,Evan,Night
2024-05-23 12:12:00,T1,No issue,0.0,8372,7684,Ben,Night
2024-04-07 23:41:00,L8,No issue,0.0,11792,10799,Ben,Day
2024-04-26 04:28:00,T2,Quality stop,1.0,3751,3719,Asha,Day
2024-02-16 00:55:00,T2,Breakdown,1.0,6274,6187,Evan,Night
2024-04-27 23:58:00,L9,No issue,0.0,5697,5336,Chen,Night
2024-12-22 20:38:00,T1,No issue,0.0,5056,4372,Ben,Day
2024-02-11 13:26:00,T2,PM,1.0,5158,4571,Ben,Day
2024-03-21 15:10:00,P1,Breakdown,0.0,2852,2679,Chen,Day
2024-07-23 21:33:00,P1,No issue,0.0,551,506,Evan,Night
2024-02-15 15:52:00,T1,Changeover,2.0,11730,11610,Ben,Night
2024-08-03 05:53:00,L9,PM,1.0,8157,7279,Asha,Night
2024-10-02 00:40:00,T2,No issue,0.0,742,669,Asha,Day
2024-10-16 07:04:00,L9,No issue,0.0,4643,4005,Asha,Day
2024-10-05 10:40:00,T1,No issue,0.0,5466,5463,Chen,Day
2024-08-24 17:35:00,T1,PM,0.0,3695,3251,Diya,Night
2024-06-10 04:12:00,L8,Quality stop,0.0,3882,3593,Unknown,Day
2024-04-30 16:08:00,T1,No issue,0.0,8726,8424,Asha,Night
2024-12-13 23:24:00,T1,No issue,0.0,6934,6212,Chen,Night
2024-12-26 20:23:00,P1,PM,4.0,5980,5913,Asha,Day
2024-07-13 23:30:00,P1,No issue,0.0,10400,10077,Unknown,Night
2024-06-05 21:18:00,L8,No issue,0.0,1305,1204,Asha,Day
2024-05-21 09:06:00,L9,No issue,0.0,11073,10709,Diya,Day
2024-12-25 05:52:00,P1,No issue,0.0,2291,2134,Evan,Day
2024-04-29 06:36:00,T2,Breakdown,0.0,8070,7010,Chen,Night
2024-04-09 05:44:00,L8,PM,0.0,3824,3677,Evan,Day
2024-11-04 06:22:00,L8,No issue,0.0,8009,6843,Ben,Day
2024-08-16 02:33:00,T2,No issue,0.0,7175,6598,Chen,Day
2024-07-24 00:36:00,P1,No issue,0.0,8076,8022,Ben,Night
2024-10-01 12:46:00,T1,Changeover,2.0,9683,8381,Asha,Night
2024-04-02 22:47:00,L8,PM,0.0,11044,10481,Evan,Day
2024-03-09 14:26:00,L9,Breakdown,1.0,588,547,Diya,Night
2024-12-08 04:11:00,L9,PM,4.0,6933,6629,Chen,Day
2024-08-17 19:49:00,L8,Breakdown,1.0,4576,4133,Ben,Night
2024-12-08 21:44:00,L8,Breakdown,0.0,8099,7436,Asha,Day
2024-01-27 23:56:00,P1,No issue,0.0,8922,8025,Evan,Day
2024-01-02 18:47:00,T1,Breakdown,0.0,2765,2713,Diya,Day
2024-12-04 03:06:00,T1,No issue,0.0,2235,2020,Evan,Day
2024-08-11 16:49:00,T1,No issue,0.0,9187,8091,Evan,Day
2024-02-21 02:09:00,P1,No issue,0.0,11324,10860,Diya,Day
2024-04-08 14:17:00,T1,No issue,0.0,8022,7932,Chen,Day
2024-07-20 23:36:00,T2,Breakdown,0.0,7584,6865,Asha,Night
2024-12-03 01:01:00,L9,No issue,0.0,6744,6641,Chen,Day
2024-11-27 04:39:00,L8,No issue,0.0,11709,10103,Asha,Night
2024-03-12 18:44:00,T2,Quality stop,2.0,6550,5975,Evan,Day
2024-04-03 19:05:00,T2,PM,1.0,11389,10269,Asha,Day
2024-11-23 21:45:00,L9,Quality stop,2.0,2135,1853,Chen,Night
2024-01-22 11:25:00,T2,Breakdown,2.0,1087,942,Diya,Night
2024-02-27 22:38:00,L9,Breakdown,2.0,2303,2167,Diya,Night
2024-08-03 05:31:00,L9,Changeover,0.0,7694,7148,Chen,Day
2024-02-08 12:45:00,T1,Changeover,1.0,6616,6066,Evan,Night
2024-10-16 06:05:00,T2,Changeover,2.0,10102,9086,Evan,Day
2024-07-21 16:52:00,L8,Quality stop,3.0,1453,1378,Evan,Day
2024-07-07 23:14:00,T1,Breakdown,0.0,9902,9023,Chen,Day
2024-01-20 07:55:00,T1,No issue,0.0,442,381,Diya,Day
2024-01-18 10:12:00,T2,Breakdown,0.0,11240,9711,Asha,Day
2024-03-15 13:44:00,T2,No issue,0.0,4533,4346,Diya,Day
2024-09-01 02:57:00,L8,Breakdown,0.0,5862,5786,Diya,Day
2024-01-23 04:58:00,P1,Breakdown,0.0,556,524,Asha,Day
2024-03-28 02:50:00,T2,Quality stop,1.0,4641,4586,Evan,Day
2024-12-28 00:45:00,L9,No issue,0.0,963,953,Evan,Day
2024-01-01 17:31:00,P1,PM,0.0,11027,9984,Evan,Day
2024-01-05 03:08:00,T2,PM,0.0,10184,9898,Unknown,Day
2024-06-04 01:59:00,P1,No issue,0.0,1019,960,Asha,Day
2024-04-09 11:40:00,T2,PM,1.0,2376,2028,Ben,Night
2024-08-29 03:42:00,P1,No issue,0.0,4179,3850,Ben,Day
2024-07-16 01:02:00,P1,Quality stop,1.0,622,611,Chen,Day
2024-11-11 21:57:00,T2,Breakdown,1.0,609,574,Ben,Day
2024-11-25 21:41:00,L8,PM,1.0,4433,4309,Diya,Day
2024-08-07 23:25:00,L9,Breakdown,1.0,8818,7524,Ben,Night
2024-11-04 17:04:00,T2,Changeover,2.0,3256,3211,Diya,Day
2024-03-15 05:47:00,T2,No issue,0.0,11665,11234,Unknown,Night
2024-03-13 10:59:00,L9,No issue,0.0,8112,7079,Ben,Night
2024-03-20 20:18:00,P1,No issue,0.0,1850,1579,Ben,Day
2024-12-13 14:08:00,T2,No issue,0.0,10659,9498,Asha,Day
2024-06-28 14:23:00,L8,No issue,0.0,6247,6183,Diya,Day
2024-06-23 22:14:00,T1,Changeover,2.0,8566,8501,Asha,Night
2024-03-31 19:44:00,L8,Breakdown,2.0,9310,9132,Chen,Night
2024-07-21 07:36:00,L8,No issue,0.0,4747,4280,Chen,Day
2024-05-06 02:48:00,T1,No issue,0.0,8199,7057,Ben,Night
2024-05-17 10:16:00,T2,Breakdown,2.0,2523,2187,Asha,Night
2024-12-30 23:13:00,L8,No issue,0.0,5329,4683,Evan,Night
2024-09-23 16:49:00,T1,No issue,0.0,9914,9591,Asha,Day
2024-03-10 15:19:00,P1,Breakdown,2.0,6277,5778,Asha,Day
2024-11-15 06:11:00,L9,No issue,0.0,10553,10073,Chen,Day
2024-11-25 16:03:00,P1,No issue,0.0,10707,10592,Evan,Day
2024-04-18 21:15:00,L8,No issue,0.0,4446,4318,Ben,Day
2024-06-24 14:30:00,T2,PM,3.0,10036,8651,Asha,Night
2024-09-06 10:45:00,L8,No issue,0.0,9499,8115,Asha,Night
2024-01-25 20:39:00,L9,Breakdown,1.0,7987,7416,Ben,Day
2024-03-27 07:41:00,T1,No issue,0.0,5937,5789,Asha,Day
2024-11-15 21:06:00,P1,PM,0.0,1946,1666,Diya,Day
2024-02-25 18:00:00,L8,Breakdown,0.0,330,291,Diya,Night
2024-11-14 01:33:00,T1,Changeover,1.0,2514,2168,Chen,Day
2024-09-09 12:24:00,T2,No issue,0.0,8889,8842,Chen,Day
2024-01-09 12:15:00,L8,No issue,0.0,9260,8180,Ben,Night
2024-10-27 02:53:00,P1,No issue,0.0,4698,4357,Diya,Day
2024-08-29 11:01:00,P1,Breakdown,1.0,7230,6493,Asha,Day
2024-10-24 20:51:00,L8,PM,0.0,8096,7565,Unknown,Day
2024-09-04 12:32:00,L8,Changeover,0.0,9179,8648,Diya,Night
2024-04-10 05:03:00,T2,PM,1.0,4086,4082,Ben,Day
2024-02-25 23:03:00,L9,No issue,0.0,5147,4811,Ben,Night
2024-07-04 02:20:00,T2,Breakdown,1.0,11049,10350,Ben,Day
2024-08-30 18:40:00,L8,Changeover,0.0,5270,4545,Asha,Night
2024-04-09 11:36:00,L8,No issue,0.0,4152,3933,Asha,Night
2024-09-04 02:35:00,P1,Changeover,1.0,636,631,Chen,Night
2024-10-30 08:03:00,T1,Breakdown,2.0,6282,5876,Unknown,Night
2024-02-19 04:04:00,P1,No issue,0.0,7239,6656,Evan,Day
2024-09-26 23:11:00,L9,Quality stop,2.0,10475,9100,Evan,Night
2024-03-31 11:32:00,P1,No issue,0.0,3819,3364,Ben,Night
2024-09-23 05:40:00,T1,No issue,0.0,11735,10962,Asha,Night
2024-08-03 11:35:00,T1,No issue,0.0,2332,2164,Ben,Night
2024-11-24 19:15:00,L8,No issue,0.0,8072,7677,Diya,Day
2024-02-17 06:21:00,L8,No issue,0.0,9642,8444,Diya,Day
2024-09-06 19:48:00,L9,Changeover,2.0,7149,6704,Chen,Day
2024-08-16 06:35:00,T1,Changeover,0.0,9172,8229,Chen,Night
2024-09-22 07:38:00,T1,PM,0.0,6545,5599,Ben,Day
2024-02-13 22:41:00,T1,No issue,0.0,538,489,Diya,Day
2024-11-02 04:52:00,T2,PM,0.0,3530,3416,Asha,Night
2024-05-14 15:44:00,L9,No issue,0.0,5607,5140,Asha,Night
2024-02-17 14:59:00,L8,Breakdown,0.0,9669,9370,Diya,Day
2024-08-06 16:34:00,T1,Changeover,1.0,7258,6834,Chen,Day
2024-09-04 08:40:00,T1,Breakdown,0.0,5494,5262,Asha,Night
2024-07-12 18:10:00,T2,Quality stop,0.0,3109,2735,Asha,Night
2024-09-12 22:32:00,P1,PM,1.0,4013,3596,Diya,Night
2024-03-13 06:52:00,L8,Quality stop,1.0,9890,9856,Asha,Night
2024-06-16 05:09:00,L8,No issue,0.0,2668,2356,Asha,Day
2024-12-13 14:42:00,T2,PM,1.0,3612,3369,Unknown,Day
2024-03-01 18:33:00,P1,Breakdown,0.0,11625,10541,Asha,Day
2024-03-22 18:42:00,L8,PM,1.0,225,205,Chen,Day
2024-11-21 15:47:00,T1,No issue,0.0,7209,6643,Chen,Day
2024-04-18 17:18:00,T1,No issue,0.0,6824,5843,Diya,Day
2024-04-12 20:06:00,L9,No issue,0.0,6302,6260,Diya,Night
2024-06-11 04:49:00,L9,Quality stop,3.0,2002,1878,Diya,Day
2024-11-27 00:32:00,L8,Breakdown,1.0,8623,7652,Ben,Day
2024-04-18 23:48:00,P1,No issue,0.0,4067,3965,Evan,Night
2024-01-22 08:39:00,P1,Breakdown,1.0,7570,7347,Asha,Night
2024-04-15 19:19:00,L8,Changeover,0.0,599,598,Asha,Night
2024-08-29 19:31:00,T2,No issue,0.0,2738,2729,Ben,Night
2024-01-15 20:15:00,T2,Changeover,0.0,11603,11113,Evan,Day
2024-02-09 23:37:00,L8,Quality stop,0.0,2536,2210,Ben,Day
2024-12-24 13:22:00,T1,PM,1.0,11035,10716,Chen,Day
2024-11-25 17:47:00,T1,No issue,0.0,280,265,Diya,Day
2024-12-23 16:46:00,T1,No issue,0.0,1262,1076,Chen,Day
2024-02-27 22:44:00,L8,No issue,0.0,6791,6747,Asha,Day
2024-09-12 23:15:00,L8,Quality stop,4.0,4699,4143,Ben,Night
2024-02-23 12:12:00,T2,No issue,0.0,4063,4063,Diya,Night
2024-03-04 09:32:00,P1,No issue,0.0,5811,5081,Diya,Night
2024-09-21 00:00:00,T2,Quality stop,3.0,10654,9129,Asha,Day
2024-10-04 05:25:00,T2,PM,0.0,6271,5542,Chen,Night
2024-01-07 17:51:00,L8,Quality stop,2.0,9354,8137,Diya,Night
2024-01-21 14:57:00,T1,No issue,0.0,6485,6151,Asha,Day
2024-09-16 01:37:00,T2,No issue,0.0,11563,10520,Chen,Day
2024-04-05 19:30:00,T1,No issue,0.0,1994,1867,Evan,Day
2024-09-21 05:08:00,T2,PM,1.0,6934,6838,Unknown,Night
2024-01-01 10:19:00,P1,Breakdown,1.0,10426,9188,Asha,Day
2024-04-20 18:34:00,P1,Breakdown,2.0,3720,3448,Diya,Day
2024-11-20 19:18:00,P1,No issue,0.0,5406,4720,Chen,Night
2024-11-07 20:26:00,L8,Quality stop,1.0,2655,2593,Evan,Day
2024-03-11 00:31:00,L8,PM,4.0,2510,2180,Diya,Night
2024-03-12 22:51:00,P1,Quality stop,4.0,6305,6291,Chen,Day
2024-09-07 11:13:00,T2,Breakdown,0.0,11364,10576,Asha,Night
2024-05-18 03:45:00,T1,No issue,0.0,6834,6203,Diya,Night
2024-01-28 01:49:00,P1,Breakdown,1.0,2002,1948,Evan,Night
2024-09-26 12:23:00,T2,No issue,0.0,646,609,Diya,Day
2024-08-05 11:42:00,T1,PM,1.0,11448,9968,Asha,Day
2024-08-06 03:35:00,P1,Quality stop,1.0,11789,10600,Asha,Day
2024-05-18 02:48:00,L9,Changeover,0.0,1509,1350,Ben,Day
2024-09-04 07:40:00,T1,Breakdown,4.0,10645,9993,Asha,Day
2024-03-21 20:31:00,L8,No issue,0.0,8716,7674,Diya,Night
2024-10-06 17:22:00,L8,No issue,0.0,885,768,Ben,Day
2024-11-12 10:42:00,L9,No issue,0.0,11912,10604,Unknown,Night
2024-02-11 09:17:00,T2,No issue,0.0,4914,4565,Ben,Night
2024-07-11 23:54:00,T2,No issue,0.0,6057,5330,Evan,Night
2024-07-09 21:18:00,P1,PM,0.0,3606,3091,Diya,Day
2024-04-30 03:14:00,T1,Breakdown,1.0,8889,7933,Evan,Day
2024-01-10 07:44:00,L9,Quality stop,0.0,11494,10324,Ben,Night
2024-07-19 05:15:00,L8,Quality stop,1.0,6394,5518,Diya,Day
2024-02-18 14:21:00,T2,Quality stop,0.0,5741,5058,Diya,Day
2024-12-09 12:46:00,T2,No issue,0.0,994,882,Asha,Night
2024-07-31 22:15:00,L9,Breakdown,1.0,11626,10329,Diya,Day
2024-12-19 03:29:00,T1,PM,1.0,4280,4124,Asha,Night
2024-02-24 02:37:00,L8,PM,1.0,9323,8640,Chen,Day
2024-09-07 05:52:00,P1,Quality stop,1.0,1962,1924,Asha,Day
2024-09-04 10:53:00,L8,PM,2.0,1360,1298,Chen,Night
2024-11-30 01:24:00,T1,Quality stop,0.0,7617,7485,Chen,Night
2024-04-08 17:20:00,T1,Quality stop,0.0,10853,9354,Ben,Night
2024-12-17 23:50:00,T2,Changeover,1.0,3922,3795,Chen,Night
2024-05-08 06:49:00,P1,Quality stop,1.0,9945,8985,Asha,Night
2024-11-27 22:28:00,P1,No issue,0.0,10972,9648,Diya,Day
2024-05-12 04:56:00,T2,Breakdown,2.0,2843,2587,Evan,Day
2024-01-22 13:29:00,T2,No issue,0.0,10454,8923,Asha,Night
2024-12-11 19:25:00,T2,Breakdown,1.0,11660,10406,Chen,Night
2024-12-22 12:51:00,L9,PM,1.0,2992,2910,Diya,Day
2024-11-16 20:48:00,T2,Changeover,4.0,5990,5673,Chen,Day
2024-02-22 10:49:00,P1,No issue,0.0,9405,8314,Asha,Day
2024-07-05 03:01:00,L9,No issue,0.0,4237,4105,Evan,Day
2024-09-27 07:39:00,L8,PM,0.0,9437,9167,Diya,Night
2024-08-03 22:35:00,L9,No issue,0.0,9485,9287,Chen,Day
2024-06-09 19:06:00,L8,No issue,0.0,3675,3481,Diya,Night
2024-06-02 03:35:00,T2,PM,0.0,5737,5241,Asha,Night
2024-10-14 06:55:00,P1,No issue,0.0,2183,2073,Diya,Night
2024-04-17 19:23:00,T1,PM,2.0,4395,4370,Evan,Night
2024-04-22 08:46:00,L8,No issue,0.0,3063,2884,Diya,Day
2024-08-12 08:45:00,L8,No issue,0.0,7910,7018,Diya,Day
2024-09-30 21:42:00,P1,Breakdown,2.0,6567,6462,Unknown,Night
2024-02-01 10:16:00,L9,No issue,0.0,2062,2042,Asha,Day
2024-11-07 03:48:00,T2,Breakdown,0.0,5492,5040,Chen,Night
2024-08-09 04:03:00,T2,PM,0.0,7726,6734,Evan,Day
2024-01-14 00:12:00,L8,No issue,0.0,8018,7477,Chen,Day
2024-04-07 13:38:00,L8,PM,1.0,4757,4416,Ben,Day
2024-04-12 01:28:00,L8,Changeover,0.0,1197,1127,Unknown,Day
2024-06-15 11:03:00,L8,Quality stop,3.0,11885,11208,Diya,Day
2024-07-09 17:31:00,P1,PM,0.0,3394,3306,Diya,Day
2024-01-18 04:46:00,L8,PM,1.0,6361,5501,Ben,Day
2024-04-05 22:43:00,P1,Breakdown,3.0,1425,1420,Asha,Night
2024-03-23 03:42:00,P1,No issue,0.0,7648,7111,Ben,Day
2024-12-06 23:22:00,T1,No issue,0.0,4839,4528,Asha,Night
2024-03-15 09:08:00,P1,Changeover,1.0,1574,1525,Ben,Day
2024-01-04 19:33:00,T2,Breakdown,2.0,5885,5802,Chen,Day
2024-04-06 01:53:00,L8,Breakdown,2.0,2757,2553,Diya,Night
2024-11-03 21:15:00,T2,Breakdown,2.0,5276,4506,Asha,Night
2024-03-09 15:26:00,P1,Quality stop,3.0,3375,3047,Evan,Day
2024-07-27 13:11:00,L8,Changeover,0.0,10389,8989,Evan,Day
2024-12-06 19:47:00,T1,Changeover,1.0,11795,11392,Evan,Night
2024-11-25 05:55:00,T2,Breakdown,1.0,10099,8792,Evan,Day
2024-10-19 04:44:00,L8,No issue,0.0,2331,2283,Chen,Night
2024-07-17 06:43:00,T2,PM,1.0,755,661,Asha,Day
2024-10-17 09:26:00,L9,No issue,0.0,1991,1923,Asha,Night
2024-11-22 09:25:00,T2,Breakdown,1.0,5553,5170,Ben,Night
2024-01-03 22:36:00,P1,PM,0.0,4984,4438,Asha,Night
2024-04-10 01:44:00,L9,No issue,0.0,408,382,Ben,Night
2024-11-24 19:39:00,T1,Breakdown,4.0,2995,2688,Ben,Day
2024-07-04 00:38:00,L8,Breakdown,0.0,3449,2989,Asha,Night
2024-04-16 10:59:00,L9,Changeover,1.0,8275,7824,Evan,Night
2024-08-25 19:32:00,L8,No issue,0.0,7607,7216,Chen,Day
2024-03-04 23:09:00,L9,Breakdown,0.0,10144,10042,Diya,Day
2024-08-16 18:25:00,T1,Quality stop,0.0,3354,3295,Unknown,Night
2024-08-05 00:03:00,L9,No issue,0.0,9001,7717,Diya,Day
2024-12-09 06:54:00,T2,No issue,0.0,8915,8907,Evan,Night
2024-06-05 21:04:00,P1,Breakdown,0.0,2819,2517,Evan,Day
2024-05-20 06:16:00,L9,No issue,0.0,9228,9139,Evan,Night
2024-04-10 09:13:00,T1,No issue,0.0,7864,6700,Unknown,Night
2024-12-12 07:00:00,L8,Breakdown,1.0,3490,3126,Asha,Day
2024-05-13 10:12:00,L8,No issue,0.0,5269,5238,Evan,Day
2024-06-21 06:46:00,T1,PM,3.0,2178,2074,Asha,Day
2024-09-26 03:45:00,P1,Breakdown,1.0,2076,1820,Asha,Night
2024-09-05 05:31:00,T2,Breakdown,3.0,5060,4868,Evan,Day
2024-08-11 11:37:00,L8,No issue,0.0,191,187,Unknown,Night
2024-11-02 21:00:00,T1,No issue,0.0,5113,4411,Chen,Night
2024-03-11 07:25:00,L9,PM,1.0,10303,10297,Asha,Night
2024-10-07 18:18:00,L9,Changeover,2.0,6419,5938,Asha,Day
2024-01-01 00:38:00,P1,Quality stop,4.0,2468,2244,Ben,Day
2024-02-12 15:49:00,T2,No issue,0.0,8646,8556,Chen,Day
2024-02-21 05:58:00,T1,Breakdown,0.0,8780,8204,Asha,Day
2024-08-31 13:44:00,T1,No issue,0.0,1007,975,Unknown,Night
2024-03-20 13:40:00,L9,Breakdown,0.0,10522,9618,Chen,Day
2024-06-12 03:19:00,T2,No issue,0.0,11716,10060,Evan,Day
2024-10-04 12:15:00,L9,No issue,0.0,2830,2781,Unknown,Day
2024-01-30 14:19:00,T2,Changeover,0.0,5552,5075,Asha,Day
2024-12-24 05:02:00,T2,Breakdown,1.0,2510,2396,Diya,Day
2024-08-05 12:29:00,T1,Quality stop,2.0,6437,5700,Ben,Night
2024-05-06 19:45:00,L9,No issue,0.0,3777,3480,Evan,Night
2024-02-08 19:00:00,L8,PM,0.0,27,24,Chen,Night
2024-07-11 08:11:00,P1,Breakdown,4.0,2453,2335,Chen,Night
2024-07-09 06:47:00,L8,No issue,0.0,7706,7399,Ben,Day
2024-03-31 23:32:00,P1,PM,3.0,11026,10655,Evan,Day
2024-05-31 02:30:00,P1,Quality stop,2.0,7692,7566,Asha,Day
2024-06-30 08:35:00,P1,Changeover,2.0,3817,3642,Ben,Day
2024-01-13 08:51:00,L9,Quality stop,0.0,4862,4421,Chen,Night
2024-03-25 07:41:00,P1,No issue,0.0,1335,1135,Diya,Night
2024-05-27 07:49:00,T2,No issue,0.0,9941,9396,Ben,Day
2024-06-05 15:27:00,T1,Breakdown,4.0,8286,7324,Chen,Night
2024-04-14 04:48:00,P1,Breakdown,4.0,2843,2774,Diya,Day
2024-09-21 15:45:00,T2,Breakdown,0.0,5425,4820,Ben,Day
2024-06-10 02:00:00,L8,No issue,0.0,7752,6912,Diya,Night
2024-05-01 08:17:00,L8,Breakdown,0.0,11625,9997,Evan,Day
2024-10-01 13:45:00,L9,No issue,0.0,1817,1674,Evan,Day
2024-12-01 09:16:00,P1,Quality stop,0.0,2076,1934,Evan,Day
2024-05-19 13:48:00,P1,No issue,0.0,11129,10696,Ben,Night
2024-12-18 10:20:00,T1,No issue,0.0,420,378,Evan,Night
2024-09-28 03:23:00,T2,No issue,0.0,5111,4384,Chen,Day
2024-02-17 14:03:00,P1,Quality stop,1.0,9237,8054,Diya,Night
2024-02-16 07:00:00,L8,No issue,0.0,4578,4160,Asha,Day
2024-01-04 15:22:00,P1,PM,0.0,6964,6438,Ben,Night
2024-02-22 23:17:00,T2,Breakdown,2.0,1926,1740,Evan,Night
2024-10-18 21:54:00,T1,No issue,0.0,3353,3066,Evan,Day
2024-12-24 21:02:00,P1,PM,1.0,9618,9043,Asha,Night
2024-09-21 07:14:00,L8,No issue,0.0,3297,3275,Chen,Day
2024-02-03 06:24:00,P1,No issue,0.0,4976,4346,Asha,Day
2024-01-14 22:05:00,T2,Breakdown,2.0,1739,1683,Diya,Day
2024-02-21 09:06:00,P1,No issue,0.0,11510,9892,Ben,Day
2024-05-31 13:27:00,L8,No issue,0.0,312,267,Chen,Day
2024-10-02 16:16:00,T1,No issue,0.0,11119,9992,Asha,Night
2024-04-08 08:32:00,T2,PM,0.0,7863,6707,Evan,Night
2024-02-01 17:31:00,L9,PM,0.0,6405,6123,Asha,Night
2024-12-16 12:06:00,P1,No issue,0.0,4868,4441,Ben,Day
2024-10-08 06:21:00,L8,No issue,0.0,10566,10055,Asha,Day
2024-11-03 16:55:00,P1,No issue,0.0,6793,6102,Asha,Night
2024-07-14 03:36:00,L9,PM,1.0,4303,3686,Asha,Night
2024-08-28 01:37:00,T2,Breakdown,0.0,8155,7468,Ben,Day
2024-10-17 17:25:00,L8,Quality stop,1.0,8137,7469,Chen,Night
2024-04-17 02:15:00,L9,Breakdown,4.0,4153,3538,Asha,Day
2024-10-30 01:45:00,T1,No issue,0.0,680,637,Chen,Day
2024-12-26 23:50:00,T2,PM,0.0,5633,4947,Ben,Day
2024-10-15 23:05:00,T2,No issue,0.0,2723,2496,Diya,Night
2024-04-29 20:04:00,P1,Quality stop,1.0,5707,5490,Ben,Night
2024-08-07 18:50:00,T2,No issue,0.0,5070,4944,Evan,Night
2024-06-29 11:45:00,P1,PM,1.0,5105,4372,Chen,Day
2024-06-27 20:55:00,T2,PM,0.0,6663,5929,Asha,Day
2024-01-04 20:23:00,T1,Changeover,1.0,7779,6755,Evan,Day
2024-06-03 18:49:00,P1,No issue,0.0,10766,10764,Chen,Day
2024-04-13 22:54:00,L9,Breakdown,2.0,7716,6876,Evan,Night
2024-06-22 09:59:00,L8,Breakdown,1.0,4784,4475,Chen,Night
2024-04-25 00:39:00,P1,Breakdown,0.0,3362,2993,Evan,Day
2024-08-05 06:15:00,L9,No issue,0.0,2304,1962,Ben,Day
2024-05-19 13:17:00,L8,Quality stop,2.0,5874,5624,Asha,Day
2024-06-23 01:09:00,T1,Breakdown,1.0,5412,5251,Chen,Night
2024-07-15 20:45:00,T1,Changeover,2.0,9265,8636,Ben,Night
2024-01-08 01:37:00,T2,Breakdown,4.0,2479,2271,Ben,Night
2024-11-06 16:16:00,L8,No issue,0.0,7428,6902,Evan,Night
2024-12-17 11:09:00,P1,Changeover,2.0,1620,1430,Asha,Day
2024-05-27 10:39:00,T2,No issue,0.0,5758,5554,Chen,Night
2024-10-21 03:30:00,P1,No issue,0.0,5079,4627,Evan,Day
2024-10-16 21:02:00,T1,No issue,0.0,5783,5183,Unknown,Night
2024-08-05 18:11:00,L8,No issue,0.0,5126,4724,Ben,Day
2024-08-09 11:33:00,P1,Changeover,1.0,2351,2138,Diya,Night
2024-12-12 13:21:00,L8,Breakdown,2.0,9229,8306,Ben,Night
2024-11-07 01:15:00,P1,Breakdown,1.0,11657,11486,Evan,Day
2024-04-09 15:36:00,L9,No issue,0.0,4268,3929,Asha,Day
2024-12-10 05:06:00,T1,No issue,0.0,9005,7861,Asha,Night
2024-10-25 17:37:00,T1,Quality stop,1.0,8147,8042,Asha,Night
2024-06-29 08:30:00,P1,No issue,0.0,1573,1502,Chen,Day
2024-04-27 07:38:00,P1,PM,1.0,1086,1012,Asha,Night
2024-04-27 20:10:00,P1,No issue,0.0,4569,4557,Ben,Night
2024-06-13 15:16:00,T1,No issue,0.0,6777,6410,Chen,Day
2024-08-30 12:32:00,T2,Changeover,0.0,6313,5392,Chen,Day
2024-11-01 16:28:00,L8,No issue,0.0,11848,10158,Chen,Night
2024-12-20 13:11:00,T1,No issue,0.0,4502,4252,Diya,Night
2024-07-07 06:44:00,T1,PM,0.0,6396,6243,Chen,Day
2024-08-21 00:11:00,L9,No issue,0.0,9647,8638,Evan,Day
2024-08-11 07:08:00,T1,Breakdown,0.0,3400,2914,Asha,Day
2024-06-16 23:10:00,L8,Breakdown,0.0,11140,10666,Evan,Day
2024-02-01 21:02:00,T2,PM,0.0,10509,10199,Diya,Day
2024-08-03 08:42:00,T2,Quality stop,1.0,11483,10645,Evan,Day
2024-06-22 06:01:00,L9,No issue,0.0,1375,1282,Ben,Night
2024-04-03 20:53:00,P1,PM,0.0,8760,7950,Diya,Night
2024-08-26 21:01:00,L8,PM,0.0,9799,9194,Diya,Day
2024-01-15 22:13:00,T2,Breakdown,0.0,7267,6827,Ben,Day
2024-08-20 15:20:00,P1,No issue,0.0,5141,5136,Chen,Day
2024-11-19 04:59:00,L9,Breakdown,0.0,11665,11541,Asha,Day
2024-04-10 14:04:00,L8,No issue,0.0,11312,10075,Diya,Day
2024-02-21 23:30:00,L9,No issue,0.0,750,668,Chen,Day
2024-02-08 23:51:00,L8,No issue,0.0,10466,10013,Ben,Day
2024-02-17 22:08:00,L8,No issue,0.0,7113,6205,Ben,Night
2024-12-14 19:44:00,L9,Breakdown,0.0,2528,2168,Chen,Night
2024-05-06 16:19:00,T1,Breakdown,0.0,8691,8272,Ben,Day
2024-06-05 04:12:00,L9,Breakdown,2.0,4268,4268,Evan,Day
2024-03-15 21:27:00,T2,Breakdown,0.0,4218,3746,Asha,Day
2024-10-12 03:59:00,P1,PM,0.0,1626,1410,Ben,Day
2024-09-23 14:22:00,L9,No issue,0.0,5667,5407,Ben,Night
2024-04-01 12:32:00,T1,Breakdown,0.0,3054,2747,Unknown,Night
2024-04-01 11:42:00,P1,No issue,0.0,8089,7991,Diya,Day
2024-07-21 01:18:00,L8,No issue,0.0,11121,10177,Asha,Night
2024-12-20 06:35:00,P1,Breakdown,1.0,9708,8782,Asha,Day
2024-04-23 23:29:00,T1,No issue,0.0,11245,11090,Ben,Night
2024-05-03 22:03:00,T1,Breakdown,0.0,7198,6462,Ben,Night
2024-07-19 19:52:00,T2,Breakdown,2.0,8043,7350,Chen,Night
2024-03-28 17:48:00,T1,Quality stop,0.0,7010,6051,Diya,Night
2024-04-27 23:05:00,P1,PM,0.0,11151,9580,Unknown,Night
2024-11-01 15:34:00,L9,Breakdown,2.0,252,237,Chen,Day
2024-04-21 12:39:00,T2,PM,2.0,5670,5039,Chen,Day
2024-02-16 01:24:00,P1,Changeover,2.0,7235,6928,Evan,Day
2024-05-14 20:21:00,P1,Breakdown,0.0,8710,7707,Ben,Day
2024-04-28 19:11:00,L8,PM,0.0,7429,6784,Chen,Day
2024-03-12 23:28:00,T2,No issue,0.0,8156,7239,Ben,Day
2024-09-11 07:56:00,T2,PM,2.0,1598,1497,Asha,Night
2024-07-03 05:53:00,P1,No issue,0.0,9672,8918,Evan,Day
2024-10-06 18:52:00,P1,No issue,0.0,2496,2333,Diya,Night
2024-12-08 03:51:00,T2,Breakdown,4.0,7366,6973,Evan,Day
2024-11-06 11:01:00,T1,Changeover,1.0,7407,6719,Evan,Day
2024-05-29 07:42:00,L8,No issue,0.0,3971,3638,Diya,Day
2024-04-01 05:49:00,P1,No issue,0.0,7352,6284,Chen,Night
2024-09-30 02:37:00,P1,Changeover,2.0,11254,10738,Chen,Night
2024-04-09 18:13:00,T1,Breakdown,0.0,1567,1345,Ben,Day
2024-03-16 00:15:00,P1,No issue,0.0,4318,4248,Evan,Day
2024-01-28 12:43:00,T2,PM,3.0,4634,4460,Chen,Day
2024-10-09 10:12:00,L8,PM,1.0,8731,8148,Diya,Night
2024-12-29 17:14:00,L8,Quality stop,0.0,7665,7569,Evan,Day
2024-02-05 06:29:00,L9,No issue,0.0,5604,5063,Diya,Day
2024-01-15 07:31:00,T2,No issue,0.0,11152,10239,Asha,Day
2024-04-12 20:51:00,L8,No issue,0.0,2500,2468,Evan,Night
2024-09-07 04:09:00,L9,Changeover,0.0,11225,11146,Unknown,Day
2024-10-07 13:21:00,T2,Quality stop,4.0,5571,5147,Diya,Day
2024-06-06 07:03:00,P1,No issue,0.0,11160,10031,Chen,Day
2024-06-21 11:13:00,L9,Breakdown,1.0,3031,3026,Ben,Day
2024-03-31 15:29:00,L9,PM,1.0,9810,9027,Ben,Day
2024-09-24 09:07:00,T2,Breakdown,3.0,2374,2186,Ben,Day
2024-04-15 10:10:00,T2,No issue,0.0,5915,5256,Asha,Day
2024-02-23 07:57:00,L8,No issue,0.0,7383,6609,Diya,Day
2024-10-27 23:36:00,T2,No issue,0.0,8531,8323,Evan,Night
2024-09-03 02:35:00,T2,No issue,0.0,3740,3349,Evan,Night
2024-04-25 02:24:00,T1,Breakdown,0.0,11274,9615,Ben,Night
2024-01-24 05:09:00,L8,PM,1.0,4077,3948,Chen,Night
2024-12-08 02:32:00,P1,No issue,0.0,591,505,Asha,Day
2024-09-23 02:09:00,P1,PM,3.0,7418,7323,Asha,Night
2024-05-09 05:44:00,L8,No issue,0.0,3507,3064,Ben,Night
2024-04-14 08:15:00,T1,No issue,0.0,6909,6414,Ben,Day
2024-03-09 09:15:00,L8,Changeover,4.0,1849,1656,Ben,Day
2024-10-10 21:53:00,L8,No issue,0.0,3700,3542,Ben,Day
2024-11-21 18:51:00,T1,Breakdown,0.0,6060,5984,Evan,Night
2024-08-01 17:23:00,P1,Changeover,4.0,6990,6469,Ben,Night
2024-02-20 17:48:00,L8,No issue,0.0,8837,8400,Asha,Day
2024-04-11 09:04:00,T2,Changeover,0.0,5831,5166,Evan,Day
2024-01-04 04:11:00,P1,No issue,0.0,8123,7592,Diya,Day
2024-02-24 07:18:00,L9,No issue,0.0,10121,9671,Diya,Day
2024-03-23 21:39:00,P1,No issue,0.0,6665,6501,Chen,Night
2024-04-14 22:07:00,T1,Quality stop,3.0,11024,10702,Chen,Day
2024-11-29 17:31:00,L8,No issue,0.0,9871,8724,Diya,Night
2024-05-12 05:50:00,P1,Quality stop,0.0,648,601,Chen,Night
2024-09-15 10:44:00,T2,Breakdown,1.0,6721,5806,Evan,Day
2024-10-06 15:28:00,T2,No issue,0.0,8728,8230,Chen,Night
2024-10-01 16:28:00,T2,No issue,0.0,7553,6590,Diya,Night
2024-07-19 11:15:00,L8,PM,2.0,1658,1595,Unknown,Day
2024-07-16 13:15:00,T1,No issue,0.0,3661,3306,Asha,Day
2024-03-12 05:44:00,L8,No issue,0.0,3331,3303,Chen,Day
2024-10-01 00:35:00,P1,Breakdown,0.0,8230,7281,Chen,Night
2024-04-06 04:37:00,L8,No issue,0.0,5646,5121,Diya,Day
2024-08-20 19:07:00,L8,PM,0.0,3683,3528,Asha,Night
2024-04-27 23:20:00,L9,PM,1.0,11152,10032,Ben,Night
2024-10-07 20:43:00,T2,Breakdown,3.0,9891,8541,Chen,Day
2024-10-01 19:53:00,L9,No issue,0.0,7847,7116,Diya,Night
2024-05-31 15:26:00,T2,Breakdown,2.0,150,143,Asha,Night
2024-01-04 08:19:00,T2,Quality stop,0.0,4268,3967,Ben,Night
2024-08-08 08:27:00,L8,No issue,0.0,1547,1536,Ben,Night
2024-10-17 13:53:00,P1,Breakdown,2.0,8528,7703,Ben,Day
2024-01-14 14:44:00,T1,No issue,0.0,11320,11193,Unknown,Day
2024-05-24 14:56:00,T2,Quality stop,1.0,3161,2694,Ben,Day
2024-03-26 00:44:00,T2,No issue,0.0,5063,4670,Ben,Day
2024-01-31 21:35:00,P1,Breakdown,1.0,9342,8650,Chen,Night
2024-06-12 12:48:00,T1,No issue,0.0,10023,9836,Ben,Night
2024-02-02 01:49:00,L9,No issue,0.0,1191,1070,Ben,Day
2024-03-16 06:56:00,L8,No issue,0.0,1030,963,Asha,Night
2024-05-16 22:39:00,L9,Breakdown,4.0,1287,1200,Asha,Day
2024-12-28 04:19:00,P1,No issue,0.0,6899,6654,Asha,Night
2024-03-25 23:51:00,P1,Breakdown,1.0,10245,10195,Ben,Night
2024-11-29 11:48:00,T1,PM,0.0,9862,8931,Diya,Day
2024-04-08 14:46:00,P1,No issue,0.0,3837,3425,Asha,Day
2024-11-03 13:24:00,T2,No issue,0.0,3446,3187,Diya,Day
2024-11-18 00:24:00,P1,No issue,0.0,4450,4123,Unknown,Day
2024-08-31 20:18:00,P1,Quality stop,1.0,4751,4721,Evan,Day
2024-05-06 16:37:00,L9,Changeover,2.0,6549,6219,Chen,Night
2024-07-02 07:01:00,T2,No issue,0.0,7820,6782,Ben,Night
2024-04-22 22:33:00,T1,No issue,0.0,2568,2190,Asha,Day
2024-05-31 19:13:00,T2,Quality stop,1.0,10549,9096,Chen,Day
2024-09-25 12:45:00,T1,No issue,0.0,2237,2222,Asha,Day
2024-02-05 05:28:00,P1,Breakdown,1.0,9575,8555,Diya,Night
2024-03-04 08:54:00,P1,No issue,0.0,2756,2538,Chen,Night
2024-07-22 03:26:00,L9,PM,1.0,10941,9853,Asha,Night
2024-03-23 14:54:00,T2,Changeover,1.0,3822,3406,Evan,Day
2024-11-21 02:31:00,T2,No issue,0.0,4430,3900,Evan,Night
2024-04-02 07:41:00,T1,Quality stop,4.0,844,831,Asha,Night
2024-01-09 12:09:00,T2,PM,2.0,9361,8106,Ben,Day
2024-03-27 02:39:00,P1,No issue,0.0,9246,7867,Chen,Night
2024-03-03 06:36:00,L8,Breakdown,0.0,4223,4209,Evan,Day
2024-12-21 11:03:00,P1,No issue,0.0,7740,6670,Chen,Day
2024-12-22 09:30:00,T1,Breakdown,1.0,1816,1649,Chen,Day
2024-12-27 06:58:00,L8,Breakdown,0.0,11445,10828,Ben,Day
2024-10-05 14:01:00,T1,Breakdown,0.0,9617,9507,Unknown,Day
2024-11-02 03:10:00,P1,Breakdown,1.0,10828,10293,Asha,Day
2024-05-01 18:19:00,L8,No issue,0.0,11344,10458,Asha,Night
2024-02-18 01:26:00,L8,No issue,0.0,3790,3223,Asha,Night
2024-12-07 05:22:00,L8,Breakdown,0.0,6044,6007,Diya,Day
2024-09-10 09:02:00,P1,No issue,0.0,6232,5524,Ben,Day
2024-11-21 06:43:00,T1,Breakdown,4.0,4071,3625,Ben,Day
2024-11-29 00:22:00,P1,No issue,0.0,7320,7116,Diya,Night
2024-06-25 06:29:00,L8,Breakdown,0.0,6271,5799,Diya,Day
2024-08-31 00:00:00,L9,Breakdown,1.0,10389,10034,Asha,Day
2024-02-26 01:10:00,T1,No issue,0.0,7881,7812,Diya,Day
2024-10-11 07:23:00,L9,Changeover,1.0,11277,10615,Diya,Day
2024-05-03 08:08:00,L9,No issue,0.0,5483,5292,Asha,Day
2024-03-24 23:47:00,P1,No issue,0.0,905,822,Evan,Day
2024-01-13 01:59:00,T1,No issue,0.0,9199,8247,Diya,Night
2024-02-04 20:26:00,P1,No issue,0.0,1892,1846,Ben,Day
2024-03-27 19:03:00,T1,Breakdown,1.0,6055,5295,Chen,Day
2024-05-22 14:52:00,T2,No issue,0.0,3332,2984,Chen,Night
2024-10-09 11:50:00,L9,No issue,0.0,9659,8934,Ben,Day
2024-06-07 04:20:00,P1,No issue,0.0,835,744,Ben,Night
2024-01-15 17:02:00,L8,No issue,0.0,7431,6354,Diya,Day
2024-05-22 10:47:00,L9,Breakdown,4.0,1516,1424,Chen,Day
2024-10-09 19:50:00,T2,Changeover,4.0,7942,6928,Ben,Night
2024-11-06 17:32:00,L8,No issue,0.0,1143,1110,Asha,Day
2024-05-09 09:53:00,T2,No issue,0.0,3160,3050,Chen,Night
2024-01-02 21:25:00,T1,No issue,0.0,7950,7549,Evan,Day
2024-11-12 04:41:00,P1,Breakdown,0.0,2543,2286,Chen,Day
2024-11-29 11:21:00,T1,Quality stop,0.0,4220,3922,Asha,Day
2024-10-24 02:40:00,L8,PM,0.0,2282,2099,Asha,Day
2024-07-05 00:35:00,L8,PM,0.0,9949,9462,Asha,Day
2024-02-12 12:21:00,T2,Quality stop,0.0,9539,9360,Diya,Day
2024-11-07 03:59:00,L9,No issue,0.0,11584,10755,Asha,Night
2024-03-25 04:05:00,P1,Breakdown,1.0,1806,1728,Asha,Day
2024-08-22 08:11:00,L8,Changeover,0.0,8040,7006,Diya,Night
2024-04-30 09:52:00,L8,Changeover,3.0,8443,8216,Evan,Night
2024-02-14 20:51:00,P1,No issue,0.0,4594,4345,Ben,Day
2024-01-29 12:25:00,P1,No issue,0.0,11973,11360,Diya,Day
2024-07-01 03:39:00,P1,PM,0.0,8401,7570,Ben,Day
2024-06-07 07:15:00,T2,Breakdown,0.0,539,523,Asha,Day
2024-03-06 22:44:00,L8,No issue,0.0,6478,5603,Evan,Day
2024-12-03 10:52:00,L9,PM,0.0,2200,2138,Evan,Day
2024-12-03 21:58:00,L8,PM,1.0,4185,3789,Asha,Day
2024-08-01 22:24:00,T1,Breakdown,4.0,11470,10614,Ben,Day
2024-03-06 16:51:00,L9,No issue,0.0,10292,9947,Asha,Day
2024-04-08 11:28:00,T1,PM,3.0,1633,1393,Evan,Day
2024-11-03 12:20:00,T1,No issue,0.0,11528,10939,Evan,Night
2024-03-24 19:50:00,L8,Breakdown,1.0,7307,6254,Unknown,Day
2024-12-08 21:48:00,T2,No issue,0.0,5359,4797,Diya,Day
2024-04-24 04:51:00,L8,No issue,0.0,1873,1752,Diya,Day
2024-04-28 21:31:00,L9,No issue,0.0,8446,7650,Asha,Day
2024-02-18 11:33:00,L9,Breakdown,0.0,4350,4002,Unknown,Day
2024-08-28 11:46:00,L9,No issue,0.0,7270,6780,Diya,Day
2024-12-01 12:04:00,L8,Breakdown,2.0,11692,11639,Chen,Day
2024-08-28 02:03:00,T2,No issue,0.0,244,234,Chen,Night
2024-01-08 14:20:00,T2,PM,2.0,7052,6213,Diya,Night
2024-08-09 23:24:00,T1,No issue,0.0,5959,5801,Diya,Day
2024-02-29 12:00:00,T1,Breakdown,0.0,6827,6070,Evan,Day
2024-09-28 02:07:00,P1,No issue,0.0,10160,8880,Ben,Day
2024-11-23 09:41:00,L8,No issue,0.0,8981,7971,Evan,Day
2024-03-19 11:20:00,T2,No issue,0.0,8370,7911,Chen,Night
2024-11-06 01:07:00,P1,Changeover,3.0,3185,2754,Ben,Day
2024-01-05 06:50:00,L9,Breakdown,2.0,3257,3043,Ben,Day
2024-12-28 22:25:00,L8,Breakdown,0.0,2794,2513,Ben,Night
2024-04-12 03:57:00,T2,No issue,0.0,5415,5322,Diya,Night
2024-01-22 09:58:00,L9,Breakdown,0.0,9749,9051,Chen,Night
2024-01-11 09:55:00,L9,No issue,0.0,2921,2715,Diya,Day
2024-07-22 09:00:00,T1,No issue,0.0,411,409,Chen,Night
2024-08-15 08:53:00,L8,Quality stop,2.0,4785,4522,Diya,Day
2024-10-21 17:34:00,L9,PM,0.0,11677,10217,Chen,Night
2024-01-10 13:55:00,T2,Breakdown,0.0,5254,5098,Diya,Night
2024-03-27 19:40:00,T1,Quality stop,1.0,8056,7535,Unknown,Day
2024-12-12 03:35:00,L9,No issue,0.0,6609,5922,Evan,Day
2024-10-22 20:39:00,T1,No issue,0.0,2007,1738,Evan,Night
2024-07-18 12:21:00,L9,No issue,0.0,9823,9793,Asha,Day
2024-03-14 00:34:00,T2,Breakdown,0.0,3645,3335,Unknown,Day
2024-08-22 11:36:00,L9,No issue,0.0,3735,3350,Chen,Night
2024-09-05 21:06:00,T1,PM,0.0,11800,10615,Unknown,Day
2024-05-07 14:55:00,P1,Breakdown,1.0,1986,1964,Asha,Day
2024-11-22 04:32:00,T1,No issue,0.0,1914,1783,Evan,Day
2024-03-14 04:31:00,L9,No issue,0.0,6576,6263,Ben,Night
2024-08-11 11:50:00,T2,Breakdown,1.0,8897,8501,Diya,Day
2024-07-25 00:54:00,L8,Quality stop,0.0,1854,1706,Diya,Night
2024-11-11 12:30:00,T1,No issue,0.0,5720,4922,Diya,Day
2024-08-31 03:40:00,L8,No issue,0.0,11864,10838,Asha,Night
2024-07-25 05:12:00,T2,Breakdown,4.0,7809,7762,Diya,Day
2024-07-03 08:06:00,L9,Quality stop,1.0,11420,10047,Asha,Day
2024-04-03 21:45:00,T2,Quality stop,4.0,11639,11279,Ben,Day
2024-04-19 03:31:00,T2,No issue,0.0,7220,6800,Asha,Day
2024-11-07 02:29:00,L9,PM,2.0,4672,4503,Ben,Day
2024-07-10 22:55:00,L8,Breakdown,1.0,2807,2399,Diya,Day
2024-04-06 08:04:00,T2,Breakdown,3.0,718,703,Ben,Night
2024-08-01 17:08:00,L9,No issue,0.0,7670,6670,Asha,Day
2024-02-14 21:01:00,L8,No issue,0.0,3378,3182,Asha,Night
2024-10-25 00:43:00,P1,Changeover,1.0,5674,5563,Asha,Day
2024-07-15 08:14:00,P1,No issue,0.0,4981,4625,Evan,Day
2024-06-18 12:00:00,L8,No issue,0.0,9229,8178,Chen,Night
2024-11-28 22:02:00,L8,Quality stop,1.0,6010,5385,Evan,Day
2024-07-21 13:38:00,P1,No issue,0.0,6971,6906,Ben,Day
2024-04-24 17:24:00,T2,PM,1.0,8138,7059,Evan,Day
2024-01-29 04:11:00,T1,No issue,0.0,5464,4689,Diya,Day
2024-08-19 12:24:00,L9,No issue,0.0,11362,10409,Asha,Day
2024-12-22 23:19:00,P1,No issue,0.0,11197,9665,Ben,Day
2024-04-13 14:53:00,L9,Breakdown,1.0,933,846,Chen,Day
2024-09-04 13:50:00,P1,Breakdown,3.0,3458,3438,Asha,Night
2024-01-02 16:58:00,L8,Changeover,1.0,11592,11062,Ben,Day
2024-03-21 08:27:00,T2,PM,3.0,5708,5191,Asha,Day
2024-08-12 22:47:00,T1,Breakdown,0.0,10940,10578,Diya,Day
2024-02-18 19:04:00,T1,No issue,0.0,6631,6051,Evan,Night
2024-08-02 19:53:00,L8,No issue,0.0,5781,5639,Asha,Day
2024-09-11 10:04:00,T2,No issue,0.0,7044,6916,Ben,Day
2024-12-19 22:26:00,P1,No issue,0.0,5913,5513,Unknown,Night
2024-05-20 20:27:00,T2,Changeover,0.0,1911,1801,Diya,Night
2024-08-12 13:44:00,P1,No issue,0.0,45,41,Chen,Night
2024-08-12 12:15:00,T2,No issue,0.0,7763,7571,Evan,Day
2024-12-18 22:54:00,P1,PM,1.0,11478,10926,Diya,Night
2024-07-09 03:13:00,T2,Breakdown,0.0,1912,1738,Diya,Night
2024-11-24 19:24:00,L8,No issue,0.0,3901,3540,Chen,Day
2024-10-23 03:20:00,P1,No issue,0.0,7875,7080,Asha,Night
2024-02-20 18:52:00,T2,Quality stop,1.0,6205,6116,Ben,Night
2024-06-09 21:31:00,T1,Changeover,3.0,7329,7319,Chen,Night
2024-06-12 14:01:00,L9,PM,1.0,10677,10066,Ben,Day
2024-09-22 22:05:00,T2,No issue,0.0,11465,10486,Diya,Night
2024-01-10 06:43:00,L9,No issue,0.0,11125,9864,Chen,Night
2024-10-18 14:50:00,T2,Changeover,1.0,7264,7035,Evan,Night
2024-10-20 05:46:00,P1,No issue,0.0,8971,8949,Ben,Day
2024-02-11 22:12:00,P1,No issue,0.0,1962,1713,Asha,Night
2024-07-21 06:17:00,L9,Breakdown,1.0,4359,4201,Evan,Night
2024-09-11 13:16:00,T2,PM,3.0,944,899,Diya,Day
2024-03-22 06:34:00,T1,No issue,0.0,1698,1540,Asha,Day
2024-06-19 04:05:00,L9,Quality stop,0.0,10329,9394,Unknown,Night
2024-08-18 19:53:00,L8,No issue,0.0,1203,1095,Ben,Day
2024-06-06 08:37:00,L9,PM,0.0,7951,7452,Diya,Night
2024-08-27 05:05:00,T1,Breakdown,0.0,7635,6769,Asha,Day
2024-10-28 21:00:00,T1,Breakdown,2.0,331,284,Ben,Night
2024-06-06 22:08:00,T2,No issue,0.0,2349,2047,Evan,Night
2024-05-24 03:19:00,P1,PM,1.0,2877,2745,Ben,Day
2024-08-11 22:16:00,T2,No issue,0.0,9606,9416,Chen,Day
2024-02-02 06:22:00,T2,No issue,0.0,8481,8028,Chen,Day
2024-06-16 20:08:00,L8,PM,1.0,8529,7428,Diya,Night
2024-01-31 02:29:00,L9,Breakdown,0.0,6702,5705,Asha,Night
2024-02-25 10:49:00,T1,Quality stop,0.0,11598,11215,Chen,Day
2024-12-17 00:32:00,T1,Quality stop,0.0,7538,7327,Asha,Day
2024-11-14 23:16:00,T2,No issue,0.0,6619,6102,Chen,Day
2024-02-08 00:02:00,P1,Changeover,0.0,10460,10374,Evan,Day
2024-03-23 19:07:00,L9,Quality stop,3.0,289,270,Chen,Day
2024-05-25 07:30:00,L8,No issue,0.0,10620,9440,Evan,Night
2024-06-15 09:19:00,T1,Changeover,2.0,8417,7526,Ben,Day
2024-08-26 10:28:00,T2,PM,0.0,7418,6692,Asha,Day
2024-11-23 06:19:00,T1,No issue,0.0,6065,5389,Chen,Day
2024-04-26 16:47:00,L9,No issue,0.0,2140,2079,Ben,Night
2024-07-07 01:40:00,P1,Breakdown,1.0,4788,4392,Evan,Night
2024-10-26 09:42:00,P1,Changeover,0.0,330,283,Asha,Day
2024-05-03 22:42:00,L9,No issue,0.0,1197,1136,Ben,Day
2024-02-23 20:14:00,L8,PM,2.0,7382,7121,Ben,Night
2024-11-18 17:23:00,L8,Changeover,2.0,2583,2307,Ben,Day
2024-07-20 13:01:00,P1,No issue,0.0,4757,4614,Ben,Night
2024-09-29 02:25:00,T1,No issue,0.0,1890,1788,Chen,Night
2024-08-10 23:25:00,P1,No issue,0.0,9282,8010,Asha,Day
2024-10-17 08:45:00,T2,No issue,0.0,258,232,Asha,Night
2024-03-05 22:23:00,L8,PM,0.0,6106,5574,Chen,Day
2024-08-16 02:49:00,L8,No issue,0.0,7830,6982,Ben,Day
2024-04-28 09:41:00,L8,No issue,0.0,7737,7311,Unknown,Night
2024-08-28 07:29:00,P1,Breakdown,2.0,7208,6803,Unknown,Night
2024-06-23 20:02:00,T2,Quality stop,0.0,10087,9899,Diya,Night
2024-08-03 20:03:00,P1,Breakdown,0.0,11299,10637,Asha,Day
2024-02-19 18:33:00,T1,No issue,0.0,2445,2351,Unknown,Day
2024-02-26 15:05:00,P1,PM,0.0,7026,6815,Asha,Night
2024-10-05 20:14:00,T2,Changeover,3.0,1039,988,Diya,Day
2024-05-16 02:35:00,T1,Breakdown,0.0,10242,8747,Chen,Day
2024-01-08 23:19:00,T2,No issue,0.0,7881,7231,Asha,Night
2024-09-18 01:29:00,P1,No issue,0.0,11750,10413,Diya,Day
2024-10-30 10:53:00,T1,Breakdown,0.0,1843,1647,Chen,Day
2024-08-30 11:21:00,P1,Quality stop,2.0,8764,7566,Diya,Night
2024-11-24 03:13:00,L9,No issue,0.0,2504,2219,Ben,Day
2024-07-30 04:00:00,L9,PM,1.0,6913,6115,Diya,Night
2024-03-05 00:23:00,T1,Changeover,2.0,11497,10215,Asha,Day
2024-02-03 16:15:00,P1,No issue,0.0,3602,3342,Unknown,Day
2024-05-04 05:34:00,L8,No issue,0.0,4666,4583,Diya,Night
2024-02-02 11:00:00,T2,Breakdown,0.0,645,597,Diya,Night
2024-02-03 14:32:00,L9,Breakdown,4.0,8905,8683,Evan,Day
2024-07-11 16:18:00,T1,No issue,0.0,11305,10756,Chen,Night
2024-12-18 01:02:00,L8,Breakdown,0.0,1402,1338,Asha,Day
2024-11-07 11:16:00,T1,No issue,0.0,6808,6000,Ben,Day
2024-11-18 05:59:00,P1,PM,0.0,6717,5727,Evan,Day
2024-05-04 09:46:00,L9,Quality stop,0.0,5544,5041,Chen,Night
2024-04-19 09:26:00,L8,No issue,0.0,4891,4542,Evan,Night
2024-03-19 07:09:00,L8,Breakdown,0.0,11709,10373,Asha,Night
2024-05-27 06:44:00,T2,Quality stop,0.0,10930,10623,Chen,Day
2024-02-07 23:48:00,T2,No issue,0.0,4696,4007,Diya,Night
2024-03-24 04:53:00,L9,Quality stop,2.0,5460,5227,Chen,Night
2024-01-19 07:45:00,T1,Quality stop,4.0,5453,4710,Ben,Night
2024-07-18 21:56:00,L9,No issue,0.0,1978,1775,Evan,Night
2024-01-16 19:21:00,L9,Breakdown,0.0,3867,3730,Diya,Night
2024-07-28 11:17:00,P1,Quality stop,0.0,2005,1738,Chen,Day
2024-02-21 02:29:00,T2,No issue,0.0,7390,6443,Diya,Night
2024-12-21 14:22:00,L8,Changeover,0.0,7693,7105,Ben,Day
2024-06-09 00:26:00,T2,Breakdown,1.0,10231,9178,Chen,Night
2024-05-18 21:29:00,T2,PM,0.0,5641,5191,Evan,Night
2024-12-12 05:19:00,T1,No issue,0.0,5812,5317,Chen,Night
2024-11-04 21:22:00,L8,No issue,0.0,4792,4228,Diya,Night
2024-03-12 07:24:00,P1,No issue,0.0,1061,913,Diya,Day
2024-02-13 05:09:00,T1,Quality stop,3.0,854,804,Asha,Day
2024-10-26 13:50:00,T2,Quality stop,0.0,556,531,Chen,Day
2024-07-29 04:10:00,L9,Quality stop,1.0,10139,8675,Ben,Day
2024-08-14 16:13:00,T1,Breakdown,1.0,9294,9082,Ben,Day
2024-09-24 10:31:00,T1,No issue,0.0,2424,2159,Ben,Night
2024-02-25 16:27:00,P1,No issue,0.0,4298,3737,Chen,Night
2024-02-18 22:16:00,P1,No issue,0.0,6236,5361,Asha,Day
2024-10-09 00:26:00,P1,No issue,0.0,8549,7530,Diya,Night
2024-09-16 00:04:00,L9,PM,0.0,10552,9400,Asha,Night
2024-06-30 05:56:00,T2,Breakdown,1.0,7892,7409,Ben,Day
2024-05-17 14:24:00,T2,No issue,0.0,8580,7863,Diya,Day
2024-03-29 02:51:00,L9,Breakdown,1.0,7919,7190,Ben,Day
2024-02-06 22:57:00,P1,Quality stop,1.0,769,678,Asha,Day
2024-10-19 16:55:00,T1,Quality stop,2.0,11816,11489,Ben,Day
2024-01-19 23:45:00,P1,No issue,0.0,7325,6694,Chen,Night
2024-12-13 17:24:00,L9,PM,0.0,8488,7577,Asha,Night
2024-06-22 22:24:00,T2,PM,2.0,8013,7040,Ben,Day
2024-01-27 12:06:00,P1,Breakdown,1.0,2019,1949,Chen,Night
2024-04-29 09:27:00,P1,PM,0.0,921,858,Diya,Day
2024-02-15 17:40:00,T2,Changeover,0.0,3961,3560,Asha,Night
2024-11-07 23:41:00,T1,No issue,0.0,11335,11060,Asha,Night
2024-12-29 01:15:00,T1,PM,0.0,10224,9571,Diya,Night
2024-08-01 13:42:00,T1,Breakdown,4.0,8155,7658,Chen,Day
2024-11-29 07:04:00,P1,Quality stop,1.0,1183,1033,Chen,Day
2024-12-14 11:04:00,P1,Breakdown,0.0,251,230,Ben,Night
2024-08-04 22:39:00,L8,No issue,0.0,9372,9369,Ben,Day
2024-11-18 12:01:00,P1,PM,1.0,6196,5443,Asha,Night
2024-05-05 18:41:00,L9,No issue,0.0,7177,6551,Chen,Day
2024-11-30 07:36:00,L8,No issue,0.0,5715,5157,Evan,Day
2024-04-24 01:34:00,T1,Breakdown,0.0,7117,7053,Asha,Day
2024-04-14 14:38:00,T1,PM,0.0,10231,9793,Asha,Night
2024-09-29 14:38:00,L8,Breakdown,1.0,1618,1497,Ben,Day
2024-02-21 18:38:00,L9,No issue,0.0,4761,4414,Chen,Day
2024-04-19 01:03:00,P1,Breakdown,0.0,4421,3851,Ben,Night
2024-04-09 19:10:00,T1,No issue,0.0,10061,9493,Asha,Night
2024-10-21 14:59:00,L9,No issue,0.0,8843,7871,Chen,Day
2024-01-12 03:01:00,T1,No issue,0.0,3544,3415,Asha,Night
2024-11-14 07:46:00,T1,Breakdown,1.0,1270,1167,Diya,Day
2024-10-03 00:36:00,P1,No issue,0.0,2033,1741,Chen,Night
2024-06-09 17:12:00,L9,No issue,0.0,239,219,Evan,Day
2024-05-01 05:51:00,P1,No issue,0.0,330,304,Ben,Day
2024-12-08 12:58:00,L8,Breakdown,1.0,3608,3271,Ben,Day
2024-07-13 21:18:00,L9,No issue,0.0,6821,6009,Chen,Day
2024-04-03 22:16:00,T2,Breakdown,0.0,8215,6990,Ben,Night
2024-11-10 20:41:00,T2,No issue,0.0,1806,1695,Chen,Day
2024-12-23 11:27:00,T2,No issue,0.0,5156,4612,Ben,Night
2024-12-30 21:12:00,T1,No issue,0.0,3782,3279,Chen,Night
2024-05-15 09:21:00,T1,Quality stop,1.0,7468,6982,Diya,Day
2024-07-01 11:05:00,T1,No issue,0.0,11728,10029,Asha,Day
2024-02-05 16:44:00,P1,Breakdown,0.0,6685,5773,Asha,Night
2024-08-04 02:41:00,T1,No issue,0.0,9621,9296,Diya,Night
2024-06-18 02:12:00,L9,PM,3.0,7412,7274,Diya,Day
2024-02-07 14:30:00,P1,Quality stop,4.0,6801,6347,Asha,Night
2024-07-06 07:04:00,P1,Changeover,0.0,4300,4300,Evan,Day
2024-10-09 14:35:00,T2,Breakdown,1.0,2559,2487,Ben,Night
2024-05-25 19:27:00,P1,No issue,0.0,3533,3193,Asha,Day
2024-12-01 21:04:00,P1,No issue,0.0,9740,8447,Asha,Night
2024-06-13 09:09:00,P1,Breakdown,4.0,4394,3900,Ben,Night
2024-07-16 14:57:00,T2,No issue,0.0,10532,9326,Diya,Day
2024-03-08 17:51:00,T2,PM,3.0,4510,4337,Diya,Night
2024-04-19 10:07:00,T2,Breakdown,0.0,7342,6723,Ben,Day
2024-10-09 20:38:00,L8,No issue,0.0,9594,9361,Chen,Day
2024-12-02 00:12:00,P1,PM,2.0,2503,2421,Diya,Day
2024-03-06 18:38:00,L8,No issue,0.0,4296,4254,Asha,Day
2024-09-20 21:11:00,L9,PM,1.0,11272,10851,Asha,Day
2024-12-27 05:53:00,P1,No issue,0.0,9133,8793,Chen,Day
2024-07-22 10:43:00,T2,Breakdown,1.0,4953,4446,Asha,Night
2024-12-24 00:06:00,L8,Quality stop,3.0,6709,6595,Unknown,Day
2024-01-22 04:03:00,T1,No issue,0.0,4962,4305,Ben,Night
2024-12-24 16:00:00,P1,Quality stop,0.0,599,591,Asha,Day
2024-08-05 16:12:00,T1,Breakdown,1.0,11881,11144,Asha,Night
2024-04-09 11:48:00,T2,Changeover,4.0,5000,4998,Diya,Day
2024-01-30 02:07:00,L8,No issue,0.0,4468,3888,Ben,Day
2024-08-18 21:30:00,P1,Breakdown,1.0,11915,10817,Ben,Night
2024-12-18 18:27:00,T1,Changeover,0.0,8762,7552,Evan,Night
2024-06-25 22:30:00,T1,No issue,0.0,3189,2892,Chen,Day
2024-02-22 07:13:00,T1,Breakdown,0.0,5151,4990,Ben,Night
2024-04-15 06:54:00,L8,Quality stop,1.0,4694,4634,Evan,Day
2024-02-03 14:32:00,L8,No issue,0.0,1563,1406,Chen,Day
2024-09-03 23:12:00,L9,Breakdown,1.0,7302,6851,Diya,Day
2024-06-21 15:14:00,L9,No issue,0.0,8872,8819,Asha,Night
2024-11-13 11:06:00,L9,No issue,0.0,6785,6073,Chen,Night
2024-01-26 01:22:00,P1,Breakdown,0.0,3415,2929,Chen,Night
2024-03-26 16:13:00,L9,No issue,0.0,8673,8663,Asha,Day
2024-01-16 15:25:00,L9,Breakdown,4.0,8454,7884,Evan,Night
2024-09-30 00:30:00,L9,No issue,0.0,5068,4687,Diya,Night
2024-08-18 02:14:00,L8,Changeover,4.0,1004,913,Diya,Day
2024-08-02 10:06:00,T2,Breakdown,0.0,1912,1836,Chen,Day
2024-01-05 12:33:00,P1,Quality stop,0.0,856,797,Ben,Night
2024-05-11 22:03:00,P1,No issue,0.0,6807,6543,Evan,Day
2024-07-31 13:55:00,L8,Quality stop,2.0,2409,2158,Asha,Day
2024-05-23 03:58:00,L8,No issue,0.0,10144,8795,Chen,Day
2024-07-18 22:23:00,L9,PM,1.0,7169,7094,Ben,Day
2024-12-12 23:28:00,L8,Breakdown,0.0,917,885,Chen,Day
2024-02-14 02:39:00,P1,Quality stop,1.0,5602,5392,Diya,Day
2024-05-27 19:20:00,L9,No issue,0.0,4993,4377,Diya,Night
2024-07-31 11:05:00,L9,No issue,0.0,9831,8852,Ben,Night
2024-06-20 23:36:00,T2,No issue,0.0,2415,2061,Ben,Day
2024-11-01 05:45:00,L8,PM,0.0,6816,6127,Chen,Day
2024-03-08 15:50:00,T2,No issue,0.0,6736,5988,Ben,Day
2024-11-08 22:19:00,T1,Breakdown,1.0,3619,3232,Chen,Day
2024-02-04 06:04:00,T2,Breakdown,0.0,2483,2311,Diya,Night
2024-03-06 12:29:00,L8,PM,1.0,2386,2043,Asha,Night
2024-10-10 18:56:00,L9,Breakdown,1.0,9290,8759,Asha,Day
2024-12-04 07:47:00,L8,Changeover,0.0,1813,1662,Chen,Night
2024-03-06 05:09:00,L8,No issue,0.0,7477,6789,Chen,Day
2024-11-22 13:45:00,T2,PM,0.0,9045,8825,Asha,Night
2024-09-04 17:56:00,T2,No issue,0.0,446,381,Unknown,Night
2024-05-21 17:00:00,L9,Breakdown,0.0,2344,1994,Evan,Day
2024-01-22 01:16:00,T1,No issue,0.0,3916,3552,Ben,Night
2024-12-02 06:03:00,P1,No issue,0.0,5348,4677,Unknown,Day
2024-05-11 14:17:00,L8,No issue,0.0,2219,2024,Diya,Night
2024-01-13 03:05:00,L8,PM,0.0,3789,3777,Chen,Day
2024-09-05 10:16:00,L9,PM,0.0,5996,5262,Chen,Day
2024-06-07 06:31:00,T2,No issue,0.0,5192,4982,Asha,Day
2024-04-07 13:19:00,T1,No issue,0.0,11197,9804,Chen,Night
2024-08-02 15:19:00,L8,Changeover,0.0,8957,8567,Diya,Day
2024-10-08 10:13:00,L9,No issue,0.0,4188,3926,Ben,Day
2024-04-12 15:33:00,L9,Quality stop,1.0,7471,6871,Ben,Day
2024-10-15 02:29:00,L8,Changeover,1.0,4730,4340,Diya,Night
2024-04-30 07:23:00,T1,PM,2.0,4288,4049,Diya,Night
2024-03-11 03:48:00,L9,PM,0.0,1757,1581,Diya,Day
2024-08-30 02:37:00,L9,No issue,0.0,2016,1920,Diya,Night
2024-02-12 20:59:00,T2,Quality stop,0.0,2631,2560,Ben,Night
2024-08-17 21:56:00,T2,Breakdown,0.0,889,864,Ben,Day
2024-12-07 06:09:00,T2,PM,1.0,10519,9092,Ben,Night
2024-01-29 02:43:00,T2,Breakdown,0.0,4412,3897,Chen,Day
2024-09-04 05:19:00,P1,No issue,0.0,692,634,Chen,Day
2024-10-13 13:29:00,L9,No issue,0.0,4593,4538,Diya,Day
2024-05-17 18:08:00,T2,No issue,0.0,6676,6101,Evan,Night
2024-05-05 04:08:00,P1,No issue,0.0,9314,8525,Diya,Day
2024-02-25 22:46:00,T1,No issue,0.0,4868,4845,Diya,Day
2024-02-09 21:42:00,P1,Quality stop,1.0,9146,8620,Diya,Night
2024-03-29 05:56:00,P1,Breakdown,0.0,2724,2549,Diya,Night
2024-06-27 21:03:00,L8,Quality stop,0.0,1864,1782,Ben,Night
2024-04-05 16:53:00,L8,No issue,0.0,766,754,Chen,Day
2024-09-14 12:26:00,P1,Changeover,0.0,5968,5847,Evan,Day
2024-01-19 13:27:00,P1,Quality stop,3.0,5050,4751,Diya,Day
2024-06-08 19:03:00,P1,Breakdown,0.0,4814,4490,Asha,Night
2024-02-27 15:29:00,L8,No issue,0.0,3797,3645,Ben,Night
2024-06-27 00:50:00,L8,Breakdown,1.0,1792,1532,Evan,Night
2024-01-14 16:03:00,L9,No issue,0.0,3829,3290,Evan,Night
2024-02-24 11:48:00,T2,No issue,0.0,9204,9178,Ben,Day
2024-04-21 14:40:00,T2,No issue,0.0,1773,1517,Chen,Night
2024-11-28 20:18:00,L9,Changeover,0.0,11491,11474,Diya,Day
2024-04-02 16:50:00,P1,No issue,0.0,214,205,Evan,Night
2024-02-29 13:27:00,L8,No issue,0.0,4324,4301,Diya,Night
2024-07-23 00:21:00,P1,No issue,0.0,944,876,Chen,Day
2024-11-07 19:15:00,L9,Quality stop,1.0,9385,8100,Chen,Day
2024-05-14 19:32:00,T1,Breakdown,1.0,7270,6229,Diya,Day
2024-07-03 09:23:00,L9,Quality stop,4.0,5033,4700,Asha,Day
2024-01-03 08:37:00,L8,Quality stop,2.0,2202,1966,Evan,Night
2024-11-14 20:41:00,L8,Breakdown,0.0,4850,4620,Chen,Day
2024-01-25 09:25:00,P1,No issue,0.0,11566,10780,Asha,Day
2024-03-25 05:52:00,P1,No issue,0.0,3759,3484,Ben,Day
2024-04-05 23:24:00,L9,Quality stop,0.0,3315,2943,Evan,Day
2024-12-12 10:45:00,T2,Changeover,2.0,7404,6718,Ben,Day
2024-11-28 06:50:00,T2,Breakdown,1.0,7382,6490,Chen,Night
2024-08-31 19:11:00,T2,Breakdown,0.0,10843,10822,Asha,Night
2024-08-08 05:09:00,P1,Breakdown,0.0,3250,2911,Unknown,Night
2024-08-21 07:12:00,T2,PM,0.0,937,925,Chen,Day
2024-04-13 23:37:00,T2,Changeover,0.0,1766,1753,Asha,Night
2024-06-02 10:25:00,L8,PM,0.0,3258,2950,Asha,Day
2024-10-20 19:05:00,T1,No issue,0.0,8392,7971,Diya,Night
2024-10-22 04:54:00,T2,No issue,0.0,490,488,Ben,Day
2024-02-12 02:59:00,L8,PM,2.0,8624,8069,Asha,Day
2024-09-01 04:46:00,P1,Quality stop,0.0,8019,7903,Asha,Day
2024-09-13 22:08:00,L9,Quality stop,1.0,7446,6749,Asha,Day
2024-09-24 05:50:00,T1,No issue,0.0,3742,3489,Asha,Night
2024-10-30 02:52:00,T1,Breakdown,1.0,4740,4396,Diya,Night
2024-04-25 12:21:00,L9,No issue,0.0,4732,4571,Chen,Day
2024-03-26 02:24:00,T1,Breakdown,0.0,10562,9754,Evan,Night
2024-07-23 08:07:00,L9,Breakdown,1.0,7472,6645,Chen,Day
2024-01-10 17:30:00,P1,Breakdown,0.0,4710,4590,Asha,Night
2024-08-24 16:48:00,L8,Breakdown,0.0,2033,1864,Chen,Day
2024-10-17 16:39:00,L9,Breakdown,0.0,4462,4303,Ben,Night
2024-08-31 22:53:00,T1,No issue,0.0,2613,2582,Evan,Day
2024-01-13 16:58:00,L8,Breakdown,1.0,1401,1252,Chen,Night
2024-07-12 23:21:00,T2,Changeover,1.0,5358,4636,Diya,Day
2024-08-21 22:10:00,T1,Breakdown,3.0,6553,6413,Ben,Day
2024-05-23 12:03:00,P1,No issue,0.0,5479,5057,Chen,Night
2024-04-25 18:57:00,L8,No issue,0.0,783,744,Ben,Day
2024-12-25 01:52:00,P1,PM,1.0,317,285,Ben,Night
2024-01-16 14:52:00,T1,No issue,0.0,6053,5795,Evan,Day
2024-12-11 09:40:00,L9,No issue,0.0,6882,6626,Diya,Night
2024-12-14 07:14:00,L9,Quality stop,0.0,4409,4056,Chen,Night
2024-05-25 20:50:00,T1,Changeover,0.0,7294,7028,Diya,Night
2024-11-16 19:21:00,L8,No issue,0.0,7394,6489,Evan,Day
2024-03-03 14:22:00,L8,Changeover,0.0,2932,2510,Asha,Day
2024-01-04 21:38:00,T2,Quality stop,2.0,7114,6639,Asha,Day
2024-12-18 09:04:00,T2,PM,1.0,11855,11706,Ben,Day
2024-02-25 21:50:00,T2,No issue,0.0,6265,6136,Ben,Day
2024-11-21 15:17:00,T1,Breakdown,4.0,7548,6838,Evan,Day
2024-06-12 19:20:00,L8,No issue,0.0,10828,10530,Evan,Day
2024-08-12 09:27:00,T2,PM,1.0,785,709,Unknown,Night
2024-07-06 18:51:00,T2,PM,2.0,5891,5418,Ben,Night
2024-08-02 04:17:00,L8,PM,1.0,11557,11005,Ben,Day
2024-04-10 15:10:00,T2,No issue,0.0,2033,1925,Chen,Day
2024-05-26 14:09:00,T1,Quality stop,0.0,2006,1734,Diya,Day
2024-10-25 12:35:00,T2,No issue,0.0,1928,1867,Asha,Day
2024-12-01 18:18:00,L8,PM,4.0,116,115,Asha,Day
2024-09-15 00:00:00,L8,Breakdown,4.0,3469,2975,Evan,Day
2024-12-06 07:20:00,T1,No issue,0.0,277,267,Chen,Night
2024-11-12 19:56:00,T1,Quality stop,1.0,5216,5165,Asha,Day
2024-07-02 20:54:00,T2,PM,0.0,10421,9154,Ben,Night
2024-02-28 13:30:00,L8,No issue,0.0,9472,8714,Diya,Night
2024-01-17 23:11:00,L8,Breakdown,1.0,368,355,Chen,Night
2024-11-10 03:44:00,L9,Breakdown,0.0,5758,5329,Evan,Day
2024-04-28 21:12:00,T1,No issue,0.0,11587,10203,Chen,Day
2024-07-15 10:54:00,L8,Breakdown,1.0,11528,10881,Chen,Night
2024-12-24 20:38:00,T2,PM,1.0,5003,4978,Ben,Day
2024-11-04 22:17:00,T1,Quality stop,4.0,1529,1345,Asha,Night
2024-11-06 16:52:00,L9,No issue,0.0,9048,9003,Evan,Day
2024-08-07 06:00:00,T2,PM,0.0,1071,991,Ben,Night
2024-09-11 04:26:00,L9,No issue,0.0,7872,6982,Ben,Night
2024-05-20 18:07:00,L8,No issue,0.0,9222,9045,Chen,Day
2024-11-15 09:29:00,T2,Breakdown,0.0,7241,6866,Evan,Day
2024-07-18 06:46:00,T1,Changeover,1.0,7830,7742,Asha,Day
2024-06-10 12:09:00,P1,No issue,0.0,8669,8326,Chen,Day
2024-10-20 08:19:00,T1,No issue,0.0,2827,2680,Unknown,Day
2024-06-03 06:55:00,T2,No issue,0.0,4350,3862,Ben,Day
2024-04-22 08:19:00,P1,Quality stop,0.0,7416,7379,Asha,Night
2024-03-26 04:47:00,L9,No issue,0.0,1877,1844,Asha,Day
2024-11-06 21:15:00,T1,Breakdown,2.0,6754,6725,Diya,Day
2024-02-20 02:28:00,T2,Quality stop,1.0,4346,3717,Asha,Day
2024-04-16 01:58:00,L8,Breakdown,0.0,4474,4155,Diya,Day
2024-10-24 11:37:00,L9,Changeover,0.0,4546,4147,Diya,Night
2024-07-22 14:55:00,L9,Quality stop,1.0,2266,2083,Diya,Night
2024-08-15 03:34:00,L8,Breakdown,4.0,10400,9603,Chen,Night
2024-05-13 23:56:00,L9,Breakdown,4.0,6782,5786,Asha,Day
2024-11-21 03:15:00,P1,PM,2.0,9880,9502,Diya,Day
2024-09-04 10:44:00,P1,Breakdown,1.0,6142,5762,Ben,Day
2024-07-16 07:46:00,L9,No issue,0.0,2557,2219,Diya,Day
2024-11-13 05:30:00,L8,Changeover,0.0,6720,6183,Diya,Day
2024-06-22 07:11:00,T1,PM,0.0,5737,5520,Unknown,Day
2024-12-02 18:39:00,L9,No issue,0.0,9707,8336,Ben,Day
2024-07-29 10:51:00,L8,Breakdown,0.0,3827,3558,Ben,Day
2024-08-11 23:40:00,L8,Quality stop,4.0,4215,3815,Unknown,Night
2024-01-02 16:05:00,L9,PM,0.0,2125,1904,Evan,Day
2024-02-04 18:54:00,P1,PM,0.0,9652,8396,Diya,Day
2024-12-10 18:19:00,L8,Breakdown,4.0,10540,10242,Diya,Night
2024-11-01 16:59:00,L8,Changeover,4.0,7647,7463,Chen,Night
2024-11-19 14:05:00,L8,No issue,0.0,4768,4168,Ben,Night
2024-11-17 01:24:00,P1,Quality stop,0.0,11178,9746,Ben,Day
2024-02-23 02:17:00,T2,PM,0.0,7311,7011,Asha,Day
2024-07-06 13:06:00,T2,No issue,0.0,9517,8790,Diya,Day
2024-12-03 02:13:00,P1,No issue,0.0,8640,8386,Evan,Day
2024-03-27 08:14:00,L9,No issue,0.0,6696,6078,Diya,Day
2024-11-17 05:53:00,L8,No issue,0.0,6782,6732,Ben,Day
2024-07-17 05:38:00,L9,No issue,0.0,5410,4958,Chen,Day
2024-12-15 03:26:00,L8,Breakdown,1.0,869,801,Evan,Night
2024-08-08 21:22:00,L9,No issue,0.0,1474,1377,Ben,Day
2024-09-26 05:55:00,P1,Breakdown,1.0,6831,6360,Evan,Day
2024-04-13 14:40:00,P1,No issue,0.0,5203,4646,Evan,Day
2024-10-30 04:49:00,T1,No issue,0.0,10188,9511,Evan,Night
2024-09-28 14:44:00,P1,No issue,0.0,9224,8723,Chen,Night
2024-10-05 07:30:00,T1,No issue,0.0,10401,9113,Unknown,Day
2024-09-04 01:46:00,T2,No issue,0.0,1304,1277,Asha,Day
2024-08-30 12:26:00,T1,No issue,0.0,2364,2069,Unknown,Night
2024-12-20 04:11:00,P1,No issue,0.0,3068,2893,Diya,Night
2024-03-09 20:30:00,L9,Breakdown,1.0,3142,3051,Chen,Day
2024-09-03 09:11:00,P1,Breakdown,0.0,2838,2577,Diya,Day
2024-01-06 03:42:00,P1,PM,1.0,6464,5934,Diya,Day
2024-05-30 04:03:00,L8,Breakdown,0.0,8430,8253,Chen,Night
2024-07-01 08:45:00,L8,No issue,0.0,11397,9987,Chen,Day
2024-01-08 20:14:00,T2,Breakdown,0.0,10923,10381,Evan,Day
2024-08-28 13:58:00,T1,Changeover,3.0,732,707,Diya,Night
2024-09-02 00:56:00,L8,No issue,0.0,3075,2800,Ben,Night
2024-09-21 04:22:00,L8,Breakdown,1.0,8340,7895,Chen,Night
2024-04-12 00:26:00,L8,PM,1.0,1933,1735,Diya,Night
2024-07-29 02:11:00,T1,Changeover,4.0,10456,9652,Asha,Day
2024-02-15 01:41:00,L8,Quality stop,2.0,10294,8955,Ben,Night
2024-09-09 01:39:00,L8,No issue,0.0,6158,5337,Chen,Day
2024-02-22 07:14:00,L9,No issue,0.0,5147,4577,Diya,Day
2024-03-17 15:31:00,L8,PM,1.0,9980,8554,Chen,Night
2024-08-06 05:20:00,T2,Breakdown,0.0,3613,3585,Ben,Day
2024-10-01 04:04:00,L9,Quality stop,0.0,6031,5549,Evan,Night
2024-04-08 18:51:00,T1,No issue,0.0,10123,9504,Ben,Day
2024-05-07 10:18:00,L8,No issue,0.0,9218,8262,Asha,Day
2024-12-30 22:04:00,L9,No issue,0.0,7876,7829,Chen,Day
2024-08-09 13:51:00,T2,No issue,0.0,5306,5000,Chen,Night
2024-10-01 07:01:00,T2,Quality stop,2.0,344,342,Unknown,Day
2024-12-19 10:10:00,L8,No issue,0.0,611,525,Ben,Night
2024-10-05 14:02:00,L9,Changeover,4.0,6475,6046,Diya,Night
2024-08-24 02:47:00,P1,Breakdown,1.0,10510,10301,Diya,Night
2024-06-30 06:21:00,L8,No issue,0.0,4598,4039,Evan,Day
2024-07-23 09:48:00,P1,No issue,0.0,6365,5816,Asha,Day
2024-10-08 07:14:00,T2,No issue,0.0,10178,9230,Chen,Day
2024-05-06 13:19:00,L9,No issue,0.0,2428,2279,Unknown,Night
2024-07-01 05:09:00,P1,No issue,0.0,4501,4075,Ben,Night
2024-04-22 11:13:00,P1,No issue,0.0,5456,4852,Unknown,Night
2024-11-01 16:45:00,P1,No issue,0.0,9690,8800,Chen,Night
2024-02-20 16:39:00,P1,Changeover,3.0,8601,8491,Unknown,Day
2024-04-30 03:57:00,L9,Quality stop,1.0,668,568,Asha,Day
2024-06-03 15:19:00,T1,Quality stop,0.0,11841,10933,Diya,Day
2024-02-04 15:33:00,T1,Changeover,2.0,1474,1438,Chen,Day
2024-04-18 19:34:00,T2,Changeover,0.0,10510,9883,Diya,Day
2024-02-11 16:22:00,T1,Breakdown,0.0,4659,4341,Diya,Day
2024-11-17 16:49:00,P1,No issue,0.0,8258,7727,Chen,Day
2024-11-10 09:09:00,T2,No issue,0.0,7350,7060,Diya,Day
2024-03-04 23:14:00,T1,PM,3.0,2329,2167,Unknown,Day
2024-10-27 02:01:00,P1,Breakdown,1.0,5669,5042,Diya,Day
2024-06-02 06:44:00,P1,Quality stop,0.0,9595,8242,Evan,Day
2024-04-25 06:45:00,P1,Breakdown,1.0,3053,2893,Asha,Day
2024-11-09 21:15:00,P1,Breakdown,1.0,9020,8559,Evan,Day
2024-04-07 01:04:00,P1,No issue,0.0,9372,8177,Chen,Day
2024-10-07 01:11:00,P1,Breakdown,2.0,3595,3249,Evan,Day
2024-09-21 21:54:00,L9,Quality stop,1.0,7751,6770,Chen,Night
2024-12-20 13:16:00,T2,Changeover,1.0,848,825,Diya,Night
2024-12-19 14:29:00,P1,Breakdown,3.0,5391,4666,Asha,Night
2024-12-09 18:20:00,L9,Changeover,2.0,7259,6612,Evan,Night
2024-06-06 23:57:00,P1,Breakdown,1.0,5524,5087,Ben,Day
2024-12-24 07:50:00,T2,PM,2.0,2300,2121,Diya,Day
2024-10-27 15:23:00,P1,No issue,0.0,3515,3039,Ben,Day
2024-11-18 05:09:00,T2,PM,1.0,5764,5570,Diya,Night
2024-01-12 06:24:00,T1,PM,0.0,10989,9542,Evan,Night
2024-01-10 06:57:00,T2,No issue,0.0,1229,1186,Asha,Day
2024-09-07 11:39:00,L9,Breakdown,2.0,5315,4682,Asha,Night
2024-12-24 22:17:00,L8,Breakdown,1.0,9242,8181,Chen,Day
2024-02-11 04:20:00,L8,Quality stop,1.0,5818,5609,Chen,Day
2024-04-12 16:02:00,L8,No issue,0.0,10972,9398,Ben,Day
2024-03-21 09:37:00,T1,PM,0.0,7662,7349,Unknown,Day
2024-04-23 05:21:00,L9,No issue,0.0,2481,2474,Evan,Day
2024-12-29 10:12:00,L8,Breakdown,2.0,9869,9454,Asha,Day
2024-03-01 15:30:00,T1,No issue,0.0,9982,8937,Evan,Day
2024-04-08 00:42:00,T2,PM,0.0,6429,5939,Diya,Day
2024-12-23 14:50:00,T2,Breakdown,0.0,2900,2785,Unknown,Day
2024-09-24 06:45:00,L9,Changeover,2.0,5000,4495,Ben,Night
2024-10-09 06:55:00,L9,Changeover,0.0,10692,9288,Diya,Night
2024-06-25 18:15:00,T2,Breakdown,1.0,1801,1593,Asha,Night
2024-09-22 12:21:00,P1,No issue,0.0,3180,2733,Chen,Day
2024-09-21 23:28:00,T1,Changeover,0.0,11129,10713,Unknown,Day
2024-07-15 06:18:00,P1,No issue,0.0,11554,10657,Diya,Day
2024-08-02 15:01:00,P1,No issue,0.0,11550,10685,Diya,Day
2024-07-30 12:29:00,T1,PM,0.0,6235,5893,Diya,Night
2024-02-07 00:15:00,P1,No issue,0.0,3714,3447,Diya,Night
2024-04-03 20:58:00,T2,No issue,0.0,6151,5651,Chen,Day
2024-12-06 12:32:00,T2,Breakdown,1.0,4004,3944,Evan,Day
2024-03-27 05:02:00,L9,Breakdown,0.0,2188,2013,Diya,Day
2024-05-23 06:41:00,T2,No issue,0.0,5759,5483,Ben,Day
2024-02-10 22:50:00,T1,PM,2.0,5582,4909,Asha,Night
2024-12-25 08:41:00,P1,Changeover,1.0,6602,6237,Asha,Day
2024-12-27 10:54:00,L8,Quality stop,0.0,5592,5572,Evan,Night
2024-05-26 06:36:00,L9,Changeover,1.0,7970,7529,Chen,Day
2024-11-10 13:36:00,T2,No issue,0.0,6432,6282,Chen,Day
2024-09-10 08:26:00,T2,No issue,0.0,8572,8194,Evan,Night
2024-04-18 18:37:00,P1,Breakdown,0.0,8175,7461,Ben,Night
2024-04-09 06:39:00,T1,No issue,0.0,11491,11415,Evan,Day
2024-04-19 13:22:00,L9,No issue,0.0,3097,2668,Ben,Day
2024-02-01 15:35:00,L9,No issue,0.0,3260,2896,Chen,Night
2024-06-14 19:06:00,T1,PM,4.0,9629,8283,Unknown,Day
2024-10-06 23:50:00,L8,No issue,0.0,8382,7576,Diya,Night
2024-03-16 17:29:00,T2,Changeover,4.0,5009,4939,Diya,Day
2024-08-27 18:33:00,L8,Breakdown,1.0,4890,4452,Ben,Day
2024-09-20 06:31:00,P1,No issue,0.0,7091,6239,Ben,Day
2024-03-31 13:28:00,T2,No issue,0.0,6703,5838,Ben,Night
2024-12-30 04:12:00,T1,Breakdown,2.0,7647,7379,Ben,Day
2024-08-12 16:54:00,L9,No issue,0.0,5753,5180,Chen,Day
2024-09-12 03:50:00,L8,No issue,0.0,2851,2747,Asha,Day
2024-11-19 05:12:00,L9,PM,1.0,8388,7600,Diya,Day
2024-08-11 01:49:00,L9,Breakdown,1.0,8070,6954,Diya,Day
2024-01-20 14:31:00,L8,Changeover,2.0,2923,2545,Chen,Day
2024-05-15 22:19:00,L8,No issue,0.0,7284,7118,Ben,Day
2024-04-27 03:21:00,L9,No issue,0.0,2552,2224,Ben,Night
2024-04-19 11:16:00,L8,Changeover,1.0,8345,8197,Evan,Day
2024-09-16 06:57:00,P1,No issue,0.0,6361,5810,Asha,Night
2024-08-27 19:58:00,L8,PM,0.0,951,936,Asha,Night
2024-05-11 02:17:00,L8,Breakdown,0.0,1178,1172,Asha,Day
2024-03-10 20:21:00,T2,Breakdown,0.0,10845,9581,Diya,Day
2024-06-23 00:28:00,T2,Breakdown,3.0,7129,6528,Diya,Day
2024-08-06 21:30:00,T1,PM,3.0,2569,2498,Diya,Day
2024-10-09 11:18:00,P1,Breakdown,1.0,976,936,Asha,Day
2024-06-07 10:22:00,L9,No issue,0.0,1580,1369,Asha,Day
2024-10-15 14:00:00,L8,No issue,0.0,2743,2428,Chen,Night
2024-08-15 09:05:00,L9,No issue,0.0,8630,8024,Evan,Day
2024-01-30 01:07:00,L8,No issue,0.0,1637,1465,Chen,Day
2024-06-09 14:39:00,P1,Breakdown,1.0,6131,5557,Diya,Night
2024-12-23 14:28:00,T1,Breakdown,1.0,2137,2013,Ben,Night
2024-10-27 23:18:00,L8,No issue,0.0,3529,3144,Chen,Night
2024-08-11 21:01:00,T2,Changeover,1.0,10436,9472,Evan,Day
2024-04-26 21:41:00,T1,PM,0.0,10755,10497,Ben,Night
2024-07-27 00:09:00,P1,No issue,0.0,4027,3603,Unknown,Day
2024-04-23 06:03:00,L8,Breakdown,1.0,8593,7813,Chen,Day
2024-11-05 18:29:00,L8,No issue,0.0,9706,8785,Ben,Day
2024-04-29 15:53:00,P1,No issue,0.0,6207,5469,Chen,Day
2024-09-27 20:30:00,T1,Breakdown,0.0,133,128,Diya,Night
2024-09-13 10:14:00,L9,No issue,0.0,4096,4076,Asha,Night
2024-06-22 10:50:00,T1,Changeover,1.0,11298,9971,Diya,Night
2024-09-24 18:18:00,T1,PM,0.0,8428,8369,Unknown,Night
2024-10-23 23:04:00,T1,No issue,0.0,5132,4714,Ben,Night
2024-10-23 21:41:00,T1,Quality stop,0.0,10040,9891,Asha,Day
2024-03-12 08:21:00,L8,Changeover,0.0,11872,10709,Ben,Day
2024-03-05 17:14:00,T2,Quality stop,0.0,9680,8443,Chen,Day
2024-07-17 19:00:00,L8,PM,1.0,6647,5953,Chen,Day
2024-07-02 08:11:00,T2,No issue,0.0,9906,8634,Ben,Night
2024-11-06 04:53:00,T1,No issue,0.0,413,400,Ben,Day
2024-08-24 17:43:00,L8,No issue,0.0,11049,10069,Chen,Night
2024-02-02 00:56:00,T1,Breakdown,2.0,4760,4155,Diya,Day
2024-08-26 03:39:00,L8,No issue,0.0,11257,10307,Asha,Day
2024-10-18 09:42:00,P1,Breakdown,0.0,3316,2834,Ben,Day
2024-04-28 03:26:00,L9,Breakdown,3.0,257,240,Ben,Day
2024-01-24 22:00:00,L8,No issue,0.0,7662,6945,Chen,Night
2024-10-19 02:18:00,T1,Breakdown,2.0,11590,9882,Asha,Day
2024-01-10 02:05:00,P1,Changeover,0.0,3845,3596,Chen,Night
2024-03-05 07:08:00,L8,Breakdown,2.0,6211,5620,Evan,Night
2024-01-19 01:47:00,T2,PM,0.0,9345,8135,Asha,Night
2024-11-18 18:58:00,L8,PM,0.0,1864,1748,Chen,Day
2024-09-20 18:22:00,L8,No issue,0.0,2649,2537,Chen,Day
2024-11-11 19:32:00,L9,Changeover,2.0,8359,7917,Diya,Day
2024-03-18 16:27:00,L8,PM,2.0,3315,3038,Ben,Day
2024-02-05 21:10:00,L9,Changeover,1.0,9504,8431,Diya,Night
2024-07-04 04:16:00,P1,Breakdown,0.0,3572,3269,Evan,Night
2024-12-09 20:58:00,P1,No issue,0.0,6727,6301,Chen,Night
2024-12-07 04:34:00,P1,No issue,0.0,5231,4941,Ben,Night
2024-06-01 15:33:00,L8,Breakdown,2.0,6285,6009,Evan,Night
2024-07-28 04:20:00,T1,Breakdown,2.0,9049,7872,Asha,Day
2024-03-19 06:43:00,T1,No issue,0.0,5567,5452,Ben,Night
2024-07-15 02:29:00,L9,No issue,0.0,11056,10855,Evan,Day
2024-02-15 14:20:00,L8,No issue,0.0,3946,3530,Unknown,Night
2024-03-12 00:49:00,L8,Breakdown,4.0,1974,1724,Asha,Day
2024-02-02 14:18:00,L9,Breakdown,1.0,2915,2845,Unknown,Night
2024-05-28 17:39:00,L8,PM,3.0,8325,7762,Unknown,Night
2024-01-15 23:49:00,T1,Breakdown,1.0,686,585,Asha,Day
2024-05-13 11:04:00,P1,Quality stop,1.0,11887,11400,Diya,Night
2024-07-09 05:11:00,P1,Quality stop,1.0,2381,2034,Diya,Day
2024-01-13 11:06:00,T2,No issue,0.0,1159,1068,Asha,Night
2024-01-21 17:02:00,P1,No issue,0.0,3907,3763,Diya,Day
2024-07-18 09:27:00,P1,Breakdown,1.0,9339,8556,Asha,Day
2024-05-05 15:13:00,L8,No issue,0.0,3576,3129,Ben,Night
2024-04-24 23:22:00,T1,No issue,0.0,8599,8070,Diya,Night
2024-06-05 11:50:00,P1,No issue,0.0,9175,7992,Unknown,Day
2024-11-17 02:52:00,P1,PM,1.0,5866,5168,Ben,Day
2024-11-06 21:37:00,T1,Breakdown,0.0,1415,1281,Ben,Night
2024-03-28 03:32:00,T2,No issue,0.0,1132,997,Ben,Day
2024-01-18 04:53:00,P1,Breakdown,1.0,10634,9336,Evan,Day
2024-04-13 00:54:00,L8,No issue,0.0,8032,7520,Chen,Day
2024-08-08 06:29:00,T2,Breakdown,0.0,4741,4358,Asha,Night
2024-07-22 02:48:00,T1,No issue,0.0,954,890,Unknown,Day
2024-03-25 22:16:00,L9,Changeover,1.0,1798,1587,Diya,Day
2024-09-26 03:22:00,T1,No issue,0.0,5672,5621,Asha,Night
2024-10-19 14:52:00,T1,No issue,0.0,11761,10889,Evan,Day
2024-12-03 02:14:00,L8,No issue,0.0,10862,9253,Asha,Day
2024-09-10 21:30:00,P1,Breakdown,4.0,3769,3740,Diya,Night
2024-08-27 00:00:00,L8,PM,1.0,11371,10409,Diya,Day
2024-08-10 11:10:00,L8,Changeover,0.0,213,203,Evan,Day
2024-07-03 08:21:00,T1,PM,1.0,6605,6213,Asha,Day
2024-03-23 19:23:00,T2,Quality stop,0.0,9298,9085,Ben,Day
2024-05-06 04:35:00,T2,No issue,0.0,9951,9101,Asha,Day
2024-06-29 21:19:00,L8,Quality stop,0.0,5481,4724,Diya,Day
2024-06-04 05:21:00,L8,Breakdown,1.0,3748,3268,Ben,Night
2024-10-13 02:39:00,T2,PM,2.0,6516,5775,Asha,Night
2024-03-07 06:09:00,P1,No issue,0.0,4830,4811,Ben,Night
2024-06-09 07:20:00,P1,Breakdown,1.0,10002,8893,Evan,Night
2024-01-19 04:12:00,L8,No issue,0.0,5112,5070,Asha,Night
2024-05-24 14:03:00,L8,Quality stop,0.0,5743,5315,Diya,Day
2024-06-12 07:26:00,L8,No issue,0.0,493,485,Unknown,Night
2024-02-13 23:37:00,L8,No issue,0.0,4039,3689,Asha,Night
2024-01-09 14:14:00,L8,No issue,0.0,9608,9354,Evan,Day
2024-09-13 19:49:00,P1,Quality stop,2.0,9325,8786,Chen,Day
2024-12-24 08:52:00,L9,No issue,0.0,6263,6211,Evan,Day
2024-03-05 14:51:00,T1,Breakdown,1.0,4301,4098,Chen,Day
2024-06-02 23:47:00,L9,Quality stop,4.0,9962,9773,Asha,Day
2024-01-11 12:17:00,T2,No issue,0.0,5403,4839,Asha,Day
2024-09-19 23:42:00,L8,Quality stop,1.0,9041,7952,Ben,Day
2024-10-08 08:11:00,L9,No issue,0.0,2779,2671,Asha,Night
2024-03-30 09:19:00,L8,PM,0.0,830,809,Diya,Day
2024-09-16 16:58:00,T2,No issue,0.0,11125,10969,Diya,Night
2024-07-11 09:38:00,T1,PM,2.0,6314,5479,Chen,Day
2024-05-28 05:04:00,P1,No issue,0.0,1860,1838,Chen,Day
2024-06-03 00:51:00,L8,PM,2.0,11871,10909,Asha,Day
2024-01-17 00:02:00,T1,No issue,0.0,11993,10227,Diya,Night
2024-04-12 07:55:00,P1,No issue,0.0,6674,6036,Ben,Night
2024-08-01 01:20:00,P1,Quality stop,0.0,11785,10126,Chen,Night
2024-01-17 21:13:00,P1,No issue,0.0,948,932,Asha,Day
2024-09-19 01:15:00,T2,No issue,0.0,2902,2666,Chen,Day
2024-03-18 11:11:00,P1,No issue,0.0,10358,8908,Ben,Night
2024-04-09 22:37:00,P1,No issue,0.0,8254,7831,Evan,Night
2024-08-07 01:54:00,T1,No issue,0.0,10432,9010,Ben,Day
2024-08-06 15:48:00,T1,No issue,0.0,1193,1160,Evan,Night
2024-01-25 18:44:00,L8,No issue,0.0,9636,9583,Asha,Night
2024-05-20 20:43:00,L9,Quality stop,0.0,7752,6755,Ben,Day
2024-08-15 02:28:00,P1,No issue,0.0,4207,4105,Asha,Night
2024-09-17 09:45:00,P1,No issue,0.0,4989,4634,Diya,Day
2024-01-23 00:39:00,T1,Breakdown,1.0,7956,7573,Ben,Day
2024-06-19 07:43:00,T1,No issue,0.0,3268,3055,Diya,Day
2024-03-01 00:16:00,L8,Changeover,0.0,11315,9715,Chen,Night
2024-06-03 03:30:00,P1,Changeover,2.0,9654,9292,Ben,Night
2024-12-14 21:40:00,T1,No issue,0.0,97,94,Evan,Night
2024-12-18 17:41:00,L8,Breakdown,1.0,897,815,Ben,Day
2024-08-05 16:24:00,L9,PM,2.0,7222,6908,Diya,Day
2024-12-25 13:06:00,L8,Quality stop,3.0,3882,3771,Evan,Day
2024-01-16 06:58:00,L9,PM,4.0,3083,2784,Ben,Day
2024-02-25 18:31:00,T1,No issue,0.0,3747,3299,Asha,Day
2024-01-27 03:48:00,P1,Breakdown,0.0,9996,9257,Asha,Night
2024-11-18 19:52:00,L8,Breakdown,1.0,5953,5515,Ben,Day
2024-10-12 09:11:00,L8,No issue,0.0,9140,8392,Evan,Day
2024-01-29 04:09:00,T1,No issue,0.0,3134,3070,Chen,Day
2024-10-17 06:28:00,T1,PM,2.0,405,390,Diya,Night
2024-05-24 16:23:00,L9,Breakdown,0.0,2705,2439,Chen,Day
2024-10-03 16:31:00,P1,Breakdown,0.0,7141,6536,Chen,Night
2024-02-22 10:34:00,T1,PM,0.0,1268,1111,Asha,Night
2024-04-12 01:02:00,T1,No issue,0.0,10290,10125,Chen,Night
2024-04-03 23:43:00,T1,Breakdown,4.0,4579,4539,Evan,Day
2024-08-19 03:20:00,T1,No issue,0.0,7620,7612,Unknown,Day
2024-08-06 20:42:00,T2,No issue,0.0,2414,2079,Evan,Night
2024-10-08 07:49:00,L9,Breakdown,1.0,3073,2758,Asha,Night
2024-02-12 02:12:00,T2,Breakdown,0.0,1943,1796,Ben,Day
2024-12-08 01:22:00,P1,No issue,0.0,7389,6939,Ben,Day
2024-06-16 13:27:00,T2,No issue,0.0,165,154,Ben,Night
2024-03-17 12:56:00,T2,Quality stop,2.0,7491,7026,Asha,Night
2024-09-27 06:42:00,L8,PM,1.0,8714,7765,Evan,Night
2024-09-15 02:26:00,P1,No issue,0.0,7198,6443,Chen,Day
2024-09-21 00:26:00,L9,Breakdown,1.0,3840,3507,Asha,Day
2024-07-27 00:45:00,L9,Breakdown,1.0,5255,5217,Diya,Day
2024-05-03 21:06:00,L8,Breakdown,4.0,1628,1619,Ben,Night
2024-08-26 05:21:00,T2,No issue,0.0,7590,7424,Evan,Day
2024-03-04 20:30:00,P1,No issue,0.0,8552,8375,Ben,Night
2024-01-09 10:03:00,P1,Quality stop,2.0,6819,5879,Ben,Day
2024-05-17 12:00:00,T1,No issue,0.0,2214,2083,Chen,Day
2024-04-01 02:15:00,T1,No issue,0.0,7531,6672,Evan,Day
2024-11-03 07:59:00,T1,No issue,0.0,5910,5827,Chen,Day
2024-06-15 09:08:00,P1,Breakdown,1.0,3441,3034,Chen,Day
2024-03-23 09:27:00,T2,No issue,0.0,4521,4214,Chen,Day
2024-01-05 01:17:00,L8,Breakdown,0.0,9696,9610,Asha,Day
2024-02-15 22:42:00,L9,Quality stop,3.0,1523,1369,Asha,Night
2024-09-18 01:25:00,T2,PM,1.0,3312,3004,Ben,Day
2024-11-06 00:51:00,T1,Breakdown,1.0,11588,11344,Evan,Day
2024-07-23 20:37:00,P1,PM,0.0,11010,9887,Asha,Day
2024-04-18 14:06:00,T2,No issue,0.0,10736,9412,Unknown,Night
2024-12-05 06:05:00,T2,No issue,0.0,5980,5456,Diya,Night
2024-06-01 16:28:00,T2,No issue,0.0,2386,2256,Evan,Day
2024-01-01 01:59:00,T1,No issue,0.0,9158,8478,Asha,Day
2024-07-05 01:44:00,L9,No issue,0.0,10487,9318,Chen,Day
2024-01-31 18:44:00,L8,Breakdown,1.0,7590,7547,Chen,Night
2024-04-27 00:36:00,P1,No issue,0.0,7205,7091,Unknown,Night
2024-01-14 08:02:00,L8,Changeover,0.0,9756,8855,Ben,Night
2024-01-29 06:37:00,T1,Breakdown,1.0,6266,5926,Evan,Night
2024-01-14 23:22:00,P1,Breakdown,0.0,959,949,Chen,Day
2024-05-07 15:38:00,T2,No issue,0.0,6885,6225,Chen,Day
2024-07-06 05:05:00,P1,Breakdown,2.0,1964,1856,Diya,Day
2024-07-07 23:08:00,T2,No issue,0.0,9177,8460,Asha,Day
2024-11-23 06:37:00,L8,Breakdown,0.0,7856,7135,Evan,Day
2024-05-24 04:24:00,T2,Changeover,0.0,5650,5643,Ben,Night
2024-06-14 19:00:00,T2,Changeover,0.0,8576,8471,Asha,Day
2024-02-24 12:24:00,P1,PM,3.0,1627,1538,Ben,Night
2024-07-01 16:06:00,P1,No issue,0.0,8432,8056,Evan,Day
2024-08-23 11:57:00,L8,No issue,0.0,11805,10950,Chen,Day
2024-08-31 18:27:00,T1,PM,1.0,6348,5854,Diya,Day
2024-11-27 11:51:00,L8,Breakdown,1.0,9255,7954,Asha,Night
2024-04-03 05:07:00,T2,PM,1.0,9562,9048,Diya,Day
2024-12-14 03:53:00,P1,No issue,0.0,5316,5238,Diya,Day
2024-09-21 15:16:00,T2,Changeover,0.0,11404,9985,Ben,Day
2024-06-30 11:53:00,P1,PM,2.0,4399,4115,Unknown,Day
2024-03-23 17:15:00,L8,Changeover,0.0,6628,5724,Diya,Night
2024-06-04 08:17:00,L8,No issue,0.0,4795,4400,Chen,Day
2024-11-10 05:40:00,L8,No issue,0.0,10119,9567,Ben,Day
2024-02-01 01:07:00,L8,PM,0.0,5626,5033,Asha,Day
2024-01-14 05:25:00,P1,Breakdown,3.0,4193,3999,Unknown,Night
2024-09-09 10:43:00,P1,Breakdown,2.0,6082,5412,Asha,Night
2024-03-14 16:48:00,P1,No issue,0.0,10958,10399,Chen,Night
2024-02-17 18:27:00,T1,No issue,0.0,4297,3869,Chen,Day
2024-12-12 20:03:00,P1,No issue,0.0,5561,5276,Diya,Day
2024-06-23 20:58:00,T1,No issue,0.0,716,623,Asha,Day
2024-01-10 12:53:00,P1,No issue,0.0,5447,4669,Diya,Day
2024-02-26 09:30:00,P1,No issue,0.0,11037,10075,Asha,Day
2024-05-03 21:22:00,T2,PM,0.0,7781,7699,Asha,Night
2024-06-18 17:41:00,P1,No issue,0.0,2527,2224,Asha,Day
2024-07-12 09:37:00,P1,Changeover,0.0,815,758,Chen,Night
2024-06-03 21:09:00,L9,Breakdown,1.0,10729,9967,Asha,Night
2024-04-27 08:13:00,P1,No issue,0.0,9465,9180,Diya,Night
2024-12-25 23:48:00,T1,Changeover,0.0,7415,7017,Diya,Day
2024-09-12 09:48:00,L9,Quality stop,1.0,470,409,Diya,Night
2024-06-03 19:43:00,P1,PM,1.0,4355,3999,Chen,Day
2024-11-14 18:58:00,P1,No issue,0.0,8794,7561,Asha,Night
2024-10-11 02:19:00,T2,No issue,0.0,9960,9348,Evan,Day
2024-05-12 01:27:00,P1,No issue,0.0,7878,7682,Chen,Night
2024-04-06 19:01:00,L8,Breakdown,0.0,10317,10111,Evan,Day
2024-03-07 11:07:00,L8,PM,0.0,4883,4641,Asha,Day
2024-03-12 06:38:00,T1,Breakdown,1.0,5528,5119,Chen,Night
2024-04-17 19:22:00,T1,Breakdown,2.0,9208,8460,Evan,Day
2024-01-18 09:22:00,T2,No issue,0.0,1749,1722,Chen,Day
2024-10-18 05:20:00,L9,Changeover,1.0,8434,7441,Diya,Day
2024-08-20 01:28:00,L8,Quality stop,4.0,5848,5615,Diya,Night
2024-05-08 02:45:00,L9,PM,1.0,8468,7967,Asha,Night
2024-02-14 19:05:00,T1,Breakdown,1.0,11191,9845,Unknown,Night
2024-06-16 04:18:00,L9,No issue,0.0,5718,5524,Diya,Day
2024-03-24 10:01:00,L8,Breakdown,0.0,4413,3936,Ben,Day
2024-10-31 07:32:00,T1,Breakdown,0.0,2949,2916,Chen,Night
2024-09-25 01:32:00,P1,No issue,0.0,8254,7457,Evan,Day
2024-12-20 03:32:00,L8,PM,2.0,3411,3324,Chen,Day
2024-06-05 21:24:00,L9,No issue,0.0,2181,2013,Ben,Day
2024-11-20 15:08:00,P1,Breakdown,3.0,11285,10662,Asha,Day
2024-11-10 17:51:00,P1,No issue,0.0,264,240,Ben,Night
2024-09-22 06:02:00,T1,No issue,0.0,6291,5909,Chen,Night
2024-12-03 08:20:00,L9,No issue,0.0,8493,7257,Asha,Night
2024-08-29 06:01:00,P1,PM,1.0,9042,8853,Evan,Day
2024-05-27 05:20:00,T1,No issue,0.0,5981,5829,Chen,Night
2024-02-08 21:57:00,L8,No issue,0.0,3127,2845,Unknown,Night
2024-06-01 04:42:00,P1,PM,2.0,8702,7550,Ben,Day
2024-09-12 05:45:00,L9,Changeover,1.0,501,474,Diya,Day
2024-07-08 00:12:00,P1,Breakdown,0.0,322,277,Asha,Night
2024-01-11 02:05:00,T1,Breakdown,0.0,7706,6649,Chen,Night
2024-06-04 04:37:00,T2,Changeover,0.0,11153,9833,Chen,Night
2024-09-17 11:33:00,L9,Breakdown,3.0,3614,3092,Diya,Day
2024-10-31 04:23:00,T2,Breakdown,1.0,6079,5406,Asha,Night
2024-06-12 05:26:00,T1,No issue,0.0,10426,10011,Chen,Night
2024-09-23 12:08:00,T1,Breakdown,0.0,126,121,Evan,Day
2024-07-01 11:54:00,L8,Changeover,1.0,9718,9704,Unknown,Day
2024-11-28 23:47:00,L9,Breakdown,2.0,2749,2555,Diya,Day
2024-04-30 01:57:00,L9,No issue,0.0,6618,6276,Unknown,Night
2024-11-04 19:15:00,P1,Breakdown,2.0,11948,11685,Asha,Night
2024-09-15 18:45:00,T1,No issue,0.0,5907,5806,Chen,Night
2024-10-19 18:53:00,P1,PM,2.0,2344,2102,Asha,Night
2024-10-09 20:29:00,L9,No issue,0.0,3535,3058,Chen,Day
2024-12-16 14:14:00,T1,Breakdown,1.0,2013,1840,Unknown,Day
2024-06-09 18:39:00,L9,No issue,0.0,10410,9537,Chen,Night
2024-05-30 06:29:00,L8,PM,1.0,5528,4939,Asha,Night
2024-09-04 17:15:00,L9,PM,1.0,1310,1294,Diya,Night
2024-03-19 18:44:00,L9,Breakdown,1.0,1307,1171,Asha,Day
2024-10-19 12:42:00,P1,No issue,0.0,7710,7122,Asha,Day
2024-08-26 00:35:00,T1,Quality stop,1.0,10716,10345,Asha,Day
2024-07-26 00:44:00,L8,Breakdown,0.0,2866,2531,Diya,Day
2024-06-18 13:18:00,T1,Quality stop,0.0,7438,7257,Ben,Day
2024-11-19 14:07:00,L8,Breakdown,0.0,10896,10007,Diya,Day
2024-04-08 16:46:00,P1,No issue,0.0,5676,5125,Unknown,Day
2024-04-03 02:57:00,L8,Breakdown,0.0,11061,10795,Chen,Day
2024-05-25 18:46:00,T2,Breakdown,0.0,9531,8678,Ben,Day
2024-05-24 07:26:00,T2,Quality stop,0.0,287,246,Asha,Night
2024-12-11 02:50:00,T1,Breakdown,4.0,4185,3668,Evan,Night
2024-12-27 16:11:00,T1,PM,0.0,7023,6276,Evan,Day
2024-06-29 20:13:00,T1,Breakdown,3.0,8731,7505,Evan,Night
2024-12-21 18:45:00,T2,Quality stop,0.0,11454,10989,Asha,Day
2024-01-06 06:54:00,T1,Breakdown,0.0,6389,6179,Chen,Day
2024-03-13 07:15:00,P1,PM,1.0,6963,6114,Evan,Day
2024-07-27 13:37:00,T1,No issue,0.0,7659,6675,Chen,Night
2024-12-16 19:56:00,P1,Breakdown,4.0,995,946,Diya,Night
2024-07-22 22:47:00,T1,PM,2.0,2582,2289,Asha,Night
2024-10-15 02:28:00,T1,No issue,0.0,11714,11277,Ben,Day
2024-02-07 01:17:00,T1,Quality stop,1.0,7174,6116,Unknown,Day
2024-09-17 17:51:00,T2,No issue,0.0,8956,8008,Chen,Night
2024-02-22 16:07:00,T1,No issue,0.0,2641,2389,Diya,Night
2024-03-12 16:55:00,T2,Breakdown,0.0,2444,2080,Chen,Day
2024-06-04 11:52:00,P1,No issue,0.0,7541,6551,Asha,Day
2024-10-06 11:15:00,T1,Changeover,0.0,8132,7258,Evan,Day
2024-10-03 04:26:00,T2,No issue,0.0,2729,2434,Ben,Day
2024-01-30 09:48:00,P1,Breakdown,0.0,10996,9496,Ben,Night
2024-07-13 20:33:00,L8,PM,0.0,8060,7697,Chen,Night
2024-05-11 21:30:00,T2,Breakdown,1.0,927,805,Diya,Day
2024-01-20 09:08:00,P1,Quality stop,0.0,3150,2810,Evan,Night
2024-01-06 02:16:00,T1,No issue,0.0,1222,1198,Diya,Night
2024-11-18 02:52:00,T2,Breakdown,4.0,7961,7326,Diya,Night
2024-10-24 08:34:00,P1,No issue,0.0,5073,4614,Asha,Day
2024-11-26 18:35:00,T1,No issue,0.0,11753,10506,Evan,Day
2024-01-17 07:15:00,L8,Breakdown,1.0,4061,3767,Asha,Night
2024-11-10 15:02:00,L8,Breakdown,0.0,9194,8005,Diya,Day
2024-02-13 09:24:00,T1,No issue,0.0,999,855,Asha,Day
2024-09-30 15:03:00,T2,Breakdown,4.0,2666,2461,Asha,Night
2024-12-04 15:13:00,T1,Breakdown,1.0,4442,3974,Diya,Night
2024-08-24 03:13:00,L8,No issue,0.0,9378,7980,Chen,Night
2024-04-04 17:29:00,T1,No issue,0.0,6136,5937,Unknown,Night
2024-07-20 22:50:00,L8,No issue,0.0,4983,4761,Diya,Night
2024-03-15 17:11:00,P1,No issue,0.0,3666,3408,Chen,Night
2024-04-26 13:32:00,T1,PM,1.0,10961,9901,Unknown,Night
2024-01-31 00:20:00,P1,No issue,0.0,1679,1501,Evan,Day
2024-10-12 17:29:00,L8,No issue,0.0,2881,2698,Evan,Day
2024-09-18 04:41:00,P1,No issue,0.0,3368,3041,Diya,Day
2024-12-09 15:19:00,P1,No issue,0.0,8667,7914,Asha,Day
2024-12-29 09:16:00,T1,No issue,0.0,8149,6934,Ben,Day
2024-07-02 03:57:00,L8,No issue,0.0,4503,4190,Asha,Night
2024-06-22 16:48:00,L8,Breakdown,0.0,4571,4168,Ben,Night
2024-06-05 03:29:00,P1,No issue,0.0,2926,2731,Ben,Day
2024-09-17 02:54:00,T2,Breakdown,1.0,5591,5584,Chen,Day
2024-04-12 07:10:00,P1,No issue,0.0,3726,3608,Evan,Night
2024-12-09 19:22:00,P1,Breakdown,0.0,11296,10323,Diya,Night
2024-08-22 03:08:00,T2,No issue,0.0,9951,8495,Diya,Day
2024-07-25 04:47:00,P1,PM,1.0,5360,5270,Ben,Night
2024-12-20 08:35:00,T1,PM,2.0,10824,10130,Diya,Day
2024-09-28 07:12:00,T1,Breakdown,2.0,5765,5023,Ben,Night
2024-10-14 00:13:00,T2,No issue,0.0,1264,1252,Diya,Day
2024-12-14 02:02:00,T2,No issue,0.0,2038,1854,Asha,Day
2024-10-10 20:48:00,P1,Changeover,2.0,8595,8329,Ben,Day
2024-07-22 23:56:00,L9,No issue,0.0,10455,10189,Chen,Night
2024-10-29 23:28:00,L9,Breakdown,2.0,9826,9470,Chen,Day
2024-12-02 03:03:00,L8,Quality stop,0.0,1066,910,Evan,Day
2024-01-06 14:01:00,T1,PM,4.0,10823,10426,Diya,Day
2024-10-09 14:37:00,T1,PM,1.0,1756,1613,Evan,Day
2024-02-06 01:33:00,P1,Breakdown,1.0,953,886,Evan,Night
2024-01-11 14:53:00,L9,No issue,0.0,6073,5409,Ben,Night
2024-06-21 11:23:00,L8,Changeover,0.0,4573,3909,Evan,Day
2024-12-30 17:19:00,L9,PM,0.0,7634,7157,Asha,Day
2024-01-10 19:02:00,P1,Quality stop,1.0,5158,4891,Unknown,Day
2024-06-06 04:16:00,T2,PM,0.0,310,265,Chen,Night
2024-06-15 21:30:00,P1,Breakdown,3.0,10410,9635,Chen,Night
2024-07-05 03:56:00,T1,PM,1.0,11700,10221,Ben,Day
2024-07-31 07:44:00,P1,No issue,0.0,3437,2945,Ben,Night
2024-04-18 14:24:00,T1,No issue,0.0,3605,3388,Ben,Night
2024-05-25 04:47:00,L8,Breakdown,0.0,2428,2091,Diya,Day
2024-02-17 20:03:00,P1,No issue,0.0,7346,6608,Evan,Day
2024-09-20 20:58:00,L9,Quality stop,1.0,7568,6652,Ben,Night
2024-10-16 00:59:00,L8,Breakdown,3.0,105,92,Asha,Night
2024-03-21 05:12:00,L8,No issue,0.0,1452,1297,Asha,Day
2024-06-02 23:49:00,P1,No issue,0.0,11430,10020,Evan,Day
2024-02-12 16:36:00,T2,PM,3.0,7141,6528,Diya,Night
2024-06-20 02:08:00,L8,Breakdown,0.0,7080,6876,Chen,Day
2024-02-22 04:08:00,L9,Changeover,0.0,1956,1945,Ben,Night
2024-10-18 20:26:00,P1,No issue,0.0,9870,8869,Ben,Night
2024-02-02 05:50:00,P1,Breakdown,3.0,11030,9927,Diya,Day
2024-03-17 02:26:00,T2,No issue,0.0,3404,3384,Unknown,Night
2024-09-26 19:34:00,T1,Breakdown,0.0,8870,7869,Asha,Day
2024-02-13 12:31:00,P1,Changeover,1.0,10015,9576,Diya,Day
2024-05-12 00:23:00,L8,Quality stop,1.0,124,123,Diya,Day
2024-12-10 06:25:00,P1,Breakdown,3.0,5498,5275,Ben,Day
2024-06-16 22:16:00,P1,PM,1.0,11996,11005,Evan,Day
2024-09-26 04:58:00,P1,Breakdown,1.0,1386,1300,Evan,Day
2024-06-30 08:33:00,P1,No issue,0.0,6799,5912,Evan,Day
2024-11-14 09:58:00,L8,No issue,0.0,3461,3420,Evan,Day
2024-11-10 11:20:00,L9,No issue,0.0,760,679,Unknown,Day
2024-11-03 02:29:00,L8,Changeover,2.0,5008,4644,Asha,Day
2024-03-19 15:04:00,P1,Breakdown,1.0,1976,1944,Unknown,Day
2024-09-12 04:17:00,T1,PM,0.0,2940,2749,Asha,Day
2024-11-16 02:00:00,P1,Changeover,1.0,90,81,Ben,Day
2024-03-11 15:06:00,L9,Breakdown,2.0,745,654,Evan,Day
2024-04-15 15:03:00,T2,PM,1.0,11272,11065,Asha,Night
2024-03-05 06:17:00,L8,No issue,0.0,10865,9342,Asha,Night
2024-12-07 04:22:00,T2,No issue,0.0,1490,1339,Chen,Night
2024-08-12 16:35:00,L9,Breakdown,4.0,2208,1969,Chen,Day
2024-05-20 09:53:00,T1,Changeover,2.0,7670,6695,Chen,Day
2024-06-19 13:07:00,L8,No issue,0.0,11003,10726,Ben,Day
2024-12-05 23:57:00,L8,No issue,0.0,3712,3484,Ben,Day
2024-05-30 20:38:00,L9,Changeover,3.0,5895,5771,Ben,Night
2024-07-07 14:49:00,T1,Quality stop,1.0,1840,1706,Asha,Day
2024-04-26 04:06:00,L8,Breakdown,0.0,1213,1160,Chen,Night
2024-06-14 09:22:00,P1,No issue,0.0,4087,4070,Evan,Day
2024-02-19 16:59:00,L8,Breakdown,2.0,572,567,Ben,Day
2024-12-18 23:21:00,T1,Breakdown,0.0,6307,5719,Diya,Night
2024-08-16 15:00:00,T1,No issue,0.0,6724,6446,Ben,Day
2024-10-27 06:20:00,P1,PM,1.0,2699,2563,Ben,Day
2024-01-25 12:45:00,T1,Breakdown,0.0,9833,9552,Ben,Night
2024-09-21 05:30:00,P1,No issue,0.0,11663,11253,Chen,Night
2024-01-17 18:09:00,L9,Breakdown,4.0,10740,9292,Ben,Night
2024-07-22 19:13:00,T2,Quality stop,0.0,11570,10650,Asha,Day
2024-03-29 21:09:00,P1,No issue,0.0,1184,1177,Asha,Day
2024-05-29 10:56:00,L8,No issue,0.0,873,748,Evan,Day
2024-01-20 06:51:00,L9,Breakdown,0.0,10531,10443,Asha,Day
2024-10-01 00:34:00,T1,Changeover,0.0,932,853,Asha,Night
2024-06-07 05:06:00,T1,No issue,0.0,11056,11043,Evan,Night
2024-07-24 16:58:00,P1,Quality stop,1.0,6225,6204,Asha,Day
2024-06-06 16:36:00,L9,Quality stop,3.0,7047,6331,Diya,Night
2024-12-03 05:13:00,P1,Quality stop,0.0,9178,8668,Diya,Night
2024-06-02 11:09:00,L9,No issue,0.0,5412,5115,Chen,Night
2024-08-09 23:40:00,L8,Breakdown,2.0,11482,10760,Asha,Day
2024-01-03 21:29:00,T2,No issue,0.0,5072,4984,Chen,Night
2024-03-14 03:18:00,L8,No issue,0.0,3244,2904,Unknown,Night
2024-04-30 06:14:00,L9,Breakdown,2.0,4206,4023,Diya,Day
2024-01-07 05:52:00,L8,No issue,0.0,5406,5049,Chen,Night
2024-03-25 17:05:00,P1,Breakdown,1.0,4299,4268,Asha,Night
2024-11-19 10:25:00,L9,Changeover,0.0,3649,3325,Chen,Day
2024-03-19 20:39:00,L9,Breakdown,4.0,6058,5350,Chen,Night
2024-07-22 01:27:00,T2,No issue,0.0,10486,9476,Evan,Night
2024-02-28 18:57:00,L9,No issue,0.0,3303,2928,Ben,Day
2024-06-09 22:51:00,T1,PM,1.0,8368,8006,Evan,Day
2024-02-28 18:09:00,T2,No issue,0.0,10332,9045,Asha,Day
2024-06-19 05:45:00,L8,No issue,0.0,10207,9946,Asha,Night
2024-08-18 04:25:00,P1,No issue,0.0,7753,7451,Ben,Day
2024-02-15 03:54:00,L9,No issue,0.0,11832,11016,Evan,Night
2024-10-08 12:52:00,P1,Quality stop,0.0,1912,1759,Unknown,Day
2024-03-06 06:29:00,P1,PM,0.0,9350,9008,Asha,Night
2024-03-14 17:03:00,P1,PM,1.0,2940,2713,Ben,Day
2024-04-10 11:36:00,T1,PM,1.0,3258,3062,Chen,Night
2024-09-26 15:27:00,P1,No issue,0.0,4002,3518,Chen,Night
2024-04-27 07:12:00,P1,No issue,0.0,4437,3815,Ben,Day
2024-10-15 07:02:00,T1,No issue,0.0,2588,2382,Asha,Day
2024-03-28 05:18:00,P1,No issue,0.0,8711,8161,Ben,Night
2024-08-13 08:31:00,P1,Breakdown,0.0,8770,8669,Asha,Night
2024-05-20 04:15:00,T1,Quality stop,3.0,8491,7602,Evan,Day
2024-01-05 17:15:00,P1,No issue,0.0,9171,8357,Unknown,Night
2024-08-19 23:57:00,T1,PM,1.0,9495,8100,Evan,Night
2024-09-17 07:06:00,P1,Quality stop,2.0,7005,6791,Chen,Day
2024-02-13 14:52:00,L9,PM,2.0,8115,7380,Chen,Day
2024-02-17 06:07:00,L9,No issue,0.0,3139,3007,Ben,Day
2024-07-21 22:17:00,T2,Breakdown,0.0,1033,937,Ben,Night
2024-01-08 09:24:00,L8,No issue,0.0,3039,2978,Chen,Day
2024-01-31 09:08:00,T2,No issue,0.0,8523,7327,Asha,Night
2024-10-29 03:35:00,L8,Changeover,2.0,7182,6839,Diya,Night
2024-02-09 16:54:00,T1,No issue,0.0,3951,3623,Diya,Night
2024-10-03 13:45:00,T2,No issue,0.0,456,408,Asha,Day
2024-08-06 23:38:00,L8,Quality stop,1.0,6339,5686,Ben,Day
2024-04-04 13:58:00,T2,No issue,0.0,10413,9998,Chen,Day
2024-09-04 19:08:00,T1,No issue,0.0,4715,4664,Evan,Day
2024-10-28 08:16:00,L9,Quality stop,0.0,1730,1633,Diya,Day
2024-02-13 00:40:00,T1,No issue,0.0,11569,11155,Evan,Night
2024-06-17 10:54:00,L8,Changeover,0.0,7280,6655,Diya,Day
2024-02-16 07:03:00,T1,Breakdown,0.0,9692,8724,Asha,Night
2024-08-29 17:58:00,L9,Breakdown,1.0,6718,6659,Evan,Day
2024-12-22 06:42:00,P1,Changeover,2.0,414,390,Asha,Night
2024-12-09 20:51:00,T2,No issue,0.0,4442,3849,Diya,Day
2024-01-13 20:18:00,P1,Breakdown,0.0,3695,3265,Ben,Night
2024-10-31 04:04:00,L9,PM,0.0,5329,4915,Ben,Night
2024-09-11 08:08:00,L8,Breakdown,0.0,5627,5100,Ben,Day
2024-12-18 16:13:00,T1,No issue,0.0,1193,1138,Evan,Day
2024-12-03 10:12:00,L9,PM,4.0,4846,4396,Chen,Day
2024-11-03 16:33:00,T2,Changeover,0.0,2115,1998,Ben,Day
2024-07-17 11:03:00,P1,Changeover,0.0,10288,9003,Chen,Day
2024-02-11 10:46:00,L9,Breakdown,0.0,23,19,Asha,Night
2024-08-09 07:18:00,T1,No issue,0.0,611,530,Ben,Day
2024-11-24 09:21:00,T1,No issue,0.0,800,701,Chen,Day
2024-08-09 00:50:00,T2,PM,0.0,1631,1506,Asha,Day
2024-08-16 20:03:00,T1,Changeover,1.0,9840,9061,Evan,Day
2024-05-17 11:59:00,T2,No issue,0.0,5984,5223,Diya,Night
2024-12-16 19:12:00,L8,Breakdown,1.0,8355,7169,Chen,Day
2024-03-16 11:55:00,T2,No issue,0.0,1199,1167,Evan,Night
2024-02-20 17:41:00,L8,PM,2.0,10346,9091,Unknown,Day
2024-04-12 00:26:00,T1,No issue,0.0,5243,5141,Asha,Night
2024-06-02 23:28:00,T1,Breakdown,0.0,10289,9795,Chen,Day
2024-03-18 18:19:00,T1,No issue,0.0,3818,3303,Diya,Night
2024-07-31 22:31:00,P1,No issue,0.0,7673,7609,Asha,Day
2024-05-15 03:03:00,T2,Breakdown,0.0,1057,906,Ben,Day
2024-08-09 03:23:00,P1,Breakdown,0.0,6223,5733,Ben,Day
2024-11-11 13:39:00,P1,Breakdown,2.0,5281,5081,Asha,Night
2024-11-05 06:43:00,P1,Changeover,1.0,9483,8116,Ben,Day
2024-11-21 06:24:00,L9,PM,1.0,1705,1511,Evan,Night
2024-06-28 15:26:00,T1,Breakdown,0.0,7935,7064,Asha,Day
2024-01-13 01:41:00,L8,No issue,0.0,6732,6630,Asha,Day
2024-06-12 18:15:00,T2,Breakdown,4.0,3567,3113,Asha,Night
2024-06-17 19:15:00,T2,Breakdown,2.0,2708,2448,Asha,Day
2024-01-10 23:04:00,P1,No issue,0.0,6035,6028,Evan,Day
2024-09-27 05:57:00,T1,Breakdown,0.0,7939,7623,Diya,Day
2024-05-30 19:37:00,L8,No issue,0.0,6504,6254,Asha,Day
2024-09-13 07:09:00,T2,Breakdown,4.0,5414,5200,Chen,Day
2024-05-04 14:23:00,T2,No issue,0.0,5988,5302,Diya,Day
2024-04-27 23:26:00,T2,Changeover,1.0,1179,1056,Asha,Night
2024-02-27 04:55:00,P1,Breakdown,1.0,11884,11255,Diya,Day
2024-12-05 18:23:00,L9,No issue,0.0,4747,4348,Unknown,Day
2024-10-07 02:02:00,T2,No issue,0.0,4461,3804,Ben,Day
2024-07-25 13:46:00,T2,Breakdown,3.0,3308,3239,Ben,Day
2024-07-25 19:52:00,L8,Changeover,1.0,5456,4753,Evan,Day
2024-05-07 16:10:00,P1,Quality stop,0.0,4089,3699,Ben,Day
2024-12-16 22:30:00,T1,Changeover,0.0,8763,7928,Evan,Day
2024-04-06 10:16:00,T1,No issue,0.0,9244,9222,Evan,Night
2024-04-14 18:47:00,L8,Breakdown,0.0,301,276,Ben,Night
2024-01-09 02:01:00,L9,No issue,0.0,4808,4490,Chen,Day
2024-08-24 02:36:00,T1,Breakdown,2.0,8583,8156,Asha,Night
2024-11-26 18:47:00,T1,PM,0.0,6013,5709,Chen,Night
2024-02-08 21:01:00,P1,No issue,0.0,3099,2962,Asha,Day
2024-11-08 13:36:00,L9,Breakdown,0.0,3397,3221,Evan,Day
2024-05-07 15:28:00,T1,Changeover,1.0,1453,1240,Chen,Day
2024-03-24 00:15:00,L8,Breakdown,1.0,8747,7638,Asha,Day
2024-02-03 23:49:00,L8,No issue,0.0,9651,8411,Asha,Night
2024-06-18 01:51:00,L9,PM,1.0,2466,2152,Asha,Day
2024-06-17 03:50:00,P1,No issue,0.0,5192,4870,Evan,Day
2024-05-10 13:50:00,P1,No issue,0.0,9632,9386,Evan,Night
2024-12-16 04:13:00,T2,No issue,0.0,4418,3918,Unknown,Day
2024-06-23 05:28:00,T2,No issue,0.0,692,682,Ben,Day
2024-08-27 09:57:00,L8,Breakdown,0.0,5910,5876,Asha,Day
2024-10-01 10:40:00,T2,PM,1.0,5806,4939,Evan,Night
2024-03-27 07:38:00,P1,No issue,0.0,7341,7007,Diya,Day
2024-10-12 05:16:00,P1,Breakdown,4.0,10858,9885,Asha,Day
2024-02-23 11:51:00,T2,No issue,0.0,1097,1089,Ben,Day
2024-12-09 00:16:00,P1,Breakdown,4.0,8118,6945,Chen,Night
2024-08-17 00:47:00,T1,Breakdown,1.0,4192,4042,Diya,Night
2024-10-15 23:06:00,P1,Breakdown,2.0,4829,4396,Diya,Day
2024-04-04 15:53:00,T1,Breakdown,1.0,4052,3628,Asha,Day
2024-08-20 22:41:00,L9,Breakdown,2.0,5341,5230,Chen,Day
2024-12-20 20:38:00,T2,No issue,0.0,3453,3260,Unknown,Night
2024-02-09 18:22:00,L8,Quality stop,0.0,10913,10621,Ben,Night
2024-12-25 21:03:00,T1,No issue,0.0,277,245,Asha,Night
2024-01-26 20:26:00,L8,Breakdown,1.0,11603,10450,Chen,Day
2024-07-11 16:23:00,T1,Quality stop,0.0,7167,6180,Ben,Day
2024-01-31 03:40:00,T2,No issue,0.0,8445,7494,Asha,Night
2024-01-02 06:37:00,L8,No issue,0.0,8708,7417,Diya,Day
2024-07-25 20:48:00,L9,PM,4.0,10803,10227,Ben,Night
2024-07-01 21:11:00,L8,No issue,0.0,5513,5476,Diya,Night
2024-10-29 21:40:00,T2,No issue,0.0,9400,8001,Asha,Day
2024-10-04 20:46:00,L8,Breakdown,0.0,9616,8210,Diya,Day
2024-06-15 22:43:00,P1,No issue,0.0,8585,7673,Ben,Night
2024-08-01 03:19:00,L8,Changeover,1.0,10278,8972,Chen,Day
2024-09-04 12:31:00,L8,Quality stop,1.0,11369,10249,Evan,Night
2024-03-09 08:27:00,T2,PM,0.0,6099,5612,Evan,Day
2024-01-20 22:58:00,T1,PM,0.0,6611,6156,Unknown,Night
2024-06-14 15:16:00,P1,No issue,0.0,6503,5757,Unknown,Night
2024-04-22 23:29:00,L9,PM,0.0,3315,2826,Diya,Day
2024-02-06 04:55:00,T2,Breakdown,4.0,11659,10474,Evan,Night
2024-11-27 01:41:00,T2,No issue,0.0,7210,6399,Ben,Day
2024-01-18 18:30:00,L9,Breakdown,0.0,5759,5200,Evan,Night
2024-05-19 01:43:00,L9,No issue,0.0,9513,8570,Ben,Day
2024-06-15 14:16:00,T1,Breakdown,1.0,9777,9287,Evan,Day
2024-10-12 01:16:00,L8,No issue,0.0,5270,4805,Ben,Day
2024-02-28 20:31:00,T1,No issue,0.0,11235,10247,Chen,Day
2024-10-28 04:47:00,T2,No issue,0.0,7037,6073,Ben,Day
2024-09-09 16:34:00,T1,Breakdown,0.0,10235,9052,Evan,Night
2024-11-15 18:02:00,P1,No issue,0.0,8848,8228,Evan,Day
2024-03-14 15:20:00,P1,No issue,0.0,4982,4741,Evan,Night
2024-03-29 14:35:00,T2,Quality stop,0.0,10031,9923,Chen,Day
2024-08-20 18:54:00,T1,Breakdown,3.0,5883,5224,Diya,Night
2024-11-24 12:23:00,L8,No issue,0.0,7121,6746,Ben,Day
2024-08-14 10:08:00,T2,Breakdown,2.0,10237,8960,Asha,Day
2024-03-29 21:01:00,L9,PM,0.0,4789,4757,Diya,Night
2024-10-12 01:11:00,L8,Breakdown,2.0,6721,6010,Evan,Day
2024-09-13 08:08:00,L9,No issue,0.0,1113,1012,Chen,Day
2024-08-08 21:54:00,T1,Breakdown,0.0,1162,1126,Asha,Day
2024-07-27 23:25:00,L8,Quality stop,0.0,9891,9327,Chen,Day
2024-11-14 22:08:00,T2,PM,1.0,9795,9583,Chen,Day
2024-09-07 23:33:00,P1,No issue,0.0,9570,8555,Asha,Day
2024-09-26 15:12:00,T1,No issue,0.0,7814,7776,Asha,Day
2024-04-25 07:20:00,L8,Changeover,0.0,4538,4193,Chen,Day
2024-04-19 00:51:00,T2,Changeover,1.0,11434,10837,Diya,Day
2024-10-21 11:07:00,P1,No issue,0.0,6359,6206,Evan,Day
2024-05-03 10:15:00,L9,No issue,0.0,9390,8841,Diya,Day
2024-04-27 17:53:00,P1,No issue,0.0,6063,5641,Diya,Day
2024-05-27 15:34:00,T1,Breakdown,0.0,8592,8255,Evan,Night
2024-03-01 06:52:00,L9,No issue,0.0,10750,9710,Evan,Day
2024-01-13 11:59:00,T2,No issue,0.0,4846,4834,Chen,Night
2024-06-01 20:43:00,P1,No issue,0.0,4114,3659,Chen,Night
2024-04-17 21:00:00,T2,No issue,0.0,5711,5456,Unknown,Day
2024-07-05 21:02:00,P1,PM,0.0,5910,5029,Chen,Day
2024-02-13 16:04:00,P1,No issue,0.0,11444,10916,Ben,Night
2024-09-01 01:30:00,T1,No issue,0.0,5856,5183,Ben,Night
2024-10-16 05:05:00,L9,Breakdown,0.0,5193,5188,Ben,Day
2024-11-20 20:06:00,L9,No issue,0.0,10325,9718,Asha,Day
2024-04-14 18:41:00,T2,Changeover,0.0,9278,8183,Asha,Night
2024-01-14 03:57:00,P1,Breakdown,1.0,1326,1324,Ben,Night
2024-10-03 19:31:00,L8,No issue,0.0,8498,7965,Evan,Day
2024-06-23 18:03:00,P1,PM,0.0,10987,10014,Ben,Day
2024-10-21 14:39:00,L9,Changeover,4.0,2652,2291,Evan,Day
2024-04-14 21:24:00,P1,No issue,0.0,1247,1077,Asha,Day
2024-12-08 08:13:00,T1,No issue,0.0,10670,9138,Ben,Day
2024-08-02 18:14:00,P1,Quality stop,4.0,2704,2583,Diya,Night
2024-07-08 09:36:00,T2,Breakdown,0.0,8862,7916,Chen,Day
2024-06-23 08:57:00,T1,Quality stop,1.0,4409,3919,Chen,Night
2024-02-05 00:54:00,P1,Breakdown,0.0,9638,9604,Chen,Night
2024-07-26 04:30:00,T2,No issue,0.0,10464,9088,Chen,Day
2024-04-01 16:19:00,T2,Changeover,0.0,5596,4798,Ben,Day
2024-01-12 16:39:00,P1,Breakdown,3.0,5519,5214,Ben,Night
2024-07-25 19:11:00,T2,Breakdown,0.0,11708,11596,Asha,Day
2024-01-09 19:43:00,P1,No issue,0.0,2689,2604,Evan,Day
2024-10-26 08:48:00,L9,Quality stop,0.0,9178,8533,Evan,Night
2024-10-29 02:39:00,T2,Breakdown,0.0,9645,9520,Evan,Night
2024-05-19 18:22:00,T2,Changeover,4.0,4076,3799,Asha,Day
2024-04-07 10:32:00,P1,No issue,0.0,11726,9976,Diya,Day
2024-06-17 09:51:00,L9,Breakdown,0.0,3154,2983,Evan,Day
2024-04-19 03:56:00,T1,No issue,0.0,2690,2441,Ben,Night
2024-12-07 12:39:00,L8,No issue,0.0,2950,2890,Ben,Day
2024-06-20 08:28:00,L8,Breakdown,1.0,2499,2135,Diya,Day
2024-06-27 07:44:00,L8,Changeover,3.0,2677,2340,Diya,Night
2024-07-07 05:27:00,T1,Breakdown,4.0,9813,8702,Asha,Day
2024-04-17 00:21:00,P1,No issue,0.0,9540,8933,Diya,Day
2024-06-01 15:33:00,L8,PM,1.0,6070,5381,Diya,Day
2024-07-05 02:42:00,L8,PM,2.0,91,79,Asha,Day
2024-04-11 17:48:00,L9,PM,4.0,1873,1857,Ben,Day
2024-09-16 10:19:00,T1,Breakdown,0.0,3561,3184,Evan,Day
2024-09-25 00:49:00,P1,PM,3.0,5556,5231,Diya,Night
2024-12-24 10:52:00,T2,Breakdown,0.0,1616,1542,Chen,Day
2024-12-17 22:27:00,T2,No issue,0.0,3792,3652,Asha,Night
2024-01-13 01:00:00,L9,Breakdown,1.0,10406,9702,Ben,Day
2024-09-11 03:23:00,T2,Breakdown,1.0,8433,7786,Chen,Day
2024-09-05 21:03:00,P1,PM,0.0,11653,11475,Diya,Day
2024-07-15 13:20:00,T1,No issue,0.0,6106,5630,Diya,Day
2024-09-15 02:30:00,P1,Changeover,2.0,11795,11493,Diya,Night
2024-09-24 18:24:00,T2,Quality stop,0.0,436,387,Ben,Night
2024-01-13 08:48:00,L8,Breakdown,4.0,2950,2666,Evan,Day
2024-01-15 18:18:00,T1,Quality stop,1.0,6396,6022,Asha,Day
2024-09-11 21:37:00,L9,Breakdown,0.0,9417,8094,Asha,Day
2024-04-12 15:47:00,P1,Quality stop,1.0,2615,2464,Asha,Day
2024-10-22 07:30:00,T2,No issue,0.0,171,163,Ben,Night
2024-02-27 21:31:00,P1,PM,0.0,5756,5250,Evan,Night
2024-06-03 13:07:00,L8,PM,0.0,7546,6633,Diya,Night
2024-05-30 14:02:00,L9,No issue,0.0,9331,9138,Diya,Day
2024-07-11 22:53:00,T2,PM,1.0,9783,9696,Diya,Day
2024-09-22 11:47:00,L9,No issue,0.0,10456,9157,Ben,Day
2024-04-06 05:56:00,L9,No issue,0.0,11021,10173,Unknown,Day
2024-05-09 16:47:00,L8,No issue,0.0,77,69,Chen,Night
2024-05-06 06:28:00,P1,No issue,0.0,114,110,Unknown,Day
2024-06-12 01:18:00,P1,No issue,0.0,11280,10830,Evan,Day
2024-09-29 05:31:00,P1,No issue,0.0,6592,6459,Chen,Night
2024-07-09 23:47:00,T2,PM,0.0,3231,2785,Chen,Night
2024-04-17 07:56:00,T1,No issue,0.0,3899,3348,Diya,Day
2024-03-06 13:07:00,P1,Breakdown,4.0,4753,4235,Diya,Day
2024-06-09 16:14:00,T1,Quality stop,1.0,6906,6368,Ben,Day
2024-03-31 12:14:00,L9,Changeover,1.0,7878,6702,Chen,Day
2024-03-05 03:21:00,P1,Breakdown,3.0,8046,7628,Evan,Night
2024-04-25 15:31:00,T1,Breakdown,0.0,5423,5408,Ben,Day
2024-03-30 12:21:00,P1,No issue,0.0,10819,10688,Evan,Night
2024-10-08 17:20:00,L8,PM,2.0,3449,3249,Ben,Day
2024-12-04 14:50:00,L9,No issue,0.0,8097,7575,Ben,Night
2024-02-18 22:56:00,L8,Breakdown,0.0,2079,1789,Asha,Day
2024-08-08 04:04:00,T2,Changeover,1.0,6591,5638,Diya,Day
2024-01-28 00:27:00,P1,No issue,0.0,11055,10345,Asha,Day
2024-09-25 05:45:00,T1,No issue,0.0,1535,1506,Chen,Night
2024-08-14 23:41:00,T2,PM,0.0,7413,6750,Chen,Night
2024-10-05 12:40:00,T1,No issue,0.0,11641,10765,Ben,Night
2024-09-30 22:44:00,L9,No issue,0.0,8717,8272,Asha,Day
2024-05-10 09:06:00,L8,Quality stop,2.0,9650,8913,Ben,Day
2024-03-09 09:59:00,L8,Changeover,1.0,5468,5365,Ben,Night
2024-04-23 00:18:00,L8,Changeover,0.0,6045,5499,Chen,Day
2024-01-12 00:26:00,L8,No issue,0.0,3138,2810,Diya,Day
2024-07-08 20:53:00,P1,No issue,0.0,4466,3991,Ben,Day
2024-01-18 18:31:00,T2,No issue,0.0,3649,3354,Evan,Night
2024-04-16 22:08:00,P1,Breakdown,0.0,11666,11296,Evan,Day
2024-04-04 06:36:00,T1,Changeover,0.0,2903,2881,Asha,Night
2024-11-21 05:15:00,L8,Changeover,3.0,7070,6902,Ben,Day
2024-10-01 16:43:00,L8,No issue,0.0,270,269,Evan,Day
2024-10-05 21:10:00,T2,No issue,0.0,8854,7559,Chen,Night
2024-12-16 20:04:00,L8,No issue,0.0,2020,1770,Evan,Night
2024-07-06 11:10:00,L8,Changeover,0.0,2865,2447,Chen,Day
2024-07-31 19:45:00,T2,No issue,0.0,3582,3358,Ben,Day
2024-01-06 09:03:00,T2,Breakdown,0.0,10992,10721,Asha,Day
2024-05-12 14:47:00,T1,PM,0.0,1045,932,Chen,Day
2024-08-24 19:18:00,L9,No issue,0.0,1080,944,Chen,Day
2024-05-04 09:01:00,P1,Breakdown,0.0,262,241,Ben,Night
2024-11-10 12:36:00,T2,Quality stop,1.0,3274,3190,Evan,Day
2024-02-04 23:26:00,T2,Breakdown,0.0,7612,7393,Ben,Day
2024-02-29 03:09:00,P1,No issue,0.0,3518,3253,Diya,Night
2024-07-13 12:44:00,T1,Quality stop,0.0,6610,5741,Chen,Night
2024-04-12 02:23:00,L8,No issue,0.0,7423,6602,Asha,Day
2024-07-07 15:30:00,T1,Breakdown,1.0,9908,9654,Unknown,Night
2024-09-12 07:39:00,L8,No issue,0.0,778,776,Diya,Night
2024-02-19 15:14:00,P1,Changeover,1.0,9874,9106,Ben,Day
2024-10-06 13:08:00,T1,Breakdown,3.0,9903,8953,Ben,Day
2024-12-21 07:48:00,T1,No issue,0.0,4726,4624,Evan,Day
2024-04-24 09:17:00,T2,No issue,0.0,9035,7827,Chen,Day
2024-12-02 09:33:00,P1,Changeover,0.0,1976,1794,Unknown,Day
2024-06-11 05:38:00,T1,Breakdown,2.0,10725,10268,Diya,Night
2024-12-17 06:34:00,T1,Breakdown,1.0,7693,6960,Asha,Day
2024-11-08 07:25:00,P1,No issue,0.0,5464,5187,Diya,Night
2024-10-14 10:16:00,L9,No issue,0.0,7106,7052,Diya,Day
2024-01-20 23:29:00,L8,Breakdown,1.0,8181,6978,Evan,Night
2024-10-31 05:45:00,L9,No issue,0.0,5459,5019,Ben,Day
2024-07-19 10:56:00,L9,Breakdown,1.0,2508,2153,Diya,Night
2024-04-25 08:50:00,L8,PM,0.0,8652,7719,Diya,Day
2024-02-17 03:38:00,T2,Breakdown,1.0,2624,2601,Ben,Day
2024-09-22 01:17:00,T1,No issue,0.0,2782,2767,Diya,Night
2024-12-26 03:26:00,T1,Quality stop,0.0,5958,5339,Evan,Day
2024-04-10 13:29:00,L8,No issue,0.0,11618,10008,Evan,Day
2024-04-23 12:17:00,L9,PM,1.0,612,537,Chen,Day
2024-11-12 08:45:00,P1,No issue,0.0,816,763,Asha,Night
2024-11-05 04:47:00,L8,No issue,0.0,2935,2803,Asha,Night
2024-12-25 09:44:00,L9,Quality stop,1.0,9955,8758,Chen,Night
2024-08-14 01:08:00,T2,Quality stop,1.0,6392,6227,Asha,Day
2024-08-20 13:36:00,T1,Changeover,0.0,9056,9009,Ben,Day
2024-02-15 13:40:00,L9,No issue,0.0,2269,2009,Evan,Day
2024-03-02 14:07:00,P1,Breakdown,3.0,3353,2963,Evan,Day
2024-01-01 02:53:00,L9,Changeover,0.0,11738,11286,Chen,Day
2024-10-23 07:17:00,T1,No issue,0.0,10023,9759,Asha,Day
2024-07-03 20:00:00,T1,No issue,0.0,11840,10727,Ben,Day
2024-06-02 13:35:00,T1,No issue,0.0,9226,8188,Diya,Night
2024-07-01 20:58:00,L9,Breakdown,3.0,8224,7464,Asha,Night
2024-03-04 23:05:00,T2,Quality stop,0.0,5497,4720,Asha,Day
2024-03-23 03:27:00,T1,Quality stop,3.0,1549,1460,Diya,Night
2024-06-12 12:54:00,T2,No issue,0.0,4816,4330,Evan,Night
2024-10-04 07:17:00,P1,No issue,0.0,11743,10651,Asha,Day
2024-08-21 06:13:00,T2,No issue,0.0,3569,3542,Evan,Night
2024-02-03 19:47:00,L8,Breakdown,1.0,7109,6875,Asha,Day
2024-06-17 18:04:00,T2,Changeover,0.0,848,836,Asha,Day
2024-01-12 04:18:00,T1,Changeover,0.0,102,96,Asha,Night
2024-01-08 01:53:00,L8,Breakdown,0.0,1926,1665,Ben,Night
2024-12-16 06:17:00,T2,PM,0.0,10808,10595,Evan,Day
2024-06-13 07:47:00,T2,No issue,0.0,3114,2652,Evan,Day
2024-12-20 03:16:00,T2,Breakdown,0.0,11437,11382,Diya,Day
2024-07-03 10:50:00,T1,PM,0.0,8708,8247,Evan,Night
2024-12-23 06:41:00,T1,No issue,0.0,10298,9200,Ben,Day
2024-10-30 15:15:00,T2,No issue,0.0,9108,7780,Evan,Day
2024-10-21 14:33:00,L9,Quality stop,1.0,540,532,Ben,Night
2024-06-17 09:54:00,T1,Breakdown,0.0,3067,2630,Diya,Day
2024-12-10 01:06:00,L8,No issue,0.0,2646,2446,Ben,Day
2024-12-27 18:44:00,P1,No issue,0.0,490,439,Chen,Day
2024-11-06 11:45:00,P1,No issue,0.0,9334,8047,Evan,Day
2024-11-29 07:15:00,L8,Quality stop,1.0,10780,10501,Chen,Day
2024-10-26 00:38:00,P1,No issue,0.0,4667,4487,Diya,Day
2024-12-25 06:49:00,L9,Breakdown,2.0,197,168,Ben,Night
2024-05-16 00:31:00,L9,Quality stop,2.0,6254,5437,Chen,Day
2024-11-21 23:55:00,L8,Breakdown,1.0,2651,2409,Evan,Day
2024-11-29 08:20:00,T2,No issue,0.0,8723,7863,Ben,Night
2024-06-18 20:12:00,P1,PM,1.0,985,955,Chen,Day
2024-01-07 19:18:00,P1,Breakdown,4.0,3831,3713,Diya,Night
2024-06-28 07:13:00,P1,No issue,0.0,2972,2575,Chen,Night
2024-10-24 19:28:00,T2,No issue,0.0,8449,7738,Diya,Day
2024-08-03 18:03:00,L8,No issue,0.0,1334,1156,Ben,Day
2024-11-10 13:37:00,T2,Changeover,3.0,4762,4508,Evan,Night
2024-04-09 17:51:00,L8,Breakdown,0.0,6478,6402,Asha,Night
2024-11-21 05:41:00,P1,PM,1.0,4586,4263,Diya,Day
2024-02-16 07:14:00,P1,No issue,0.0,11166,9759,Unknown,Day
2024-12-30 19:17:00,T2,Quality stop,1.0,2904,2479,Chen,Day
2024-10-20 22:56:00,P1,Breakdown,1.0,1813,1688,Asha,Day
2024-05-31 14:43:00,L9,Quality stop,3.0,1690,1548,Asha,Night
2024-06-23 00:20:00,T2,Breakdown,1.0,3600,3191,Chen,Day
2024-07-27 05:43:00,T2,Breakdown,1.0,10294,8819,Ben,Day
2024-08-26 13:27:00,L9,Quality stop,1.0,956,851,Evan,Night
2024-06-13 22:17:00,P1,No issue,0.0,5391,5301,Diya,Day
2024-05-02 05:40:00,L8,PM,1.0,9171,8704,Chen,Day
2024-10-01 10:02:00,T1,No issue,0.0,4875,4260,Diya,Day
2024-05-20 19:19:00,L9,No issue,0.0,6900,5909,Evan,Day
2024-10-23 14:26:00,T2,No issue,0.0,1374,1283,Diya,Night
2024-08-11 14:58:00,P1,Quality stop,0.0,10050,9349,Chen,Day
2024-06-16 19:50:00,L8,Changeover,2.0,1166,1055,Diya,Day
2024-10-01 17:00:00,L8,No issue,0.0,2715,2389,Asha,Night
2024-07-18 17:38:00,P1,Breakdown,1.0,3432,3166,Asha,Day
2024-06-05 15:52:00,T1,Breakdown,0.0,7384,6327,Chen,Day
2024-12-22 16:17:00,L8,No issue,0.0,776,708,Asha,Day
2024-06-03 20:58:00,T1,No issue,0.0,4059,3851,Asha,Night
2024-07-08 05:43:00,L9,No issue,0.0,2194,1923,Unknown,Day
2024-12-08 20:12:00,T1,Changeover,1.0,11456,10500,Evan,Night
2024-10-31 18:53:00,T2,No issue,0.0,2685,2640,Asha,Day
2024-03-16 00:50:00,P1,Breakdown,3.0,2689,2315,Asha,Day
2024-07-02 00:31:00,T1,Quality stop,0.0,6968,6337,Chen,Night
2024-05-02 17:33:00,P1,Quality stop,2.0,5599,4931,Asha,Day
2024-12-07 16:39:00,T2,No issue,0.0,4777,4098,Ben,Night
2024-07-12 08:37:00,L8,No issue,0.0,11030,10912,Evan,Night
2024-09-10 19:22:00,L8,Breakdown,1.0,8699,8390,Diya,Day
2024-04-08 09:44:00,L9,Breakdown,4.0,1400,1208,Asha,Night
2024-08-08 16:04:00,L9,Breakdown,1.0,5798,5093,Diya,Day
2024-11-26 11:48:00,T2,No issue,0.0,10398,8879,Evan,Night
2024-11-12 13:02:00,T2,Breakdown,1.0,1527,1339,Diya,Night
2024-08-13 13:38:00,T2,No issue,0.0,222,212,Asha,Day
2024-04-05 15:28:00,L8,PM,1.0,2477,2250,Diya,Night
2024-08-24 10:05:00,T2,Breakdown,1.0,7579,6882,Ben,Night
2024-09-25 23:02:00,L8,Breakdown,0.0,385,341,Diya,Day
2024-03-11 07:13:00,L9,No issue,0.0,5676,5123,Chen,Night
2024-05-01 21:28:00,T1,Breakdown,1.0,2678,2511,Diya,Day
2024-04-27 01:04:00,T1,Breakdown,4.0,9252,8987,Chen,Day
2024-07-02 01:03:00,P1,PM,1.0,5480,4668,Diya,Day
2024-02-06 22:42:00,P1,Breakdown,2.0,7119,6711,Chen,Day
2024-02-03 09:57:00,T2,No issue,0.0,10919,10095,Ben,Day
2024-09-22 20:49:00,L8,PM,0.0,1772,1655,Asha,Day
2024-08-02 13:42:00,T1,No issue,0.0,206,178,Asha,Day
2024-04-01 21:26:00,L8,PM,0.0,11779,10711,Asha,Night
2024-06-27 04:48:00,T1,Quality stop,1.0,6585,5861,Evan,Day
2024-06-09 23:05:00,L8,Quality stop,2.0,6765,5962,Chen,Day
2024-04-02 11:36:00,L8,Breakdown,0.0,575,499,Ben,Day
2024-09-28 07:39:00,T1,Breakdown,0.0,5155,4519,Diya,Day
2024-08-01 20:14:00,T2,No issue,0.0,1236,1097,Diya,Night
2024-02-01 10:40:00,P1,No issue,0.0,7248,6272,Unknown,Day
2024-05-02 13:52:00,T1,Breakdown,0.0,10361,9920,Chen,Day
2024-01-06 23:02:00,T1,Breakdown,1.0,11267,10307,Asha,Night
2024-11-08 18:36:00,P1,PM,3.0,2885,2766,Chen,Day
2024-07-14 02:21:00,L8,Quality stop,1.0,3344,3273,Diya,Night
2024-01-27 08:43:00,P1,Breakdown,0.0,10326,10127,Evan,Day
2024-03-02 08:35:00,T1,PM,1.0,10645,9564,Ben,Day
2024-01-08 21:46:00,T2,No issue,0.0,2652,2611,Asha,Day
2024-01-17 18:43:00,L8,Quality stop,0.0,9521,8504,Asha,Day
2024-08-23 00:05:00,L8,No issue,0.0,9975,9424,Asha,Day
2024-04-15 01:23:00,L9,Breakdown,2.0,3007,2732,Asha,Day
2024-03-19 13:15:00,L9,PM,0.0,1358,1207,Evan,Day
2024-12-30 19:53:00,L8,No issue,0.0,5236,4763,Ben,Night
2024-10-19 23:03:00,L9,No issue,0.0,4636,4483,Ben,Day
2024-05-01 17:32:00,T2,PM,1.0,10897,9549,Evan,Day
2024-10-21 11:35:00,L9,No issue,0.0,4915,4543,Ben,Night
2024-01-30 13:57:00,T1,PM,2.0,11043,10901,Diya,Night
2024-10-05 15:26:00,L9,Breakdown,0.0,4402,4323,Asha,Day
2024-11-18 09:45:00,P1,No issue,0.0,5093,4874,Asha,Day
2024-05-16 03:40:00,T1,PM,0.0,1962,1830,Diya,Night
2024-06-10 17:46:00,L8,No issue,0.0,513,459,Ben,Day
2024-11-09 23:00:00,T2,No issue,0.0,6500,6169,Chen,Day
2024-09-24 23:13:00,L8,No issue,0.0,4143,3610,Ben,Day
2024-09-29 03:46:00,T2,No issue,0.0,6398,5602,Unknown,Night
2024-08-07 08:31:00,L8,PM,2.0,8614,8507,Chen,Day
2024-01-02 00:56:00,T1,No issue,0.0,5819,5309,Asha,Day
2024-01-24 16:59:00,L8,Breakdown,0.0,6964,6456,Chen,Day
2024-11-16 17:57:00,T1,No issue,0.0,3731,3399,Ben,Day
2024-07-02 09:58:00,L8,Quality stop,0.0,1863,1699,Ben,Day
2024-06-11 21:56:00,L8,Changeover,0.0,990,872,Evan,Night
2024-09-02 07:11:00,L8,PM,0.0,2413,2375,Unknown,Night
2024-03-01 22:47:00,L8,Breakdown,4.0,4248,4158,Diya,Day
2024-03-20 20:24:00,P1,Quality stop,1.0,9680,9592,Unknown,Night
2024-04-19 22:17:00,T2,Changeover,0.0,971,836,Asha,Day
2024-09-20 21:36:00,L9,No issue,0.0,3173,2965,Diya,Night
2024-03-03 18:38:00,P1,PM,0.0,5590,5217,Chen,Night
2024-04-27 08:09:00,L8,Changeover,2.0,5524,5265,Chen,Night
2024-09-08 04:52:00,T2,No issue,0.0,1597,1542,Ben,Night
2024-10-09 07:14:00,P1,Quality stop,0.0,1313,1199,Asha,Night
2024-11-14 13:11:00,T1,Breakdown,3.0,1275,1148,Evan,Night
2024-10-24 18:19:00,T1,Quality stop,1.0,1357,1339,Asha,Night
2024-07-13 06:41:00,T1,No issue,0.0,9272,7952,Chen,Day
2024-01-08 22:13:00,L9,No issue,0.0,5869,5215,Diya,Day
2024-05-22 08:04:00,P1,Changeover,1.0,10521,10345,Asha,Night
2024-12-26 13:38:00,P1,Breakdown,0.0,9636,8657,Diya,Night
2024-03-30 08:25:00,T1,PM,1.0,11669,11423,Evan,Day
2024-06-28 16:45:00,T2,No issue,0.0,1974,1684,Ben,Day
2024-06-08 03:51:00,T2,PM,1.0,6402,5836,Chen,Day
2024-12-23 21:05:00,L8,Changeover,2.0,10379,9703,Ben,Day
2024-06-27 12:22:00,L9,Changeover,0.0,2991,2593,Diya,Night
2024-11-13 20:36:00,L8,No issue,0.0,5582,5458,Asha,Night
2024-07-08 14:19:00,L8,No issue,0.0,9081,8183,Diya,Day
2024-02-28 10:15:00,P1,Breakdown,1.0,9402,8827,Diya,Night
2024-05-06 14:37:00,L9,PM,1.0,10377,10220,Diya,Night
2024-06-28 10:57:00,P1,Breakdown,2.0,1207,1033,Asha,Night
2024-05-21 15:24:00,P1,Breakdown,0.0,2072,1901,Asha,Day
2024-09-20 16:04:00,L9,No issue,0.0,4689,4422,Evan,Day
2024-10-07 05:57:00,T1,No issue,0.0,9511,9209,Diya,Day
2024-09-01 12:07:00,T2,Changeover,0.0,6390,6123,Asha,Night
2024-08-21 17:18:00,L8,No issue,0.0,10719,9385,Ben,Night
2024-06-13 15:45:00,T1,PM,4.0,4395,4367,Chen,Day
2024-11-27 17:58:00,L8,No issue,0.0,352,300,Asha,Night
2024-02-29 07:19:00,P1,Changeover,0.0,1226,1101,Chen,Day
2024-11-05 21:26:00,T2,Breakdown,1.0,3180,3167,Evan,Night
2024-04-15 00:12:00,P1,No issue,0.0,2245,2034,Diya,Day
2024-07-18 12:31:00,T2,Quality stop,0.0,11055,10003,Ben,Night
2024-03-13 03:58:00,T2,PM,1.0,7405,7149,Chen,Day
2024-02-15 17:20:00,P1,No issue,0.0,5222,4691,Diya,Day
2024-08-22 00:16:00,T1,Breakdown,2.0,770,737,Evan,Day
2024-09-11 08:48:00,P1,No issue,0.0,3190,2974,Diya,Day
2024-02-15 16:20:00,P1,No issue,0.0,8583,8170,Diya,Night
2024-06-18 03:52:00,T1,No issue,0.0,3150,2993,Diya,Day
2024-03-01 03:03:00,P1,PM,3.0,8039,7393,Chen,Day
2024-04-23 19:14:00,L8,PM,0.0,7075,6133,Diya,Night
2024-05-12 09:21:00,L9,PM,4.0,446,433,Evan,Day
2024-01-08 10:17:00,T1,No issue,0.0,355,325,Evan,Day
2024-08-03 01:10:00,P1,Breakdown,2.0,863,837,Asha,Day
2024-08-06 14:47:00,L9,Breakdown,1.0,10058,9733,Chen,Night
2024-04-27 01:14:00,L9,No issue,0.0,7165,6184,Ben,Night
2024-06-09 10:24:00,T1,Changeover,1.0,9855,8540,Asha,Night
2024-02-07 05:10:00,T1,PM,3.0,2570,2422,Unknown,Day
2024-07-14 07:07:00,P1,No issue,0.0,1561,1513,Evan,Day
2024-05-06 23:05:00,L9,No issue,0.0,8599,7580,Chen,Day
2024-11-03 23:18:00,T2,Changeover,0.0,4466,4451,Asha,Day
2024-04-21 03:48:00,T2,No issue,0.0,6573,5631,Diya,Night
2024-06-11 21:08:00,T2,Breakdown,0.0,8796,7858,Unknown,Night
2024-07-03 11:15:00,P1,Changeover,0.0,5034,4435,Chen,Day
2024-11-18 22:09:00,L8,No issue,0.0,2109,1803,Asha,Day
2024-08-13 06:16:00,P1,Breakdown,0.0,1287,1270,Chen,Day
2024-08-25 09:31:00,T2,No issue,0.0,8199,8028,Unknown,Night
2024-07-30 07:14:00,T2,Breakdown,1.0,5518,5323,Ben,Night
2024-10-25 23:42:00,L9,Breakdown,0.0,11496,10008,Chen,Night
2024-01-03 18:58:00,P1,No issue,0.0,2906,2860,Diya,Day
2024-10-01 07:02:00,P1,No issue,0.0,3999,3642,Evan,Day
2024-10-17 15:32:00,L8,Changeover,0.0,6258,5555,Ben,Night
2024-12-28 08:18:00,T1,No issue,0.0,7172,6551,Evan,Night
2024-08-07 18:07:00,T2,PM,0.0,4592,4487,Diya,Day
2024-06-12 05:18:00,L8,Breakdown,0.0,1855,1759,Ben,Day
2024-06-22 02:51:00,T1,No issue,0.0,2749,2681,Ben,Day
2024-02-14 10:02:00,T1,No issue,0.0,8935,7949,Chen,Night
2024-08-16 15:33:00,T1,No issue,0.0,4754,4454,Asha,Night
2024-07-30 03:15:00,T1,Quality stop,1.0,8803,8516,Evan,Night
2024-05-01 19:27:00,L9,Breakdown,2.0,7053,6128,Asha,Day
2024-10-18 02:50:00,T1,No issue,0.0,9501,8939,Ben,Day
2024-09-22 12:57:00,L9,PM,2.0,5486,5270,Evan,Day
2024-08-27 13:32:00,L8,No issue,0.0,5038,4768,Chen,Night
2024-10-05 16:26:00,T2,Changeover,2.0,4309,4146,Asha,Night
2024-11-11 09:48:00,L9,No issue,0.0,7177,6768,Evan,Day
2024-07-16 05:01:00,T2,No issue,0.0,8439,7187,Ben,Day
2024-11-20 14:38:00,P1,Changeover,1.0,1230,1173,Ben,Day
2024-01-20 20:12:00,P1,PM,4.0,5955,5902,Ben,Day
2024-09-07 15:33:00,L8,Breakdown,0.0,4922,4705,Unknown,Night
2024-09-08 08:18:00,L9,Quality stop,0.0,4298,4242,Evan,Day
2024-06-09 15:55:00,P1,Changeover,1.0,3944,3600,Diya,Day
2024-03-04 23:16:00,L8,No issue,0.0,9009,8471,Unknown,Day
2024-01-22 15:25:00,T1,No issue,0.0,1869,1769,Ben,Day
2024-02-14 05:46:00,T1,No issue,0.0,3116,2790,Diya,Day
2024-07-14 12:05:00,T1,No issue,0.0,501,498,Asha,Day
2024-08-11 04:18:00,T1,Changeover,1.0,7670,6818,Ben,Night
2024-09-19 20:15:00,T2,PM,1.0,10437,9694,Evan,Night
2024-05-18 09:31:00,L8,Quality stop,0.0,1045,1034,Evan,Day
2024-10-11 14:58:00,L8,No issue,0.0,5323,4937,Diya,Day
2024-03-29 10:30:00,L8,Breakdown,2.0,4345,3927,Ben,Night
2024-05-26 22:37:00,L9,Breakdown,1.0,1470,1346,Ben,Day
2024-11-05 17:08:00,L9,Quality stop,1.0,3281,3008,Asha,Day
2024-07-11 02:36:00,L8,No issue,0.0,11004,10371,Ben,Day
2024-08-10 22:48:00,P1,Breakdown,4.0,4799,4497,Chen,Night
2024-06-12 08:17:00,T2,No issue,0.0,10845,10016,Chen,Day
2024-09-10 06:55:00,T1,No issue,0.0,11509,10060,Diya,Day
2024-09-28 14:14:00,L8,Quality stop,1.0,6294,6174,Diya,Day
2024-12-16 12:19:00,P1,Breakdown,1.0,8666,8106,Diya,Day
2024-01-08 11:22:00,L8,Changeover,1.0,4945,4288,Ben,Day
2024-07-04 10:04:00,T1,No issue,0.0,10893,10799,Chen,Day
2024-09-12 20:20:00,T1,No issue,0.0,11245,9764,Evan,Day
2024-01-19 05:54:00,P1,No issue,0.0,9552,8291,Diya,Night
2024-06-13 13:23:00,T2,No issue,0.0,11415,9954,Diya,Night
2024-10-21 17:39:00,T2,PM,1.0,11374,10858,Asha,Night
2024-06-03 16:36:00,P1,Breakdown,1.0,4496,4345,Diya,Day
2024-06-15 06:18:00,T1,PM,0.0,1914,1734,Ben,Day
2024-10-21 19:16:00,L9,PM,2.0,11052,9509,Asha,Day
2024-06-29 00:49:00,T1,No issue,0.0,856,738,Chen,Night
2024-06-06 21:29:00,P1,PM,1.0,5486,5433,Asha,Night
2024-04-02 07:38:00,T1,No issue,0.0,4513,3853,Ben,Day
2024-06-09 07:57:00,T1,Quality stop,0.0,11189,10425,Chen,Night
2024-05-24 09:04:00,T2,No issue,0.0,10764,9182,Evan,Day
2024-11-12 00:12:00,T1,Breakdown,0.0,8460,7896,Chen,Day
2024-01-07 13:33:00,L8,No issue,0.0,10387,9446,Evan,Night
2024-09-05 17:37:00,L9,No issue,0.0,10580,9281,Asha,Day
2024-10-15 17:59:00,L9,Breakdown,1.0,5908,5681,Ben,Day
2024-10-02 23:48:00,T2,No issue,0.0,5686,5266,Chen,Night
2024-07-05 11:47:00,P1,No issue,0.0,3856,3700,Diya,Night
2024-09-23 04:56:00,L8,Quality stop,0.0,10413,9863,Asha,Day
2024-10-12 15:55:00,T1,Breakdown,1.0,9178,9167,Diya,Night
2024-11-23 15:33:00,T2,PM,1.0,6216,5687,Diya,Night
2024-06-04 15:24:00,T2,Breakdown,4.0,9824,9393,Chen,Day
2024-07-07 01:57:00,T2,No issue,0.0,9279,8245,Evan,Day
2024-12-22 18:38:00,P1,Breakdown,3.0,5941,5337,Ben,Day
2024-04-01 12:08:00,T2,PM,2.0,6071,5741,Ben,Day
2024-02-09 12:08:00,T1,Quality stop,3.0,1855,1588,Asha,Day
2024-12-25 03:41:00,T1,Breakdown,1.0,10710,9528,Asha,Day
2024-01-30 19:25:00,P1,PM,0.0,11473,10219,Asha,Day
2024-06-29 10:50:00,T2,Breakdown,0.0,2348,2125,Ben,Day
2024-05-10 17:06:00,T2,Changeover,1.0,2922,2526,Evan,Day
2024-09-29 17:24:00,L9,Breakdown,0.0,2741,2659,Diya,Day
2024-03-24 14:21:00,P1,Changeover,0.0,8298,7131,Diya,Day
2024-08-18 09:02:00,L8,Breakdown,1.0,5723,5453,Asha,Night
2024-04-14 04:48:00,T2,No issue,0.0,8232,7084,Ben,Night
2024-05-21 19:13:00,L8,No issue,0.0,3469,3153,Chen,Night
2024-08-27 03:27:00,P1,No issue,0.0,9396,8982,Diya,Day
2024-10-03 13:16:00,T1,No issue,0.0,7754,7588,Diya,Night
2024-04-28 06:12:00,T1,PM,1.0,6697,6375,Chen,Day
2024-09-18 19:09:00,T2,Quality stop,0.0,3762,3632,Ben,Night
2024-05-11 23:21:00,T2,Changeover,1.0,5535,5378,Asha,Day
2024-12-28 03:20:00,P1,No issue,0.0,8646,8006,Unknown,Day
2024-04-29 15:04:00,P1,Changeover,0.0,9969,9960,Diya,Day
2024-05-09 08:28:00,T2,No issue,0.0,8013,6847,Evan,Day
2024-01-08 03:40:00,L8,Changeover,0.0,5904,5148,Chen,Day
2024-08-26 03:23:00,T1,No issue,0.0,10367,9225,Asha,Day
2024-05-05 17:21:00,P1,Breakdown,2.0,4490,4337,Asha,Day
2024-03-04 03:20:00,L8,PM,2.0,1297,1143,Evan,Day
2024-07-16 09:35:00,P1,No issue,0.0,10599,9440,Chen,Night
2024-05-29 04:07:00,T1,No issue,0.0,3365,3348,Chen,Day
2024-09-10 08:42:00,T1,PM,1.0,4898,4408,Ben,Night
2024-12-25 22:24:00,T1,No issue,0.0,8011,7726,Chen,Night
2024-06-30 06:54:00,L9,No issue,0.0,8555,7663,Asha,Day
2024-09-28 09:35:00,L9,No issue,0.0,9420,9225,Evan,Day
2024-09-05 04:13:00,L9,No issue,0.0,6808,6642,Chen,Day
2024-09-12 08:33:00,T1,No issue,0.0,9786,8829,Chen,Night
2024-01-10 19:53:00,P1,Breakdown,0.0,8991,7954,Diya,Day
2024-11-06 06:45:00,L9,Changeover,1.0,5497,4859,Chen,Day
2024-03-21 07:05:00,P1,Quality stop,0.0,1050,962,Ben,Night
2024-11-20 00:57:00,L8,Quality stop,0.0,5178,4405,Unknown,Day
2024-01-16 16:40:00,P1,No issue,0.0,7602,6522,Ben,Night
2024-06-16 11:51:00,P1,PM,0.0,10844,10072,Diya,Day
2024-01-14 07:27:00,L9,PM,0.0,651,612,Asha,Night
2024-09-29 20:52:00,P1,Changeover,1.0,6960,6000,Asha,Day
2024-04-27 08:43:00,T1,Quality stop,2.0,8886,8234,Evan,Night
2024-01-12 22:57:00,T2,PM,0.0,1075,1061,Evan,Day
2024-06-15 13:44:00,P1,PM,0.0,11280,9636,Diya,Night
2024-05-02 07:24:00,P1,Breakdown,3.0,1640,1587,Asha,Night
2024-04-10 21:14:00,L9,No issue,0.0,4871,4599,Chen,Day
2024-04-16 16:11:00,L8,Quality stop,2.0,1712,1610,Diya,Night
2024-07-19 20:42:00,L8,No issue,0.0,5887,5063,Asha,Day
2024-06-14 14:21:00,L8,PM,0.0,9116,8724,Chen,Day
2024-12-19 19:33:00,P1,PM,2.0,9774,8826,Ben,Day
2024-04-16 13:17:00,L8,No issue,0.0,8769,8119,Diya,Day
2024-02-26 16:50:00,T2,No issue,0.0,149,137,Chen,Night
2024-07-04 10:25:00,L8,No issue,0.0,2707,2649,Ben,Day
2024-04-07 03:30:00,T2,No issue,0.0,7880,7745,Ben,Day
2024-08-25 12:06:00,P1,Breakdown,0.0,4507,4352,Chen,Day
2024-11-17 16:04:00,L9,No issue,0.0,11855,10884,Asha,Day
2024-06-18 07:28:00,L9,No issue,0.0,9196,8047,Chen,Day
2024-12-29 23:35:00,T1,Quality stop,0.0,3950,3661,Ben,Day
2024-04-06 15:38:00,L9,Breakdown,2.0,10731,9445,Ben,Day
2024-07-08 16:50:00,P1,PM,1.0,9988,8957,Ben,Day
2024-06-04 14:30:00,L9,PM,0.0,6979,6417,Ben,Day
2024-11-19 03:55:00,T2,PM,2.0,6962,6601,Chen,Night
2024-04-04 00:32:00,P1,Quality stop,1.0,9167,8624,Diya,Night
2024-04-15 20:53:00,P1,PM,0.0,21,18,Ben,Day
2024-08-26 17:59:00,L9,Breakdown,1.0,11499,10290,Chen,Night
2024-12-23 19:25:00,T2,Breakdown,0.0,7140,7070,Diya,Night
2024-12-29 10:48:00,L8,Quality stop,0.0,1453,1244,Ben,Day
2024-02-22 15:22:00,P1,No issue,0.0,4041,3817,Asha,Night
2024-08-17 16:10:00,L9,Breakdown,1.0,3133,2792,Unknown,Night
2024-01-26 10:30:00,L8,No issue,0.0,11068,9487,Ben,Day
2024-07-02 00:13:00,T1,Breakdown,1.0,1619,1510,Asha,Day
2024-09-21 07:42:00,T1,No issue,0.0,847,785,Asha,Day
2024-01-25 15:35:00,L9,No issue,0.0,2576,2562,Ben,Night
2024-11-01 19:12:00,T2,Changeover,0.0,2318,2047,Ben,Day
2024-12-06 03:02:00,L8,Breakdown,0.0,10832,10031,Chen,Night
2024-03-08 10:33:00,P1,No issue,0.0,3295,3294,Evan,Night
2024-08-25 13:47:00,P1,No issue,0.0,10902,9459,Asha,Day
2024-01-20 14:35:00,T2,No issue,0.0,4071,3972,Diya,Night
2024-01-27 02:03:00,L8,Breakdown,3.0,8650,8108,Diya,Day
2024-05-24 01:18:00,T2,No issue,0.0,4819,4584,Unknown,Night
2024-10-14 23:11:00,T2,No issue,0.0,5490,5350,Chen,Day
2024-08-27 19:27:00,L9,PM,0.0,3247,3211,Diya,Day
2024-05-25 04:47:00,L8,Quality stop,0.0,6245,5498,Asha,Night
2024-11-11 14:55:00,T1,No issue,0.0,10903,10537,Chen,Day
2024-05-21 22:30:00,T2,No issue,0.0,6264,6245,Evan,Day
2024-03-21 04:56:00,T1,Quality stop,1.0,10766,10252,Diya,Night
2024-08-25 00:58:00,T2,No issue,0.0,10216,10000,Diya,Night
2024-10-04 00:11:00,T1,Quality stop,2.0,4252,4208,Asha,Night
2024-09-26 14:28:00,T1,PM,0.0,5006,4282,Unknown,Day
2024-11-28 17:56:00,L8,No issue,0.0,9234,8677,Diya,Night
2024-07-31 08:05:00,P1,PM,2.0,7865,7166,Asha,Night
2024-08-25 05:17:00,P1,No issue,0.0,3276,3081,Diya,Day
2024-05-15 19:36:00,L9,Breakdown,0.0,9907,8993,Diya,Day
2024-07-27 09:16:00,L9,Changeover,1.0,3477,3336,Diya,Day
2024-07-03 09:43:00,T1,No issue,0.0,9290,8160,Evan,Night
2024-03-20 08:11:00,P1,No issue,0.0,4322,4009,Ben,Day
2024-10-17 20:00:00,L9,Quality stop,0.0,9033,7815,Ben,Day
2024-08-03 00:03:00,L9,No issue,0.0,462,415,Evan,Day
2024-08-20 12:32:00,T1,No issue,0.0,763,654,Unknown,Day
2024-01-09 10:44:00,T2,Breakdown,0.0,793,788,Asha,Night
2024-12-30 00:35:00,T1,No issue,0.0,3265,3068,Diya,Night
2024-11-19 19:39:00,T1,Breakdown,1.0,8918,8438,Ben,Day
2024-09-17 09:51:00,T1,Changeover,0.0,1860,1584,Chen,Day
2024-04-24 02:50:00,P1,No issue,0.0,675,671,Asha,Night
2024-04-05 14:20:00,L8,Breakdown,3.0,7154,6678,Asha,Day
2024-06-14 22:28:00,T1,Changeover,0.0,9933,9625,Evan,Day
2024-03-24 14:53:00,L9,PM,4.0,792,679,Asha,Day
2024-05-01 18:23:00,P1,Breakdown,1.0,11624,10907,Ben,Day
2024-05-05 12:23:00,T1,Breakdown,1.0,5512,5217,Unknown,Day
2024-02-06 14:12:00,T1,Breakdown,4.0,10844,9720,Ben,Day
2024-11-14 22:46:00,L8,Breakdown,2.0,7387,7020,Diya,Night
2024-02-24 13:31:00,T2,No issue,0.0,961,912,Evan,Night
2024-07-10 13:01:00,L9,Breakdown,1.0,8340,8089,Chen,Night
2024-02-09 03:35:00,L8,No issue,0.0,2924,2556,Chen,Night
2024-03-02 20:02:00,P1,Breakdown,0.0,7068,6549,Chen,Day
2024-04-01 00:35:00,T2,Changeover,2.0,7121,6738,Chen,Day
2024-05-10 22:12:00,P1,No issue,0.0,8235,7427,Diya,Night
2024-04-27 17:45:00,L9,No issue,0.0,1583,1536,Asha,Night
2024-11-21 20:03:00,T1,No issue,0.0,6870,6335,Evan,Day
2024-12-10 04:14:00,L9,Breakdown,4.0,2962,2839,Asha,Day
2024-11-29 06:37:00,T1,Quality stop,0.0,9135,8401,Asha,Night
2024-11-11 09:23:00,L9,Breakdown,4.0,11270,10750,Asha,Night
2024-07-23 00:41:00,T2,Breakdown,0.0,1845,1653,Diya,Night
2024-01-17 19:24:00,L8,Breakdown,4.0,6002,5278,Unknown,Night
2024-02-21 21:47:00,P1,Breakdown,0.0,9165,8558,Ben,Night
2024-03-05 14:46:00,L8,Breakdown,1.0,3614,3212,Ben,Night
2024-04-14 15:49:00,P1,Breakdown,0.0,5834,5384,Diya,Day
2024-01-25 16:32:00,P1,PM,2.0,2158,1941,Ben,Day
2024-12-23 03:31:00,L8,No issue,0.0,10889,10769,Chen,Day
2024-03-07 18:10:00,P1,Breakdown,0.0,2715,2675,Chen,Day
2024-06-15 09:23:00,T1,Quality stop,0.0,506,442,Diya,Night
2024-03-04 11:43:00,L8,No issue,0.0,4800,4631,Diya,Night
2024-05-27 00:33:00,P1,No issue,0.0,11417,10584,Evan,Day
2024-04-06 13:30:00,L8,Breakdown,0.0,1942,1752,Evan,Day
2024-03-22 03:54:00,T2,Changeover,0.0,5920,5195,Asha,Night
2024-04-05 21:07:00,T2,Quality stop,0.0,9924,9867,Evan,Day
2024-03-30 17:50:00,T1,No issue,0.0,11210,9958,Diya,Day
2024-01-12 08:41:00,L8,Changeover,0.0,11314,11167,Asha,Night
2024-08-17 07:01:00,T1,Breakdown,1.0,9512,8440,Diya,Day
2024-06-22 15:05:00,T2,No issue,0.0,5836,5015,Ben,Day
2024-08-26 06:36:00,P1,No issue,0.0,5574,5388,Evan,Night
2024-08-29 17:28:00,T1,No issue,0.0,10268,9509,Asha,Night
2024-06-25 02:08:00,T1,Breakdown,0.0,8747,8529,Evan,Day
2024-12-14 14:53:00,L8,Quality stop,0.0,110,106,Unknown,Day
2024-04-19 11:58:00,T2,Changeover,1.0,2161,1957,Asha,Day
2024-07-03 19:53:00,T2,Changeover,1.0,4752,4443,Asha,Day
2024-04-19 10:49:00,L8,Breakdown,1.0,3776,3559,Diya,Night
2024-04-15 06:27:00,L9,No issue,0.0,11009,10848,Chen,Day
2024-04-17 01:16:00,T1,No issue,0.0,5700,5238,Asha,Night
2024-02-04 04:19:00,P1,Changeover,1.0,3275,3006,Asha,Day
2024-08-11 11:13:00,L8,No issue,0.0,6651,6090,Ben,Night
2024-09-29 08:51:00,T2,Quality stop,4.0,5158,4886,Chen,Day
2024-03-12 11:28:00,L9,Changeover,0.0,1916,1783,Chen,Day
2024-07-14 15:36:00,T1,No issue,0.0,2951,2810,Diya,Day
2024-07-04 12:15:00,L8,No issue,0.0,9520,8391,Ben,Day
2024-09-23 16:26:00,P1,Changeover,1.0,5925,5908,Ben,Day
2024-10-15 14:54:00,P1,PM,1.0,4741,4206,Ben,Night
2024-10-02 01:30:00,T2,Quality stop,1.0,1250,1065,Asha,Day
2024-10-19 00:28:00,T2,No issue,0.0,11552,11479,Asha,Day
2024-05-26 23:29:00,L9,No issue,0.0,2955,2573,Asha,Night
2024-01-02 07:16:00,T1,No issue,0.0,1869,1625,Evan,Day
2024-09-10 13:10:00,T1,No issue,0.0,3982,3810,Ben,Day
2024-01-25 14:41:00,L9,Breakdown,0.0,2827,2821,Asha,Day
2024-07-15 11:15:00,T2,Quality stop,2.0,7994,7289,Unknown,Day
2024-12-28 01:07:00,P1,Breakdown,1.0,4443,4430,Chen,Night
2024-09-10 18:13:00,L8,PM,0.0,5543,4837,Ben,Night
2024-06-26 22:30:00,T1,No issue,0.0,9222,8865,Diya,Day
2024-09-24 21:37:00,T2,No issue,0.0,5496,5130,Asha,Night
2024-07-25 05:25:00,L9,Changeover,2.0,6161,5790,Asha,Day
2024-12-03 22:12:00,P1,Quality stop,0.0,2426,2359,Chen,Day
2024-12-09 22:46:00,L9,Breakdown,2.0,9242,8925,Evan,Night
2024-03-04 19:11:00,T1,Breakdown,1.0,11046,9946,Ben,Day
2024-12-28 06:05:00,T1,No issue,0.0,1494,1412,Asha,Day
2024-07-22 01:00:00,T1,No issue,0.0,251,225,Ben,Night
2024-08-25 17:20:00,L9,No issue,0.0,4169,3556,Asha,Day
2024-08-16 11:58:00,T2,Breakdown,2.0,2579,2229,Chen,Day
2024-09-25 07:58:00,T1,Changeover,0.0,6932,6805,Diya,Day
2024-11-16 04:10:00,P1,Quality stop,1.0,9788,8995,Chen,Day
2024-04-15 02:05:00,P1,Changeover,1.0,9583,9068,Ben,Day
2024-10-12 15:34:00,L8,No issue,0.0,7074,6827,Asha,Day
2024-11-14 22:28:00,L9,No issue,0.0,7902,7314,Chen,Day
2024-06-09 01:12:00,L9,No issue,0.0,8027,7083,Evan,Day
2024-06-26 01:22:00,L8,Breakdown,0.0,10465,9438,Unknown,Night
2024-09-14 23:30:00,T2,No issue,0.0,2327,2070,Evan,Day
2024-09-23 08:49:00,L8,Quality stop,1.0,2968,2622,Evan,Day
2024-12-17 20:17:00,T1,No issue,0.0,3741,3520,Ben,Day
2024-02-18 22:54:00,T1,No issue,0.0,635,629,Ben,Night
2024-11-25 16:37:00,L8,Changeover,0.0,8893,7745,Ben,Night
2024-12-24 18:05:00,T2,No issue,0.0,7224,6290,Chen,Night
2024-01-14 06:06:00,L8,Changeover,0.0,10638,9371,Ben,Night
2024-01-01 01:09:00,P1,No issue,0.0,3456,3026,Asha,Day
2024-10-12 23:30:00,T1,Changeover,0.0,3062,2921,Diya,Night
2024-02-04 09:55:00,T1,No issue,0.0,7214,6876,Asha,Day
2024-02-23 00:56:00,T1,Breakdown,0.0,4939,4759,Ben,Night
2024-10-03 13:16:00,P1,Quality stop,1.0,11728,11098,Ben,Day
2024-05-28 09:50:00,L9,Breakdown,1.0,4232,3645,Ben,Night
2024-05-31 16:48:00,L9,No issue,0.0,465,457,Diya,Night
2024-10-25 04:02:00,P1,No issue,0.0,7038,6526,Asha,Night
2024-02-08 23:43:00,L9,PM,4.0,7616,7338,Unknown,Night
2024-12-11 22:49:00,L8,Breakdown,0.0,903,882,Chen,Day
2024-09-07 14:24:00,L8,No issue,0.0,8514,7795,Ben,Night
2024-09-14 15:36:00,L9,No issue,0.0,4274,4133,Evan,Night
2024-01-27 22:46:00,P1,No issue,0.0,3464,3126,Ben,Day
2024-09-11 16:45:00,L8,Breakdown,0.0,6028,5759,Diya,Day
2024-07-26 04:44:00,T2,No issue,0.0,6145,5372,Unknown,Day
2024-06-14 09:27:00,T2,Changeover,0.0,10707,9636,Diya,Day
2024-10-19 09:15:00,L8,No issue,0.0,1966,1893,Asha,Day
2024-08-20 10:43:00,P1,No issue,0.0,5693,4937,Unknown,Night
2024-04-06 01:32:00,T2,Quality stop,3.0,9143,9074,Chen,Day
2024-05-02 13:20:00,T1,No issue,0.0,1861,1628,Chen,Night
2024-05-27 19:17:00,P1,PM,0.0,2904,2729,Ben,Day
2024-01-02 21:21:00,P1,Breakdown,1.0,2144,1997,Evan,Day
2024-06-05 09:35:00,L8,Quality stop,1.0,11509,10982,Diya,Night
2024-09-01 05:19:00,T2,No issue,0.0,5968,5522,Ben,Night
2024-08-26 22:40:00,P1,Breakdown,0.0,8600,8086,Ben,Day
2024-07-15 14:24:00,L8,Quality stop,1.0,11638,11108,Evan,Day
2024-09-17 23:36:00,P1,PM,2.0,7024,6206,Diya,Night
2024-07-05 19:06:00,L8,Breakdown,2.0,11796,10029,Asha,Night
2024-11-24 02:35:00,T2,Breakdown,2.0,7238,6922,Asha,Day
2024-07-19 06:27:00,T2,No issue,0.0,1835,1817,Diya,Day
2024-12-19 01:22:00,T2,PM,2.0,7307,6929,Unknown,Night
2024-03-16 09:56:00,T1,Breakdown,1.0,9490,8385,Diya,Night
2024-04-24 07:02:00,T1,No issue,0.0,8681,7942,Evan,Night
2024-07-12 05:13:00,L8,No issue,0.0,8792,7927,Chen,Night
2024-03-22 13:30:00,P1,Quality stop,0.0,8631,8596,Chen,Day
2024-08-20 12:36:00,P1,PM,4.0,3767,3575,Ben,Night
2024-03-09 00:44:00,P1,No issue,0.0,4929,4825,Asha,Night
2024-08-22 05:39:00,T1,Changeover,1.0,4097,4004,Asha,Day
2024-12-18 17:03:00,T1,Changeover,0.0,2792,2603,Chen,Day
2024-10-19 03:39:00,P1,Breakdown,0.0,8386,7956,Unknown,Night
2024-08-31 14:03:00,T2,Quality stop,0.0,11325,10315,Evan,Day
2024-06-08 11:48:00,T1,Breakdown,2.0,8117,7021,Diya,Night
2024-02-26 23:57:00,T1,No issue,0.0,3525,3521,Ben,Day
2024-06-03 21:50:00,L8,Breakdown,0.0,6953,5943,Ben,Day
2024-02-27 09:02:00,L8,Breakdown,1.0,5683,5291,Evan,Day
2024-09-04 08:45:00,T2,Breakdown,1.0,3417,3395,Asha,Day
2024-11-23 21:56:00,T2,Quality stop,0.0,10841,10234,Diya,Day
2024-03-28 11:33:00,T2,Changeover,1.0,1432,1254,Diya,Day
2024-05-22 11:25:00,P1,PM,1.0,11313,11080,Evan,Day
2024-03-16 03:32:00,T2,No issue,0.0,8793,7839,Diya,Night
2024-02-18 08:02:00,T2,No issue,0.0,5957,5117,Diya,Day
2024-05-21 15:43:00,P1,No issue,0.0,8212,7625,Diya,Night
2024-09-19 22:31:00,L9,No issue,0.0,298,297,Diya,Night
2024-07-15 23:57:00,T1,Breakdown,2.0,5780,5470,Evan,Day
2024-09-12 18:24:00,P1,No issue,0.0,9740,8782,Chen,Day
2024-08-07 02:18:00,P1,No issue,0.0,11671,10705,Ben,Day
2024-11-26 08:54:00,P1,Breakdown,1.0,5278,4555,Chen,Day
2024-08-25 05:52:00,L8,Quality stop,2.0,8645,7607,Diya,Day
2024-01-10 23:45:00,P1,Breakdown,0.0,881,840,Diya,Night
2024-11-23 12:32:00,P1,No issue,0.0,9956,8925,Chen,Day
2024-03-09 21:20:00,T1,No issue,0.0,11626,11422,Asha,Night
2024-02-04 09:41:00,P1,No issue,0.0,8640,7573,Diya,Night
2024-07-17 05:39:00,L8,PM,0.0,4361,4334,Ben,Day
2024-03-09 02:27:00,T1,No issue,0.0,3093,2668,Diya,Day
2024-11-16 16:32:00,P1,PM,0.0,9989,9264,Asha,Night
2024-02-07 14:10:00,P1,No issue,0.0,9060,8223,Unknown,Day
2024-01-15 13:25:00,L8,No issue,0.0,7135,6107,Asha,Night
2024-05-02 07:37:00,L9,No issue,0.0,113,100,Ben,Night
2024-09-13 17:04:00,L8,No issue,0.0,8637,7423,Ben,Night
2024-05-13 00:54:00,L9,No issue,0.0,1298,1203,Asha,Day
2024-06-18 17:23:00,T2,Breakdown,0.0,129,122,Diya,Day
2024-07-29 21:19:00,P1,No issue,0.0,4749,4036,Evan,Day
2024-11-28 20:06:00,T1,Breakdown,0.0,6857,6129,Ben,Day
2024-01-15 07:29:00,T2,Quality stop,1.0,5293,4845,Diya,Day
2024-12-16 14:37:00,T1,Breakdown,1.0,3833,3751,Diya,Night
2024-11-27 18:14:00,L8,Quality stop,0.0,2153,1902,Ben,Day
2024-07-19 20:44:00,L9,Changeover,1.0,701,619,Chen,Day
2024-01-21 16:36:00,L9,No issue,0.0,742,675,Asha,Night
2024-09-17 21:43:00,P1,No issue,0.0,67,65,Asha,Night
2024-10-04 21:19:00,L9,PM,0.0,2005,1758,Ben,Day
2024-02-10 06:14:00,P1,PM,0.0,9911,8698,Evan,Night
2024-06-11 01:02:00,T2,No issue,0.0,8824,8566,Diya,Night
2024-07-08 00:52:00,T1,Breakdown,0.0,3854,3367,Asha,Day
2024-04-02 05:13:00,P1,Breakdown,1.0,115,101,Asha,Day
2024-10-01 13:54:00,P1,Breakdown,1.0,10718,9426,Chen,Day
2024-04-04 15:17:00,L8,Changeover,1.0,1886,1684,Chen,Day
2024-03-16 00:04:00,T1,No issue,0.0,9545,8934,Diya,Night
2024-01-04 16:03:00,L9,No issue,0.0,9276,8022,Chen,Night
2024-07-18 20:20:00,P1,Changeover,0.0,2179,2073,Chen,Day
2024-03-04 18:59:00,T1,PM,1.0,11164,9862,Evan,Night
2024-04-17 07:16:00,T2,Changeover,1.0,1075,921,Ben,Day
2024-07-13 10:20:00,P1,Quality stop,1.0,666,597,Evan,Day
2024-01-06 03:28:00,L8,Breakdown,0.0,6219,5445,Chen,Day
2024-01-15 23:35:00,T2,No issue,0.0,550,483,Asha,Night
2024-10-10 06:47:00,T1,Changeover,1.0,10565,9155,Asha,Night
2024-03-31 09:40:00,L8,No issue,0.0,6472,5745,Asha,Day
2024-01-20 00:01:00,T1,No issue,0.0,7705,6791,Asha,Day
2024-02-22 13:10:00,L8,Breakdown,0.0,10631,9804,Ben,Night
2024-10-16 13:10:00,L9,Breakdown,4.0,1039,1022,Chen,Day
2024-07-09 21:10:00,T2,PM,0.0,953,843,Evan,Day
2024-03-17 03:48:00,T2,Breakdown,4.0,8332,7892,Chen,Day
2024-04-25 05:19:00,L8,No issue,0.0,6478,6348,Ben,Day
2024-06-24 11:08:00,P1,PM,0.0,2764,2646,Ben,Night
2024-07-15 01:22:00,T2,Quality stop,1.0,8892,8149,Evan,Night
2024-04-09 14:57:00,T2,Quality stop,3.0,3451,2934,Ben,Day
2024-01-25 15:19:00,L9,Breakdown,0.0,11574,11471,Unknown,Night
2024-10-17 04:14:00,P1,Quality stop,1.0,8358,7530,Diya,Night
2024-06-29 16:42:00,T1,No issue,0.0,8171,8105,Diya,Day
2024-08-27 00:22:00,P1,No issue,0.0,1409,1229,Evan,Day
2024-07-24 05:32:00,L9,No issue,0.0,1182,1161,Asha,Day
2024-05-25 20:00:00,L9,Quality stop,2.0,6213,5441,Evan,Day
2024-07-16 05:54:00,P1,Breakdown,0.0,5277,5263,Diya,Day
2024-04-08 07:50:00,L8,Breakdown,0.0,1296,1190,Unknown,Night
2024-10-08 16:38:00,L8,Quality stop,2.0,7764,7178,Ben,Day
2024-04-16 00:54:00,T2,Quality stop,1.0,5550,5039,Asha,Night
2024-10-21 18:09:00,T2,Breakdown,1.0,3350,2861,Diya,Night
2024-09-08 22:30:00,T1,No issue,0.0,4098,3856,Ben,Day
2024-05-08 07:47:00,P1,Breakdown,0.0,1296,1265,Unknown,Day
2024-11-22 22:06:00,T1,No issue,0.0,5037,4530,Diya,Day
2024-07-08 12:45:00,T2,Breakdown,3.0,6602,6192,Asha,Night
2024-12-03 01:11:00,P1,PM,2.0,7223,6267,Evan,Day
2024-06-08 17:12:00,P1,Changeover,0.0,9627,9281,Ben,Night
2024-03-04 21:39:00,L8,PM,2.0,10948,9736,Asha,Day
2024-12-30 11:51:00,T1,No issue,0.0,3481,3098,Evan,Day
2024-04-21 10:54:00,L8,Breakdown,1.0,9393,8246,Ben,Day
2024-12-12 04:35:00,L8,No issue,0.0,2328,2227,Evan,Day
2024-11-02 19:51:00,L9,No issue,0.0,4030,3533,Evan,Night
2024-11-30 21:16:00,T2,Breakdown,0.0,4934,4783,Evan,Day
2024-12-21 15:46:00,T1,No issue,0.0,3080,2984,Evan,Day
2024-11-23 12:25:00,P1,Changeover,3.0,2786,2547,Asha,Night
2024-01-08 20:06:00,P1,PM,0.0,4730,4564,Chen,Night
2024-01-09 17:15:00,P1,Breakdown,4.0,3369,2942,Ben,Day
2024-11-25 07:12:00,T1,Breakdown,0.0,5081,4869,Ben,Day
2024-01-03 14:52:00,L9,No issue,0.0,10026,9629,Chen,Day
2024-03-28 10:12:00,P1,PM,1.0,7377,6434,Chen,Night
2024-05-27 18:11:00,P1,No issue,0.0,3830,3818,Ben,Night
2024-02-25 12:09:00,L8,No issue,0.0,2769,2538,Evan,Day
2024-09-15 17:21:00,L8,Quality stop,4.0,10813,9614,Unknown,Day
2024-03-31 07:18:00,L9,PM,2.0,11216,9976,Evan,Night
2024-08-05 03:23:00,T1,Changeover,0.0,7804,7451,Ben,Night
2024-06-21 22:57:00,L9,Quality stop,2.0,7404,6313,Ben,Day
2024-05-24 08:40:00,L9,Breakdown,0.0,11092,10794,Ben,Day
2024-02-20 19:29:00,P1,Quality stop,1.0,5477,4877,Chen,Day
2024-08-30 12:17:00,L8,Changeover,2.0,6400,5618,Chen,Night
2024-12-13 20:49:00,P1,No issue,0.0,7813,6828,Evan,Day
2024-03-03 00:21:00,L9,No issue,0.0,2916,2851,Chen,Night
2024-02-29 18:53:00,T1,No issue,0.0,9360,8348,Diya,Day
2024-12-08 17:37:00,L9,Quality stop,1.0,11901,10449,Asha,Day
2024-08-14 12:41:00,T2,No issue,0.0,5434,5407,Evan,Night
2024-11-18 22:56:00,L9,No issue,0.0,11553,10601,Diya,Night
2024-12-16 19:28:00,T2,No issue,0.0,8443,8000,Evan,Day
2024-03-29 21:10:00,L8,No issue,0.0,8657,7379,Ben,Night
2024-06-07 03:42:00,L8,Changeover,0.0,8181,7650,Unknown,Day
2024-03-04 00:07:00,P1,No issue,0.0,2875,2586,Asha,Night
2024-12-25 20:55:00,L8,PM,1.0,8782,7568,Asha,Night
2024-04-14 23:49:00,T1,No issue,0.0,11969,10501,Ben,Night
2024-08-25 23:40:00,L8,Breakdown,1.0,2193,2074,Asha,Day
2024-07-07 09:55:00,P1,Breakdown,2.0,5395,5274,Asha,Day
2024-08-12 04:31:00,L9,Changeover,0.0,4149,4039,Diya,Night
2024-05-22 20:59:00,L9,No issue,0.0,7246,7154,Diya,Night
2024-06-21 04:24:00,P1,No issue,0.0,8747,8638,Asha,Day
2024-09-09 02:47:00,T1,No issue,0.0,90,87,Asha,Day
2024-07-21 14:42:00,P1,Quality stop,0.0,7277,7174,Evan,Day
2024-07-31 21:22:00,T2,No issue,0.0,7493,6894,Ben,Day
2024-07-17 04:45:00,L9,Breakdown,2.0,9108,8110,Chen,Night
2024-06-10 14:43:00,P1,PM,0.0,8660,7501,Diya,Night
2024-05-28 05:39:00,P1,No issue,0.0,8653,7925,Unknown,Day
2024-12-06 01:41:00,P1,Quality stop,0.0,7663,7125,Asha,Night
2024-06-02 09:12:00,L8,No issue,0.0,1470,1347,Chen,Day
2024-03-27 13:39:00,L9,PM,1.0,9746,8678,Unknown,Day
2024-04-21 12:31:00,L8,No issue,0.0,2076,1999,Evan,Day
2024-02-01 19:24:00,T1,Breakdown,2.0,10023,9512,Chen,Day
2024-09-17 03:53:00,L8,Quality stop,1.0,6540,6138,Ben,Day
2024-05-06 09:54:00,L8,Breakdown,2.0,1647,1591,Chen,Day
2024-12-02 17:55:00,T1,Quality stop,0.0,9019,8532,Asha,Day
2024-08-12 09:06:00,L9,PM,3.0,229,206,Evan,Day
2024-12-01 23:30:00,L9,PM,0.0,4370,4359,Asha,Night
2024-04-22 08:29:00,L8,No issue,0.0,2140,1873,Chen,Day
2024-03-18 17:44:00,P1,PM,1.0,11328,11078,Ben,Day
2024-02-08 05:35:00,T1,No issue,0.0,9737,9167,Asha,Day
2024-04-23 14:54:00,T1,No issue,0.0,1145,1105,Chen,Night
2024-05-01 01:51:00,T2,No issue,0.0,6419,5921,Asha,Night
2024-10-24 06:49:00,L9,Breakdown,0.0,10282,9832,Ben,Night
2024-12-27 20:43:00,T2,Quality stop,0.0,1047,997,Chen,Day
2024-06-27 16:22:00,L9,Breakdown,1.0,1943,1745,Chen,Day
2024-08-05 19:02:00,L9,PM,1.0,10018,9672,Ben,Day
2024-09-05 18:19:00,T1,Breakdown,0.0,1298,1142,Diya,Day
2024-11-21 04:34:00,T1,No issue,0.0,2350,2180,Asha,Day
2024-11-22 23:14:00,P1,Quality stop,2.0,9050,8819,Diya,Night
2024-06-11 07:45:00,T2,No issue,0.0,11420,9715,Chen,Night
2024-10-17 07:19:00,L9,Breakdown,4.0,11069,10865,Ben,Day
2024-06-20 17:44:00,P1,No issue,0.0,10696,9222,Ben,Day
2024-03-12 04:37:00,T2,Changeover,0.0,11227,10083,Ben,Day
2024-03-14 03:57:00,T1,Quality stop,0.0,2532,2486,Asha,Day
2024-01-26 02:59:00,P1,No issue,0.0,1433,1224,Ben,Day
2024-01-10 11:11:00,T1,No issue,0.0,7955,7898,Diya,Day
2024-04-12 05:05:00,T2,Changeover,2.0,8278,7439,Asha,Day
2024-09-29 22:05:00,T1,No issue,0.0,3075,3049,Ben,Night
2024-01-29 00:48:00,P1,Quality stop,0.0,4138,4018,Asha,Night
2024-08-07 17:18:00,L9,PM,1.0,2962,2825,Unknown,Night
2024-09-10 06:39:00,L9,No issue,0.0,8598,8053,Chen,Day
2024-04-25 16:50:00,L9,No issue,0.0,945,898,Asha,Night
2024-01-29 01:30:00,T2,No issue,0.0,10488,9579,Diya,Day
2024-03-17 16:34:00,L9,No issue,0.0,4239,4184,Chen,Day
2024-07-30 07:21:00,P1,Breakdown,0.0,5860,5075,Asha,Day
2024-08-01 06:43:00,P1,No issue,0.0,10092,9774,Diya,Day
2024-06-10 10:54:00,L8,Breakdown,2.0,10015,8765,Chen,Day
2024-10-18 23:55:00,T1,PM,0.0,4234,4084,Asha,Day
2024-01-21 04:29:00,P1,Breakdown,0.0,9684,8435,Chen,Day
2024-05-13 03:32:00,T2,Breakdown,1.0,8882,8220,Chen,Day
2024-08-24 19:53:00,T1,Breakdown,0.0,3792,3354,Ben,Day
2024-05-16 07:17:00,T2,Quality stop,0.0,6375,6152,Asha,Night
2024-02-13 09:52:00,T2,No issue,0.0,10075,9412,Chen,Day
2024-07-11 14:05:00,T2,Breakdown,1.0,10690,9839,Evan,Day
2024-07-01 07:55:00,T2,Changeover,0.0,8279,7078,Asha,Night
2024-12-30 22:08:00,L9,PM,0.0,7552,7531,Unknown,Night
2024-07-23 19:52:00,P1,No issue,0.0,2786,2499,Chen,Night
2024-08-10 12:55:00,T2,No issue,0.0,2916,2498,Diya,Night
2024-12-07 10:25:00,L9,Breakdown,1.0,1524,1417,Diya,Night
2024-11-23 14:40:00,T2,PM,1.0,7209,6604,Chen,Night
2024-03-06 00:33:00,T2,No issue,0.0,4352,3806,Ben,Night
2024-06-13 23:59:00,L8,Breakdown,0.0,11892,11559,Evan,Day
2024-01-21 17:23:00,T2,No issue,0.0,581,567,Chen,Day
2024-04-19 07:59:00,P1,Quality stop,0.0,334,295,Chen,Day
2024-04-20 13:52:00,T2,No issue,0.0,2678,2641,Ben,Night
2024-01-05 18:54:00,L9,PM,1.0,1558,1340,Evan,Day
2024-12-27 14:49:00,T1,No issue,0.0,10476,9994,Diya,Day
2024-12-23 09:32:00,T1,No issue,0.0,6557,5844,Ben,Day
2024-11-02 11:47:00,T1,PM,0.0,3451,2995,Unknown,Night
2024-08-30 14:49:00,L9,Breakdown,0.0,4126,3526,Chen,Day
2024-09-14 07:13:00,L8,PM,1.0,815,709,Chen,Night
2024-08-28 16:24:00,T1,PM,2.0,5480,4814,Asha,Night
2024-05-30 11:38:00,L8,No issue,0.0,8050,7086,Chen,Day
2024-02-10 10:18:00,T2,No issue,0.0,10055,8673,Ben,Day
2024-02-05 06:55:00,T1,Breakdown,2.0,2290,2139,Asha,Night
2024-02-22 10:20:00,T2,Breakdown,1.0,5673,4910,Ben,Day
2024-04-18 19:35:00,T1,No issue,0.0,1986,1740,Evan,Day
2024-12-12 10:03:00,P1,Changeover,0.0,11865,11059,Chen,Day
2024-06-26 12:16:00,T2,PM,0.0,6865,6608,Ben,Day
2024-06-12 03:26:00,L8,No issue,0.0,9500,8465,Diya,Day
2024-08-13 07:37:00,T1,Changeover,1.0,2598,2457,Chen,Night
2024-01-10 02:36:00,T2,No issue,0.0,5339,5212,Diya,Day
2024-04-20 20:31:00,L8,No issue,0.0,2353,2065,Diya,Night
2024-03-14 20:20:00,L9,Quality stop,0.0,10492,10454,Ben,Night
2024-09-14 13:50:00,L9,PM,2.0,1571,1399,Evan,Day
2024-12-05 22:28:00,P1,Breakdown,0.0,3961,3899,Diya,Day
2024-11-25 13:45:00,T2,Breakdown,1.0,1442,1415,Ben,Day
2024-04-27 11:08:00,P1,Breakdown,0.0,2800,2649,Asha,Night
2024-11-24 00:57:00,T1,No issue,0.0,7980,7694,Evan,Day
2024-03-22 22:23:00,P1,Breakdown,0.0,6950,5930,Evan,Night
2024-10-12 11:00:00,T2,No issue,0.0,10181,9783,Ben,Day
2024-04-13 06:28:00,T2,Quality stop,0.0,8338,8186,Chen,Night
2024-05-09 01:04:00,T1,No issue,0.0,11517,10350,Diya,Day
2024-05-04 18:18:00,L9,No issue,0.0,5421,5017,Asha,Night
2024-03-30 23:56:00,L9,No issue,0.0,10252,9922,Evan,Night
2024-05-04 21:55:00,P1,Changeover,4.0,14,12,Asha,Day
2024-09-29 05:23:00,L9,No issue,0.0,625,614,Diya,Night
2024-08-17 19:34:00,L9,No issue,0.0,10572,9189,Diya,Night
2024-12-04 14:39:00,L8,No issue,0.0,2538,2178,Diya,Day
2024-11-30 08:53:00,P1,Changeover,0.0,5965,5211,Chen,Day
2024-01-26 19:09:00,T2,Quality stop,0.0,5162,4564,Diya,Day
2024-06-04 02:10:00,T2,Breakdown,0.0,11759,10560,Asha,Night
2024-01-05 16:26:00,P1,Breakdown,0.0,2612,2287,Evan,Night
2024-05-25 08:05:00,T1,PM,0.0,6284,5752,Chen,Day
2024-03-30 19:13:00,L9,No issue,0.0,7670,7157,Diya,Day
2024-04-07 11:48:00,L9,Changeover,2.0,6976,6955,Ben,Day
2024-01-03 01:12:00,P1,No issue,0.0,6072,5567,Asha,Day
2024-10-01 23:10:00,T2,Quality stop,1.0,5908,5735,Ben,Day
2024-03-20 06:21:00,L8,No issue,0.0,8360,7339,Asha,Day
2024-06-17 01:48:00,T1,No issue,0.0,774,772,Diya,Day
2024-09-25 13:02:00,L8,Breakdown,0.0,9358,8115,Ben,Day
2024-07-07 14:31:00,T2,No issue,0.0,9772,8476,Asha,Day
2024-06-20 01:14:00,P1,No issue,0.0,6411,5976,Evan,Night
2024-06-07 13:41:00,T2,Quality stop,0.0,5190,4686,Chen,Day
2024-02-07 15:46:00,T1,Breakdown,1.0,8536,8536,Diya,Night
2024-04-22 07:27:00,T1,Changeover,3.0,6905,6375,Ben,Day
2024-04-20 22:01:00,L8,Breakdown,2.0,6857,5943,Evan,Night
2024-08-06 12:39:00,P1,Breakdown,1.0,7588,7176,Ben,Night
2024-11-17 01:02:00,T2,No issue,0.0,9818,9444,Chen,Night
2024-07-11 15:41:00,L9,Changeover,1.0,2905,2782,Ben,Day
2024-07-10 17:28:00,T1,Quality stop,0.0,9388,8543,Ben,Day
2024-09-09 01:52:00,T2,PM,1.0,11005,10387,Unknown,Day
2024-07-25 09:47:00,T2,Changeover,0.0,3079,2749,Unknown,Day
2024-11-19 23:00:00,L8,Breakdown,1.0,9084,7994,Diya,Night
2024-01-02 14:25:00,L8,Breakdown,0.0,3512,3195,Evan,Night
2024-08-31 14:25:00,P1,Quality stop,0.0,10226,9569,Ben,Night
2024-11-07 20:04:00,T1,No issue,0.0,1738,1701,Ben,Day
2024-06-03 22:36:00,L8,PM,0.0,2382,2041,Diya,Night
2024-02-11 13:39:00,L8,No issue,0.0,954,863,Asha,Night
2024-01-10 07:48:00,T1,PM,2.0,4448,3921,Asha,Night
2024-02-05 17:12:00,L9,No issue,0.0,10323,9706,Ben,Day
2024-12-08 10:44:00,P1,No issue,0.0,9793,9274,Asha,Night
2024-01-15 14:50:00,P1,Breakdown,1.0,9217,8011,Ben,Day
2024-09-26 23:09:00,P1,No issue,0.0,10691,10442,Asha,Day
2024-08-28 02:02:00,L8,No issue,0.0,7565,6952,Chen,Day
2024-07-20 05:02:00,L9,PM,0.0,6238,5347,Ben,Day
2024-05-10 03:26:00,L9,PM,1.0,5113,4971,Ben,Night
2024-09-05 02:52:00,L8,Breakdown,0.0,8906,8658,Diya,Day
2024-03-30 18:27:00,T2,Quality stop,1.0,11275,9782,Evan,Day
2024-04-03 15:29:00,P1,No issue,0.0,5732,4969,Chen,Day
2024-09-23 11:49:00,P1,No issue,0.0,5437,5290,Chen,Night
2024-04-05 14:00:00,T1,No issue,0.0,4069,3952,Ben,Night
2024-02-27 01:44:00,T2,No issue,0.0,10025,8541,Diya,Night
2024-08-12 23:32:00,T1,Changeover,1.0,2856,2544,Diya,Day
2024-11-04 18:37:00,T1,PM,0.0,8759,7703,Unknown,Day
2024-05-16 13:24:00,T1,Breakdown,3.0,8617,7995,Asha,Night
2024-03-03 02:01:00,T2,PM,3.0,411,349,Diya,Night
2024-03-29 14:56:00,L8,No issue,0.0,6537,5776,Ben,Day
2024-02-06 10:21:00,P1,No issue,0.0,2862,2494,Chen,Day
2024-03-02 10:36:00,L9,PM,2.0,7847,7152,Asha,Day
2024-11-12 16:12:00,L9,Quality stop,0.0,10864,9681,Unknown,Day
2024-06-23 10:26:00,L9,Quality stop,0.0,3823,3576,Ben,Day
2024-02-17 08:27:00,P1,Breakdown,1.0,10046,9302,Diya,Night
2024-06-10 10:00:00,T1,PM,0.0,6013,5756,Ben,Night
2024-12-16 22:38:00,P1,Breakdown,4.0,565,520,Asha,Day
2024-12-14 20:16:00,P1,PM,0.0,10157,8923,Evan,Night
2024-09-02 10:21:00,L9,Quality stop,1.0,8025,6949,Diya,Day
2024-11-10 09:47:00,L9,No issue,0.0,10270,9095,Evan,Day
2024-09-06 10:45:00,L9,PM,0.0,7463,7094,Asha,Day
2024-09-24 11:23:00,P1,PM,0.0,9200,8584,Asha,Day
2024-08-03 14:28:00,P1,PM,4.0,7742,6950,Diya,Day
2024-11-26 14:32:00,P1,Breakdown,4.0,7005,6881,Diya,Day
2024-06-26 11:35:00,T1,No issue,0.0,10386,9520,Chen,Day
2024-02-14 00:51:00,L8,Breakdown,0.0,6217,6215,Chen,Night
2024-05-04 02:37:00,L9,No issue,0.0,9458,8448,Chen,Night
2024-05-15 23:49:00,T1,Breakdown,0.0,7852,7004,Evan,Day
2024-02-26 06:22:00,T1,Changeover,0.0,1445,1424,Unknown,Night
2024-03-05 18:49:00,P1,Breakdown,1.0,2161,1957,Chen,Day
2024-10-17 23:56:00,L8,Breakdown,4.0,6128,5633,Diya,Day
2024-09-10 03:00:00,L8,No issue,0.0,1185,1135,Diya,Day
2024-03-13 09:16:00,L8,PM,1.0,11388,10355,Unknown,Day
2024-10-27 11:31:00,T2,No issue,0.0,338,323,Asha,Night
2024-11-30 06:41:00,P1,No issue,0.0,10206,10134,Ben,Day
2024-11-08 16:55:00,L8,No issue,0.0,848,840,Asha,Day
2024-07-13 05:28:00,T2,No issue,0.0,8089,7579,Asha,Day
2024-02-13 07:56:00,T2,PM,0.0,1143,1040,Ben,Day
2024-12-11 15:32:00,T1,Changeover,1.0,9759,9350,Chen,Night
2024-07-28 22:13:00,T1,Breakdown,1.0,8167,7239,Asha,Day
2024-11-13 19:20:00,T2,Breakdown,1.0,11073,10298,Chen,Night
2024-11-06 03:26:00,L8,Breakdown,1.0,10407,10388,Asha,Night
2024-05-09 15:45:00,L8,PM,1.0,1884,1693,Chen,Night
2024-08-20 17:18:00,T1,No issue,0.0,7730,6778,Diya,Night
2024-01-23 02:10:00,T1,Breakdown,0.0,2173,2158,Unknown,Day
2024-03-17 06:15:00,L8,PM,0.0,1221,1208,Chen,Day
2024-08-06 04:57:00,T1,Breakdown,2.0,9381,8695,Chen,Night
2024-01-26 16:28:00,T1,Breakdown,4.0,1943,1812,Asha,Night
2024-09-26 04:24:00,T2,Breakdown,2.0,8780,7504,Evan,Night
2024-05-13 01:28:00,L9,Breakdown,0.0,8504,8148,Diya,Night
2024-02-04 19:53:00,L8,No issue,0.0,1763,1694,Diya,Day
2024-09-12 03:40:00,L9,No issue,0.0,10169,9276,Ben,Day
2024-06-07 01:47:00,T2,No issue,0.0,4675,4083,Ben,Day
2024-12-21 13:33:00,P1,PM,1.0,3404,3276,Evan,Night
2024-09-18 01:29:00,T2,No issue,0.0,4160,3555,Evan,Day
2024-11-05 12:17:00,L8,No issue,0.0,9950,8845,Evan,Day
2024-09-10 12:41:00,L9,Breakdown,0.0,6,5,Chen,Day
2024-04-13 09:49:00,T1,No issue,0.0,2900,2494,Diya,Night
2024-02-13 18:38:00,T1,No issue,0.0,11165,10096,Chen,Day
2024-04-12 23:06:00,T2,PM,3.0,10296,9008,Diya,Night
2024-03-17 21:45:00,L9,Changeover,0.0,838,834,Diya,Night
2024-04-02 19:35:00,L9,Breakdown,1.0,1478,1435,Unknown,Night
2024-10-29 23:14:00,L9,Breakdown,1.0,6942,6438,Chen,Night
2024-04-18 10:46:00,P1,No issue,0.0,2690,2329,Diya,Night
2024-03-26 12:29:00,T1,PM,2.0,11019,10949,Asha,Night
2024-03-25 11:01:00,T2,Changeover,1.0,7060,6403,Chen,Night
2024-02-22 06:31:00,T1,Changeover,0.0,6410,5981,Evan,Day
2024-05-02 14:18:00,L8,No issue,0.0,8293,8233,Chen,Day
2024-04-03 16:51:00,P1,Changeover,1.0,283,278,Asha,Night
2024-03-31 10:15:00,L9,PM,0.0,3869,3531,Unknown,Day
2024-12-16 10:35:00,T1,PM,1.0,10114,9713,Chen,Day
2024-07-22 05:20:00,L8,Quality stop,1.0,8721,8438,Diya,Day
2024-03-13 17:43:00,L9,No issue,0.0,10715,9558,Asha,Night
2024-08-06 17:21:00,T2,No issue,0.0,11419,10856,Evan,Night
2024-07-23 01:57:00,P1,PM,1.0,6043,5170,Asha,Night
2024-03-15 05:57:00,T1,PM,4.0,2368,2115,Chen,Day
2024-06-06 15:51:00,T2,Changeover,1.0,532,501,Chen,Night
2024-12-09 16:33:00,L8,No issue,0.0,6769,6611,Chen,Day
2024-02-16 09:17:00,L8,Changeover,0.0,5807,5131,Unknown,Day
2024-07-07 18:10:00,T2,Changeover,0.0,4738,4348,Asha,Night
2024-10-17 10:25:00,L9,Quality stop,1.0,4883,4673,Chen,Day
2024-03-06 03:22:00,L8,PM,2.0,8967,7990,Diya,Day
2024-03-22 06:11:00,L8,Breakdown,1.0,10314,9148,Chen,Day
2024-03-07 01:58:00,P1,No issue,0.0,3883,3672,Diya,Day
2024-07-27 03:08:00,T1,No issue,0.0,6106,5728,Unknown,Day
2024-01-26 13:23:00,T2,Breakdown,1.0,9081,8809,Ben,Day
2024-04-04 23:02:00,T1,No issue,0.0,1820,1675,Asha,Night
2024-09-04 12:15:00,T2,No issue,0.0,5855,4986,Evan,Night
2024-07-31 05:50:00,L8,Breakdown,1.0,6569,6167,Chen,Day
2024-04-14 20:03:00,P1,No issue,0.0,7163,7154,Asha,Night
2024-01-07 10:03:00,P1,No issue,0.0,6857,6214,Ben,Day
2024-04-01 05:59:00,T2,No issue,0.0,4431,4035,Diya,Day
2024-07-16 12:31:00,T1,Breakdown,4.0,3955,3483,Chen,Night
2024-10-12 20:48:00,T1,No issue,0.0,6547,6133,Ben,Day
2024-01-26 13:40:00,P1,Breakdown,0.0,2749,2717,Diya,Day
2024-06-04 17:49:00,L8,Quality stop,0.0,5609,4882,Asha,Day
2024-06-11 13:28:00,P1,No issue,0.0,7337,7144,Asha,Day
2024-08-05 11:23:00,P1,PM,1.0,9328,8488,Diya,Night
2024-07-24 03:20:00,T2,No issue,0.0,1795,1743,Asha,Night
2024-09-26 17:03:00,L8,Quality stop,1.0,7672,6632,Evan,Day
2024-02-24 02:32:00,L8,Changeover,3.0,11493,11196,Diya,Day
2024-02-16 01:56:00,L8,Breakdown,1.0,425,403,Chen,Day
2024-10-19 05:27:00,L9,Breakdown,1.0,11289,10599,Chen,Night
2024-01-27 09:38:00,T2,No issue,0.0,1807,1641,Evan,Day
2024-11-15 23:41:00,T1,No issue,0.0,7748,7013,Evan,Day
2024-11-17 11:22:00,L8,Quality stop,0.0,11493,10362,Diya,Night
2024-09-02 15:40:00,T1,No issue,0.0,9415,8203,Unknown,Day
2024-02-03 11:23:00,L9,Breakdown,0.0,4558,4528,Chen,Night
2024-01-22 08:23:00,T1,Breakdown,1.0,8440,7910,Evan,Night
2024-05-16 15:23:00,L9,Breakdown,0.0,10799,10554,Diya,Day
2024-08-12 09:22:00,L9,No issue,0.0,4628,4621,Ben,Day
2024-02-27 10:27:00,L8,Changeover,2.0,6726,6575,Diya,Night
2024-07-23 21:33:00,P1,Quality stop,3.0,10903,10305,Ben,Night
2024-08-13 17:36:00,P1,No issue,0.0,9573,8983,Evan,Night
2024-04-21 12:05:00,L8,No issue,0.0,7164,6654,Ben,Night
2024-09-23 17:51:00,T2,Breakdown,1.0,8636,7518,Chen,Day
2024-04-05 22:15:00,L9,Quality stop,0.0,11351,10655,Evan,Day
2024-04-17 01:42:00,P1,Changeover,2.0,2956,2670,Diya,Night
2024-03-26 22:24:00,T2,Quality stop,1.0,11602,10783,Diya,Day
2024-09-16 23:23:00,T2,PM,0.0,3469,3398,Unknown,Night
2024-07-09 23:21:00,L9,No issue,0.0,11511,9919,Diya,Day
2024-09-19 01:21:00,L8,Quality stop,1.0,172,164,Evan,Night
2024-01-20 20:45:00,L9,Changeover,1.0,3013,2983,Chen,Night
2024-07-31 12:17:00,T1,Breakdown,0.0,4517,4307,Ben,Day
2024-01-05 18:53:00,L9,Breakdown,1.0,11301,10533,Diya,Day
2024-11-18 00:21:00,L8,No issue,0.0,6585,6401,Evan,Night
2024-07-20 23:25:00,T2,Breakdown,0.0,1679,1603,Unknown,Night
2024-06-12 12:08:00,L9,No issue,0.0,4336,4264,Asha,Day
2024-02-12 00:46:00,T2,No issue,0.0,5904,5026,Diya,Day
2024-12-20 04:42:00,P1,Changeover,0.0,8244,8150,Chen,Day
2024-03-30 13:55:00,L8,Breakdown,1.0,10642,10548,Asha,Day
2024-10-24 05:51:00,T2,PM,3.0,1636,1484,Asha,Day
2024-04-23 19:19:00,L8,Changeover,0.0,9221,8216,Ben,Day
2024-04-22 00:27:00,T1,No issue,0.0,454,392,Chen,Day
2024-11-18 09:03:00,L8,Breakdown,4.0,8228,7205,Unknown,Night
2024-10-15 22:48:00,T1,No issue,0.0,9420,8657,Ben,Day
2024-08-29 00:53:00,L8,Changeover,0.0,5100,5054,Evan,Night
2024-07-08 00:30:00,T1,No issue,0.0,6569,5969,Evan,Night
2024-09-19 17:18:00,L8,Changeover,0.0,10546,9833,Asha,Day
2024-07-16 16:15:00,L9,PM,1.0,8783,7879,Diya,Day
2024-04-18 12:34:00,L9,Breakdown,3.0,2584,2391,Diya,Day
2024-07-14 00:59:00,P1,PM,3.0,11126,10756,Chen,Night
2024-05-25 14:56:00,T1,Breakdown,2.0,10059,9327,Evan,Night
2024-01-26 16:57:00,L9,Breakdown,2.0,11140,10213,Evan,Day
2024-09-24 11:46:00,T2,PM,4.0,11301,10520,Diya,Day
2024-10-15 03:41:00,L8,Breakdown,0.0,4190,3635,Chen,Night
2024-05-31 08:52:00,L9,No issue,0.0,5499,5074,Evan,Day
2024-06-24 05:39:00,T2,No issue,0.0,10956,9811,Ben,Night
2024-08-09 16:46:00,T2,Breakdown,1.0,2206,2026,Chen,Night
2024-11-04 10:21:00,T1,No issue,0.0,8915,7636,Evan,Day
2024-06-16 06:54:00,L9,Breakdown,0.0,716,666,Diya,Night
2024-08-07 21:10:00,L9,No issue,0.0,8160,7075,Diya,Night
2024-06-19 02:26:00,L9,Changeover,1.0,8648,8072,Ben,Day
2024-01-17 10:10:00,L8,Quality stop,1.0,1739,1632,Ben,Day
2024-08-06 15:51:00,T2,No issue,0.0,7501,6937,Ben,Day
2024-03-26 12:12:00,T2,No issue,0.0,5066,4786,Diya,Day
2024-07-13 08:17:00,L9,Breakdown,0.0,164,145,Diya,Night
2024-03-20 04:21:00,L9,No issue,0.0,4315,3868,Evan,Day
2024-08-16 22:29:00,T1,Changeover,2.0,10837,9648,Asha,Day
2024-09-12 19:13:00,T2,Changeover,0.0,5484,5391,Diya,Night
2024-05-16 06:13:00,T2,Breakdown,2.0,783,722,Diya,Day
2024-12-05 10:28:00,T2,Breakdown,2.0,6902,6418,Asha,Night
2024-09-02 09:06:00,P1,Breakdown,2.0,11724,11134,Ben,Day
2024-01-14 10:04:00,L8,No issue,0.0,9552,9264,Diya,Night
2024-09-20 09:13:00,T2,PM,1.0,10710,9549,Evan,Night
2024-10-19 20:15:00,T1,Breakdown,0.0,5568,4776,Asha,Day
2024-12-25 18:54:00,L8,Changeover,2.0,3621,3465,Ben,Day
2024-12-06 11:23:00,P1,Changeover,0.0,9066,8426,Evan,Night
2024-03-21 00:44:00,T1,PM,0.0,11602,10450,Asha,Night
2024-03-11 15:29:00,T1,Breakdown,0.0,4385,3768,Asha,Night
2024-02-19 19:47:00,T2,Breakdown,1.0,7303,6520,Unknown,Night
2024-12-28 20:39:00,L8,Breakdown,0.0,2760,2432,Diya,Day
2024-12-30 05:37:00,T1,Quality stop,1.0,1282,1263,Diya,Day
2024-09-26 01:25:00,P1,Breakdown,1.0,2423,2193,Evan,Day
2024-01-14 13:29:00,P1,PM,1.0,367,364,Evan,Day
2024-03-10 07:24:00,P1,Changeover,1.0,5081,5052,Asha,Night
2024-03-09 07:11:00,T2,PM,1.0,6133,5956,Diya,Day
2024-10-27 03:10:00,T1,No issue,0.0,7818,7133,Ben,Night
2024-06-07 14:00:00,T1,No issue,0.0,676,624,Chen,Night
2024-12-02 11:55:00,T2,Quality stop,3.0,9029,8608,Chen,Night
2024-03-09 02:12:00,L9,Breakdown,3.0,96,94,Diya,Day
2024-03-17 11:18:00,L8,No issue,0.0,1606,1447,Chen,Night
2024-02-15 12:43:00,T2,Quality stop,0.0,5912,5029,Asha,Day
2024-09-03 02:53:00,L8,Breakdown,0.0,3351,3213,Ben,Day
2024-03-30 01:14:00,T2,PM,0.0,6750,6743,Diya,Night
2024-08-19 04:17:00,T1,No issue,0.0,834,720,Ben,Night
2024-12-13 20:22:00,L8,Changeover,0.0,4132,3747,Diya,Day
2024-11-02 06:30:00,T2,No issue,0.0,1664,1460,Diya,Night
2024-08-08 14:43:00,L8,Breakdown,4.0,4600,4378,Ben,Day
2024-11-21 11:26:00,T2,No issue,0.0,3840,3824,Chen,Day
2024-07-30 12:01:00,L9,No issue,0.0,7336,6933,Asha,Day
2024-01-21 07:46:00,P1,PM,2.0,6320,5410,Asha,Day
2024-04-23 23:51:00,T1,Breakdown,1.0,10816,10476,Chen,Day
2024-06-24 04:25:00,P1,No issue,0.0,2561,2256,Ben,Night
2024-03-26 05:20:00,L9,No issue,0.0,3708,3262,Chen,Day
2024-12-24 14:44:00,L8,PM,0.0,2404,2230,Asha,Night
2024-02-13 13:04:00,P1,No issue,0.0,7609,7053,Diya,Night
2024-01-02 00:10:00,T1,No issue,0.0,502,478,Ben,Night
2024-09-06 21:01:00,P1,No issue,0.0,8022,6900,Asha,Night
2024-12-06 02:37:00,P1,Changeover,0.0,2875,2680,Diya,Night
2024-06-03 22:40:00,P1,No issue,0.0,4016,3516,Chen,Night
2024-06-09 08:07:00,T1,No issue,0.0,11059,9862,Diya,Night
2024-12-27 12:49:00,T1,No issue,0.0,11561,10479,Chen,Day
2024-06-03 06:31:00,L8,No issue,0.0,7341,6474,Asha,Day
2024-07-20 22:33:00,T2,No issue,0.0,1232,1071,Ben,Night
2024-07-29 14:13:00,T1,Changeover,0.0,8128,7835,Asha,Day
2024-03-07 03:46:00,T2,Breakdown,1.0,622,556,Evan,Day
2024-03-17 19:39:00,P1,Changeover,0.0,9354,8878,Chen,Day
2024-12-22 16:56:00,L8,Breakdown,2.0,10135,10008,Chen,Night
2024-10-29 07:45:00,L9,No issue,0.0,1967,1715,Asha,Day
2024-05-07 09:20:00,T2,No issue,0.0,506,476,Asha,Night
2024-06-15 13:11:00,L9,Breakdown,1.0,4096,3975,Chen,Night
2024-06-13 20:38:00,T1,Changeover,0.0,2890,2557,Chen,Day
2024-02-26 07:56:00,T2,Quality stop,0.0,4972,4620,Diya,Night
2024-08-23 21:04:00,T2,Breakdown,2.0,10558,9041,Evan,Night
2024-03-24 09:55:00,T2,PM,1.0,8393,7934,Asha,Day
2024-07-21 01:46:00,T1,No issue,0.0,944,840,Ben,Day
2024-04-19 04:14:00,T1,PM,0.0,8230,7760,Evan,Day
2024-07-04 15:29:00,L8,PM,4.0,7776,7297,Ben,Day
2024-01-10 21:42:00,P1,Quality stop,0.0,10645,9856,Asha,Day
2024-02-01 05:34:00,T2,Breakdown,0.0,4563,4199,Ben,Day
2024-08-13 20:21:00,T2,No issue,0.0,541,460,Ben,Day
2024-09-18 11:35:00,L9,PM,2.0,8265,7242,Asha,Day
2024-01-07 15:11:00,T2,No issue,0.0,9871,9246,Chen,Night
2024-03-10 15:01:00,P1,No issue,0.0,3820,3610,Diya,Day
2024-09-25 13:59:00,T1,No issue,0.0,6234,6145,Chen,Day
2024-06-16 14:12:00,T1,Breakdown,2.0,11071,9561,Chen,Day
2024-12-12 23:39:00,P1,No issue,0.0,180,157,Diya,Night
2024-08-08 10:35:00,L9,Breakdown,3.0,3981,3805,Asha,Day
2024-09-24 02:35:00,T2,No issue,0.0,7908,7136,Asha,Day
2024-07-07 01:34:00,T2,Changeover,0.0,7077,6561,Ben,Day
2024-01-10 02:58:00,L9,No issue,0.0,4783,4710,Ben,Night
2024-05-05 10:13:00,L8,Breakdown,1.0,297,288,Chen,Day
2024-01-02 23:53:00,L8,Changeover,0.0,6607,6214,Diya,Day
2024-02-13 00:52:00,L8,No issue,0.0,2794,2625,Evan,Day
2024-05-04 09:22:00,T1,PM,2.0,2680,2464,Diya,Day
2024-01-15 15:12:00,L8,PM,0.0,7200,6405,Ben,Day
2024-12-29 21:27:00,T2,No issue,0.0,11535,10669,Diya,Night
2024-06-10 04:52:00,T2,No issue,0.0,7875,7875,Ben,Day
2024-07-02 19:25:00,L9,No issue,0.0,9467,8903,Evan,Day
2024-10-03 10:05:00,L8,Breakdown,3.0,7971,7366,Diya,Night
2024-12-23 22:02:00,L9,Breakdown,0.0,2136,1897,Diya,Day
2024-07-26 03:23:00,L9,Quality stop,1.0,1198,1133,Evan,Night
2024-06-25 09:25:00,L8,Changeover,1.0,2767,2461,Diya,Day
2024-02-01 03:10:00,T2,PM,1.0,9058,8023,Asha,Day
2024-12-21 17:56:00,T1,Changeover,1.0,3184,3004,Evan,Day
2024-01-21 00:16:00,T2,Quality stop,0.0,8136,7020,Unknown,Night
2024-11-29 04:47:00,T2,No issue,0.0,2795,2572,Diya,Night
2024-02-06 20:25:00,T2,No issue,0.0,680,649,Diya,Day
2024-10-19 07:22:00,P1,Breakdown,0.0,11372,10275,Ben,Day
2024-07-21 01:49:00,P1,No issue,0.0,5584,5337,Evan,Night
2024-10-06 14:18:00,L8,Breakdown,2.0,11591,10331,Ben,Night
2024-08-11 03:28:00,T2,Changeover,0.0,6996,6829,Ben,Night
2024-02-01 08:37:00,T2,Breakdown,0.0,1500,1464,Diya,Night
2024-03-27 02:07:00,P1,Quality stop,4.0,10225,8984,Asha,Day
2024-11-05 23:41:00,L9,No issue,0.0,8432,7526,Diya,Night
2024-01-27 04:50:00,L9,No issue,0.0,3687,3229,Asha,Night
2024-10-21 20:59:00,T2,Breakdown,4.0,6188,5450,Asha,Day
2024-03-22 16:51:00,T2,No issue,0.0,210,195,Ben,Night
2024-03-10 19:40:00,T1,PM,0.0,5105,4705,Unknown,Day
2024-02-06 02:58:00,T2,Breakdown,1.0,1632,1551,Unknown,Night
2024-08-15 22:37:00,T1,Breakdown,0.0,1228,1212,Asha,Day
2024-12-12 21:44:00,L9,PM,2.0,10841,10364,Ben,Night
2024-01-22 15:36:00,T2,No issue,0.0,9217,8581,Unknown,Day
2024-04-22 15:59:00,T1,Changeover,0.0,3088,2679,Ben,Night
2024-10-08 00:05:00,T1,No issue,0.0,6264,5932,Chen,Day
2024-10-21 04:39:00,L8,No issue,0.0,6684,6157,Asha,Day
2024-02-05 21:34:00,P1,PM,4.0,3561,3544,Ben,Night
2024-12-12 03:16:00,T2,Quality stop,4.0,2856,2729,Ben,Night
2024-12-03 12:33:00,P1,Breakdown,0.0,1838,1693,Asha,Day
2024-03-26 19:26:00,L9,Changeover,4.0,11742,10290,Evan,Night
2024-02-16 08:25:00,P1,No issue,0.0,9871,9369,Chen,Night
2024-05-27 14:03:00,P1,PM,0.0,7063,6287,Ben,Night
2024-08-19 15:13:00,P1,Breakdown,0.0,2911,2668,Evan,Day
2024-01-14 18:33:00,L8,PM,2.0,9349,9030,Evan,Day
2024-12-15 03:17:00,L9,Changeover,0.0,3822,3273,Asha,Night
2024-07-10 08:57:00,T1,Changeover,1.0,9202,9158,Chen,Night
2024-01-06 05:04:00,L8,Quality stop,1.0,1185,1062,Ben,Day
2024-05-12 05:02:00,L9,Breakdown,0.0,10600,9186,Asha,Night
2024-08-08 15:22:00,P1,No issue,0.0,3580,3328,Ben,Night
2024-07-19 12:26:00,L9,Breakdown,1.0,8976,8576,Evan,Night
2024-03-24 20:05:00,P1,Changeover,1.0,4394,4367,Ben,Day
2024-09-03 10:20:00,T2,Breakdown,2.0,7272,6409,Asha,Night
2024-05-21 21:25:00,L8,PM,0.0,11700,10158,Ben,Day
2024-03-09 22:01:00,L9,No issue,0.0,3928,3757,Chen,Night
2024-05-15 11:58:00,T2,No issue,0.0,11075,10376,Evan,Day
2024-04-03 00:05:00,L8,Breakdown,0.0,8425,7796,Diya,Day
2024-12-24 06:34:00,L9,No issue,0.0,7842,7817,Ben,Day
2024-08-28 15:19:00,L8,Breakdown,1.0,1454,1377,Chen,Night
2024-10-28 17:43:00,P1,Breakdown,1.0,5878,5685,Ben,Night
2024-10-11 00:19:00,L9,Quality stop,1.0,11467,9839,Diya,Day
2024-04-29 19:08:00,P1,Breakdown,1.0,6189,5362,Ben,Day
2024-09-15 07:54:00,P1,No issue,0.0,11796,11779,Ben,Day
2024-01-09 09:04:00,L8,Changeover,3.0,9552,9457,Diya,Night
2024-06-04 20:08:00,T2,Changeover,3.0,7943,6958,Ben,Day
2024-05-23 12:56:00,L8,PM,0.0,7692,6988,Evan,Day
2024-10-26 06:22:00,L8,Breakdown,1.0,10285,10272,Chen,Day
2024-08-06 11:31:00,L8,Breakdown,0.0,6755,6617,Chen,Day
2024-08-28 03:08:00,P1,No issue,0.0,5874,5285,Evan,Day
2024-07-14 15:30:00,L9,No issue,0.0,1060,1020,Diya,Day
2024-09-18 10:25:00,T2,Changeover,1.0,5004,4256,Unknown,Day
2024-11-16 07:02:00,P1,No issue,0.0,7865,7172,Unknown,Night
2024-07-22 18:09:00,P1,PM,1.0,7410,6487,Evan,Night
2024-11-13 23:47:00,P1,PM,0.0,6690,5814,Evan,Night
2024-07-05 17:56:00,L9,PM,1.0,1439,1420,Chen,Day
2024-11-18 10:37:00,L9,No issue,0.0,8297,7458,Asha,Day
2024-05-23 14:18:00,T1,No issue,0.0,8603,7566,Evan,Day
2024-03-17 22:30:00,P1,No issue,0.0,1732,1567,Ben,Day
2024-03-19 01:09:00,L9,Changeover,2.0,10255,10220,Asha,Night
2024-10-14 23:33:00,L8,Changeover,1.0,10265,9185,Ben,Night
2024-10-05 19:52:00,T2,Breakdown,1.0,10421,10197,Ben,Night
2024-02-06 13:02:00,T2,No issue,0.0,9381,8738,Chen,Night
2024-03-21 22:52:00,L8,No issue,0.0,4112,3876,Chen,Day
2024-03-14 20:00:00,T2,PM,0.0,5636,5593,Asha,Day
2024-03-09 15:13:00,L8,No issue,0.0,547,524,Evan,Day
2024-06-04 22:54:00,T1,No issue,0.0,7591,7072,Chen,Night
2024-09-24 18:21:00,T2,No issue,0.0,81,70,Ben,Day
2024-01-22 15:11:00,T1,No issue,0.0,1937,1789,Asha,Night
2024-05-20 21:49:00,P1,PM,1.0,1511,1333,Diya,Night
2024-12-18 12:47:00,P1,No issue,0.0,8471,8451,Evan,Day
2024-07-11 02:35:00,L8,No issue,0.0,6999,6118,Chen,Day
2024-11-14 19:47:00,L8,PM,1.0,9997,9111,Chen,Day
2024-01-17 15:03:00,L8,Changeover,2.0,7576,7540,Diya,Day
2024-03-02 20:56:00,T1,No issue,0.0,2388,2071,Asha,Day
2024-05-13 22:41:00,P1,PM,0.0,8330,8006,Diya,Day
2024-09-13 21:10:00,T2,No issue,0.0,9646,8416,Asha,Day
2024-01-29 00:19:00,P1,Breakdown,1.0,11442,9808,Asha,Day
2024-08-29 10:42:00,T2,PM,0.0,5603,5587,Ben,Day
2024-12-03 21:48:00,L8,Breakdown,1.0,8000,7586,Ben,Day
2024-06-25 14:13:00,P1,Quality stop,1.0,2597,2270,Chen,Day
2024-06-01 19:11:00,L9,Quality stop,1.0,10125,8972,Evan,Day
2024-11-13 09:03:00,T1,Breakdown,0.0,9307,8948,Evan,Night
2024-05-02 11:10:00,T2,No issue,0.0,9070,8475,Diya,Night
2024-05-20 18:32:00,L9,No issue,0.0,5335,4552,Chen,Night
2024-08-20 14:34:00,T1,Changeover,1.0,1270,1081,Diya,Day
2024-01-18 23:13:00,T2,Quality stop,1.0,2046,1997,Chen,Day
2024-07-04 14:24:00,T2,No issue,0.0,5478,5104,Asha,Day
2024-12-23 18:17:00,T1,Breakdown,0.0,3087,3029,Chen,Night
2024-09-27 12:16:00,P1,PM,1.0,6914,6136,Diya,Day
2024-12-30 17:55:00,L8,No issue,0.0,4776,4504,Chen,Night
2024-02-11 02:13:00,T1,No issue,0.0,315,280,Unknown,Night
2024-04-06 22:44:00,T1,Quality stop,1.0,3887,3841,Ben,Day
2024-05-11 17:17:00,T1,Breakdown,0.0,1958,1870,Ben,Day
2024-04-04 13:52:00,L9,Breakdown,0.0,4204,3785,Unknown,Day
2024-01-17 08:45:00,T1,PM,0.0,4177,3634,Diya,Day
2024-02-16 09:07:00,P1,Quality stop,0.0,10314,10124,Chen,Day
2024-12-19 10:16:00,P1,Breakdown,1.0,9357,9276,Asha,Night
2024-04-17 07:00:00,L9,PM,0.0,845,806,Asha,Day
2024-07-24 19:18:00,P1,Breakdown,2.0,6037,5508,Chen,Night
2024-10-16 02:38:00,T1,No issue,0.0,8681,7425,Chen,Night
2024-12-14 11:46:00,L8,PM,0.0,4882,4766,Asha,Night
2024-09-19 03:09:00,T1,Quality stop,0.0,6218,6097,Ben,Night
2024-02-10 03:41:00,L8,No issue,0.0,2332,2330,Diya,Night
2024-05-31 19:29:00,T2,No issue,0.0,2624,2327,Unknown,Day
2024-01-03 18:05:00,T2,Quality stop,2.0,1314,1255,Diya,Day
2024-06-15 23:29:00,T2,No issue,0.0,10952,10182,Ben,Day
2024-12-26 17:25:00,P1,No issue,0.0,10960,10254,Asha,Day
2024-08-01 05:45:00,L9,Changeover,1.0,9129,7759,Diya,Day
2024-09-22 09:48:00,P1,No issue,0.0,764,716,Ben,Day
2024-03-04 18:32:00,L8,No issue,0.0,9536,8894,Diya,Night
2024-12-16 14:35:00,T2,Quality stop,2.0,8625,8075,Diya,Day
2024-01-05 05:09:00,L9,PM,1.0,3653,3463,Unknown,Night
2024-03-25 12:21:00,T1,Quality stop,0.0,9075,7897,Evan,Day
2024-08-25 08:11:00,T2,Breakdown,0.0,11217,10706,Chen,Night
2024-01-16 10:05:00,L9,Breakdown,3.0,7595,7265,Asha,Night
2024-12-05 01:40:00,L9,No issue,0.0,11988,11579,Chen,Day
2024-01-12 02:05:00,T1,PM,0.0,11915,10640,Diya,Day
2024-06-13 14:03:00,L9,No issue,0.0,11794,10551,Asha,Night
2024-04-19 21:36:00,L8,Changeover,0.0,9043,8568,Ben,Day
2024-11-28 17:02:00,L9,No issue,0.0,964,952,Chen,Day
2024-02-20 21:33:00,L9,No issue,0.0,9223,8516,Chen,Day
2024-12-13 01:19:00,T2,Breakdown,2.0,4016,3798,Chen,Day
2024-03-29 03:49:00,L8,Quality stop,0.0,9156,8062,Chen,Day
2024-08-21 09:14:00,T1,Breakdown,0.0,2376,2093,Diya,Night
2024-11-30 23:01:00,P1,No issue,0.0,784,718,Ben,Day
2024-01-27 11:07:00,P1,Breakdown,2.0,7271,7152,Diya,Night
2024-09-18 09:31:00,P1,Breakdown,1.0,9969,9675,Asha,Day
2024-11-15 13:02:00,T2,No issue,0.0,4857,4199,Evan,Night
2024-06-18 10:51:00,P1,No issue,0.0,3541,3328,Chen,Night
2024-03-20 07:29:00,T1,Quality stop,0.0,3808,3539,Evan,Day
2024-08-07 02:52:00,L8,Quality stop,0.0,6048,5960,Asha,Night
2024-11-03 01:11:00,T1,PM,1.0,5320,4980,Chen,Day
2024-08-27 07:14:00,L9,No issue,0.0,6757,6577,Asha,Day
2024-11-22 02:20:00,P1,Quality stop,4.0,6798,6051,Unknown,Day
2024-08-24 15:42:00,T1,No issue,0.0,9083,8365,Ben,Night
2024-12-19 18:25:00,P1,Changeover,1.0,7737,6807,Ben,Day
2024-05-17 09:01:00,T1,No issue,0.0,5207,5097,Ben,Day
2024-05-25 23:53:00,T1,No issue,0.0,2933,2659,Unknown,Night
2024-09-06 23:55:00,T2,Breakdown,0.0,8388,8314,Ben,Day
2024-10-03 09:04:00,T2,PM,1.0,8209,7699,Diya,Day
2024-08-24 06:29:00,L9,Quality stop,0.0,779,760,Asha,Night
2024-03-15 22:03:00,P1,Breakdown,1.0,4468,4178,Ben,Day
2024-04-24 03:04:00,L9,No issue,0.0,1938,1763,Ben,Day
2024-12-05 06:40:00,P1,Changeover,1.0,11299,10614,Diya,Night
2024-05-03 03:12:00,T2,Breakdown,0.0,1912,1739,Diya,Day
2024-09-27 20:45:00,T2,No issue,0.0,7590,6489,Diya,Day
2024-09-15 17:35:00,T1,No issue,0.0,10658,9163,Chen,Day
2024-02-16 21:26:00,T1,Changeover,1.0,1456,1293,Asha,Day
2024-03-30 22:21:00,L9,No issue,0.0,11093,10902,Evan,Day
2024-01-09 13:27:00,T2,Breakdown,0.0,8547,7583,Chen,Night
2024-02-20 13:02:00,L8,Changeover,0.0,10722,9127,Chen,Day
2024-07-25 07:34:00,L8,No issue,0.0,10642,9691,Ben,Day
2024-02-21 02:18:00,T1,Changeover,0.0,4828,4309,Ben,Day
2024-03-10 17:55:00,L8,No issue,0.0,864,838,Ben,Day
2024-03-27 20:08:00,P1,Changeover,0.0,6978,6283,Diya,Night
2024-02-04 00:05:00,T1,Breakdown,1.0,1965,1778,Ben,Day
2024-06-06 10:33:00,L9,No issue,0.0,182,165,Evan,Night
2024-11-13 06:11:00,L8,No issue,0.0,2638,2530,Diya,Night
2024-10-19 01:19:00,T2,Breakdown,2.0,10849,9861,Evan,Day
2024-04-15 05:48:00,T1,No issue,0.0,2785,2371,Diya,Day
2024-12-25 18:38:00,L9,Breakdown,0.0,6276,5881,Diya,Night
2024-07-02 00:42:00,T2,Breakdown,4.0,1106,1032,Diya,Day
2024-03-28 06:21:00,L9,Changeover,0.0,5252,4679,Diya,Day
2024-06-20 10:13:00,L9,No issue,0.0,7298,6895,Evan,Night
2024-02-04 00:20:00,L9,Breakdown,4.0,7648,7544,Diya,Day
2024-09-12 06:45:00,T2,Breakdown,0.0,5679,4903,Ben,Day
2024-05-10 01:49:00,L8,PM,0.0,11460,10909,Unknown,Day
2024-01-29 07:54:00,P1,No issue,0.0,9316,8727,Evan,Day
2024-10-20 06:34:00,T1,Breakdown,0.0,3281,3079,Asha,Night
2024-11-20 19:30:00,L9,No issue,0.0,6701,6446,Ben,Day
2024-07-17 06:20:00,T1,Quality stop,1.0,5450,5134,Diya,Night
2024-01-20 21:41:00,L9,No issue,0.0,2664,2608,Chen,Day
2024-09-19 11:48:00,T2,Changeover,2.0,3417,3295,Diya,Day
2024-11-03 08:00:00,T1,No issue,0.0,8828,8788,Asha,Day
2024-11-27 18:52:00,T2,Quality stop,0.0,9824,9794,Ben,Day
2024-01-23 11:04:00,P1,Changeover,0.0,5487,4853,Ben,Day
2024-12-22 00:16:00,P1,No issue,0.0,5377,5233,Asha,Night
2024-12-26 05:12:00,P1,Quality stop,0.0,10636,9530,Asha,Day
2024-03-31 05:14:00,L9,No issue,0.0,11818,10618,Evan,Day
2024-07-14 22:15:00,T2,No issue,0.0,6093,5704,Diya,Day
2024-09-08 05:16:00,T2,No issue,0.0,7802,7230,Diya,Day
2024-07-21 04:31:00,T1,No issue,0.0,2897,2710,Asha,Day
2024-08-28 02:16:00,T1,No issue,0.0,2537,2341,Chen,Day
2024-05-02 12:47:00,L8,PM,2.0,11933,11916,Ben,Night
2024-02-05 16:51:00,T2,No issue,0.0,3584,3257,Ben,Day
2024-09-07 08:04:00,P1,PM,1.0,4903,4638,Diya,Night
2024-12-15 13:33:00,T1,Breakdown,0.0,4720,4433,Ben,Day
2024-06-21 14:43:00,L9,No issue,0.0,11136,10348,Chen,Day
2024-09-06 07:38:00,L8,Quality stop,0.0,2354,2229,Ben,Night
2024-05-02 15:09:00,P1,No issue,0.0,7952,7545,Chen,Day
2024-05-01 18:38:00,T2,No issue,0.0,1245,1126,Evan,Day
2024-08-07 17:47:00,T1,No issue,0.0,1470,1426,Ben,Night
2024-07-15 06:30:00,L9,No issue,0.0,846,796,Chen,Night
2024-02-19 17:13:00,L9,Quality stop,2.0,9777,9105,Asha,Day
2024-08-02 20:53:00,T2,Quality stop,1.0,2327,2184,Evan,Day
2024-06-07 11:56:00,L8,No issue,0.0,5501,5398,Diya,Night
2024-04-07 16:11:00,L9,PM,0.0,6434,5574,Evan,Night
2024-04-26 18:17:00,L8,No issue,0.0,6733,6392,Evan,Night
2024-11-17 03:03:00,L8,Breakdown,3.0,9194,8516,Ben,Night
2024-03-23 07:26:00,T1,PM,1.0,776,764,Diya,Night
2024-09-28 08:15:00,P1,No issue,0.0,4391,4080,Asha,Day
2024-12-12 14:51:00,T1,No issue,0.0,3121,2748,Chen,Night
2024-01-31 17:35:00,L9,No issue,0.0,2824,2687,Asha,Night
2024-06-28 15:36:00,L8,No issue,0.0,5096,4923,Evan,Day
2024-07-18 06:19:00,P1,No issue,0.0,1298,1139,Diya,Day
2024-08-31 01:23:00,L8,No issue,0.0,7858,6949,Ben,Night
2024-11-24 22:21:00,T2,Breakdown,1.0,10617,10362,Ben,Day
2024-11-15 07:31:00,L9,Breakdown,1.0,1990,1772,Chen,Night
2024-01-05 09:26:00,P1,Quality stop,1.0,1658,1412,Chen,Day
2024-10-10 14:12:00,P1,PM,0.0,9337,9164,Ben,Day
2024-09-12 08:14:00,P1,PM,1.0,198,191,Asha,Night
2024-06-09 03:33:00,L8,No issue,0.0,11009,10970,Chen,Day
2024-01-27 16:07:00,T2,Breakdown,0.0,7167,6988,Unknown,Night
2024-04-01 06:00:00,L8,No issue,0.0,396,378,Asha,Day
2024-03-08 14:52:00,L8,Changeover,3.0,5219,4811,Evan,Night
2024-04-29 00:52:00,L8,Breakdown,0.0,7794,6807,Ben,Night
2024-04-26 11:47:00,T1,Breakdown,2.0,11845,11488,Evan,Night
2024-01-30 01:42:00,T1,No issue,0.0,7816,7370,Asha,Day
2024-04-20 10:00:00,P1,Changeover,2.0,5542,5470,Ben,Day
2024-10-08 14:29:00,P1,No issue,0.0,3429,3009,Unknown,Day
2024-11-28 05:46:00,P1,Quality stop,1.0,3283,2793,Asha,Day
2024-04-10 14:11:00,P1,PM,4.0,4216,4162,Asha,Night
2024-01-06 23:08:00,L9,Changeover,0.0,7847,7170,Evan,Day
2024-03-02 07:12:00,T2,PM,3.0,3958,3704,Ben,Day
2024-03-11 18:09:00,L9,No issue,0.0,2119,1978,Evan,Night
2024-01-25 22:22:00,L8,No issue,0.0,10179,9411,Diya,Day
2024-01-13 22:45:00,T1,No issue,0.0,10157,9574,Unknown,Day
2024-11-01 08:56:00,L9,No issue,0.0,6627,6272,Chen,Day
2024-09-21 18:16:00,L9,Changeover,4.0,1665,1433,Asha,Day
2024-10-07 03:48:00,P1,No issue,0.0,8488,7825,Chen,Night
2024-10-16 19:43:00,T2,No issue,0.0,6801,5871,Chen,Night
2024-09-18 12:27:00,T1,No issue,0.0,8867,8413,Ben,Day
2024-11-07 09:32:00,P1,PM,0.0,461,452,Evan,Night
2024-07-03 21:04:00,L9,Breakdown,3.0,7805,7503,Ben,Night
2024-05-19 12:18:00,P1,No issue,0.0,8288,8052,Diya,Night
2024-05-17 22:51:00,T2,PM,3.0,7653,6557,Diya,Night
2024-04-17 06:04:00,P1,No issue,0.0,10899,10020,Chen,Night
2024-12-07 14:34:00,L9,No issue,0.0,2707,2443,Chen,Day
2024-01-27 10:46:00,L9,PM,4.0,10833,9404,Chen,Day
2024-03-17 02:28:00,L9,Changeover,0.0,3713,3245,Evan,Night
2024-12-14 10:12:00,T1,Breakdown,3.0,4967,4796,Asha,Night
2024-12-24 09:58:00,P1,Changeover,0.0,3,2,Evan,Night
2024-06-21 05:55:00,T2,No issue,0.0,3417,3178,Evan,Night
2024-04-16 09:12:00,L8,No issue,0.0,8904,8410,Ben,Night
2024-05-19 16:51:00,L8,Quality stop,0.0,11930,11857,Chen,Day
2024-02-15 12:46:00,L9,Breakdown,0.0,3960,3878,Diya,Day
2024-03-15 16:37:00,T1,No issue,0.0,8356,7340,Ben,Day
2024-03-23 09:41:00,T2,Breakdown,0.0,1181,1083,Ben,Night
2024-01-21 09:37:00,T1,Breakdown,2.0,10452,10417,Evan,Day
2024-09-30 19:36:00,P1,No issue,0.0,8747,7986,Evan,Day
2024-10-13 01:11:00,P1,Breakdown,1.0,3701,3456,Ben,Day
2024-07-17 00:03:00,L8,No issue,0.0,1595,1455,Chen,Day
2024-10-17 09:27:00,P1,PM,1.0,6031,5705,Asha,Day
2024-01-03 23:57:00,L9,No issue,0.0,7720,6682,Diya,Day
2024-09-04 04:44:00,T1,Quality stop,1.0,10721,9200,Ben,Day
2024-03-27 17:12:00,T2,Breakdown,2.0,72,69,Chen,Night
2024-12-13 00:49:00,P1,No issue,0.0,6846,6479,Chen,Day
2024-06-06 07:02:00,T1,No issue,0.0,10724,9134,Chen,Day
2024-10-14 00:34:00,T2,No issue,0.0,6253,6092,Unknown,Night
2024-04-16 20:01:00,T1,Quality stop,1.0,10989,10969,Asha,Day
2024-07-16 11:34:00,T1,No issue,0.0,7376,7057,Evan,Day
2024-08-18 23:23:00,T1,No issue,0.0,3312,2853,Chen,Day
2024-02-20 01:27:00,P1,No issue,0.0,9863,9012,Chen,Day
2024-01-15 13:56:00,T2,No issue,0.0,225,198,Asha,Day
2024-07-11 05:21:00,T2,Quality stop,2.0,908,829,Ben,Night
2024-07-26 10:24:00,P1,No issue,0.0,335,302,Asha,Night
2024-06-21 08:43:00,T1,PM,1.0,2834,2549,Diya,Day
2024-10-03 10:35:00,P1,No issue,0.0,3555,3037,Diya,Night
2024-04-02 10:35:00,P1,Quality stop,0.0,3105,2860,Ben,Day
2024-06-12 12:20:00,T1,No issue,0.0,6708,6455,Chen,Day
2024-02-26 20:05:00,T1,No issue,0.0,3257,3008,Ben,Night
2024-01-14 17:12:00,P1,No issue,0.0,4438,4090,Diya,Night
2024-12-04 15:22:00,L8,Breakdown,0.0,285,243,Diya,Night
2024-02-01 21:47:00,P1,Quality stop,0.0,6366,5945,Chen,Day
2024-09-30 21:36:00,P1,No issue,0.0,7210,6223,Ben,Night
2024-06-06 12:42:00,T2,PM,0.0,6571,5997,Ben,Night
2024-05-17 18:29:00,L9,No issue,0.0,7345,6867,Chen,Day
2024-09-11 21:38:00,T1,No issue,0.0,2643,2413,Chen,Day
2024-09-07 02:13:00,L9,No issue,0.0,592,547,Evan,Night
2024-11-25 13:32:00,P1,Changeover,4.0,5597,5009,Asha,Night
2024-11-22 00:12:00,T2,No issue,0.0,8996,7701,Chen,Night
2024-10-10 01:54:00,L9,No issue,0.0,2110,2033,Asha,Night
2024-08-30 00:09:00,L8,Changeover,0.0,1609,1406,Diya,Day
2024-10-19 14:46:00,P1,No issue,0.0,6070,5909,Diya,Night
2024-11-19 00:08:00,T1,PM,1.0,10024,9516,Ben,Day
2024-09-27 01:20:00,T1,PM,4.0,2586,2418,Chen,Night
2024-01-03 02:19:00,L9,Quality stop,0.0,5732,5714,Diya,Day
2024-02-08 16:48:00,T1,Changeover,2.0,11354,10804,Diya,Day
2024-01-23 14:54:00,T2,Breakdown,2.0,7034,6703,Chen,Day
2024-07-20 23:51:00,T1,Breakdown,1.0,5655,4812,Diya,Day
2024-08-07 20:31:00,L8,No issue,0.0,1618,1610,Evan,Night
2024-08-26 05:35:00,T2,No issue,0.0,7970,7455,Chen,Day
2024-09-09 11:12:00,P1,No issue,0.0,9473,9191,Chen,Night
2024-02-05 12:55:00,L9,Changeover,1.0,9579,9450,Evan,Night
2024-01-29 11:49:00,T1,No issue,0.0,4787,4497,Diya,Night
2024-09-30 05:40:00,P1,PM,2.0,5055,4860,Chen,Day
2024-02-23 03:00:00,L8,No issue,0.0,7680,6777,Asha,Day
2024-06-05 16:02:00,T1,No issue,0.0,598,551,Evan,Night
2024-06-15 02:28:00,L8,No issue,0.0,266,238,Chen,Night
2024-08-06 20:49:00,P1,PM,4.0,386,367,Asha,Day
2024-09-17 21:43:00,P1,No issue,0.0,8726,8653,Asha,Day
2024-06-18 22:56:00,P1,Changeover,0.0,8696,8467,Diya,Day
2024-07-18 19:03:00,T2,Breakdown,0.0,7115,7039,Evan,Day
2024-07-31 04:26:00,L9,No issue,0.0,2572,2188,Ben,Day
2024-03-03 00:12:00,P1,Quality stop,2.0,3911,3575,Unknown,Day
2024-07-09 14:38:00,L9,Quality stop,0.0,6457,5911,Ben,Night
2024-02-02 06:04:00,L8,Changeover,0.0,8449,8058,Asha,Day
2024-12-13 00:14:00,T1,No issue,0.0,2575,2439,Chen,Night
2024-03-25 00:04:00,T1,Quality stop,0.0,8569,7874,Ben,Day
2024-10-23 07:34:00,T2,PM,1.0,11423,9771,Chen,Night
2024-04-07 03:46:00,P1,Quality stop,1.0,905,817,Asha,Night
2024-07-30 14:09:00,L9,Breakdown,0.0,7069,6407,Asha,Day
2024-12-27 14:24:00,T1,No issue,0.0,8167,7902,Asha,Day
2024-05-11 04:28:00,L9,Breakdown,0.0,7423,6874,Evan,Night
2024-02-18 04:38:00,L9,No issue,0.0,4781,4567,Ben,Night
2024-07-27 06:41:00,L9,Breakdown,2.0,2083,1857,Ben,Night
2024-12-24 21:35:00,L9,Breakdown,0.0,1172,1039,Chen,Day
2024-01-30 22:50:00,T1,No issue,0.0,9164,8753,Chen,Day
2024-12-10 11:46:00,L8,No issue,0.0,7949,6952,Asha,Day
2024-09-25 01:39:00,T2,No issue,0.0,3934,3798,Diya,Day
2024-04-25 01:22:00,L8,Changeover,2.0,4105,4049,Diya,Night
2024-11-02 06:52:00,L9,Breakdown,3.0,7877,7224,Diya,Day
2024-02-03 21:18:00,T2,PM,0.0,10860,10471,Evan,Day
2024-05-06 00:07:00,L8,Breakdown,2.0,8883,7891,Ben,Night
2024-08-19 23:07:00,L8,PM,1.0,984,965,Diya,Day
2024-01-02 22:37:00,T2,No issue,0.0,7051,6015,Asha,Day
2024-02-21 10:42:00,P1,No issue,0.0,3582,3371,Asha,Night
2024-12-03 16:49:00,L8,No issue,0.0,2534,2445,Chen,Night
2024-03-17 02:16:00,L8,No issue,0.0,4190,4140,Evan,Night
2024-01-08 18:43:00,P1,No issue,0.0,6885,6642,Chen,Day
2024-10-28 23:31:00,L8,Changeover,2.0,3125,2880,Diya,Day
2024-10-23 17:29:00,L9,Quality stop,0.0,10493,9601,Ben,Day
2024-04-17 14:08:00,L9,PM,1.0,5953,5580,Chen,Night
2024-05-15 05:01:00,P1,No issue,0.0,5075,4781,Chen,Day
2024-12-15 02:41:00,L8,Breakdown,2.0,9762,8668,Diya,Day
2024-01-18 04:42:00,T2,No issue,0.0,7171,7047,Diya,Day
2024-08-21 09:10:00,T2,Breakdown,0.0,11898,11745,Diya,Day
2024-08-09 17:19:00,L8,No issue,0.0,10953,10502,Chen,Night
2024-06-13 19:23:00,P1,PM,1.0,1667,1527,Asha,Day
2024-01-27 16:35:00,T1,No issue,0.0,6944,6128,Unknown,Day
2024-02-07 19:39:00,T1,No issue,0.0,461,406,Chen,Night
2024-06-22 01:45:00,P1,Breakdown,0.0,10466,9570,Asha,Day
2024-04-26 16:33:00,T2,No issue,0.0,11315,11180,Chen,Day
2024-04-02 18:40:00,T1,Changeover,1.0,11551,11290,Diya,Day
2024-12-15 13:55:00,L9,Breakdown,0.0,2095,1989,Evan,Day
2024-04-14 07:36:00,L8,No issue,0.0,9202,8094,Diya,Day
2024-08-06 05:29:00,T2,PM,0.0,865,819,Asha,Day
2024-08-25 18:45:00,L9,Quality stop,0.0,5752,4942,Asha,Day
2024-12-05 22:15:00,T2,Breakdown,1.0,3879,3869,Ben,Day
2024-12-07 11:47:00,T2,Breakdown,1.0,2063,1978,Diya,Night
2024-06-23 06:34:00,P1,No issue,0.0,6991,6324,Chen,Night
2024-09-25 14:01:00,T2,PM,1.0,7107,6709,Diya,Day
2024-10-05 15:23:00,L9,No issue,0.0,5717,4997,Asha,Night
2024-03-02 13:52:00,T1,Quality stop,0.0,1760,1727,Evan,Night
2024-09-06 20:33:00,P1,No issue,0.0,3068,2984,Chen,Night
2024-04-15 18:42:00,T2,No issue,0.0,5120,4717,Ben,Day
2024-07-21 03:20:00,L8,PM,1.0,10466,8934,Diya,Day
2024-04-18 04:12:00,P1,Changeover,0.0,3631,3116,Ben,Night
2024-06-20 10:58:00,T2,No issue,0.0,7913,7460,Diya,Day
2024-09-01 17:44:00,L9,No issue,0.0,7329,6394,Evan,Night
2024-01-28 22:09:00,T2,No issue,0.0,4078,3644,Ben,Night
2024-12-16 03:16:00,P1,Breakdown,1.0,11519,10127,Chen,Day
2024-11-28 21:43:00,L9,Quality stop,1.0,1665,1634,Diya,Night
2024-01-03 18:38:00,P1,No issue,0.0,8345,8191,Chen,Night
2024-02-23 01:54:00,L9,Breakdown,0.0,9002,8667,Ben,Night
2024-09-13 08:53:00,T1,Quality stop,0.0,2340,2247,Diya,Day
2024-06-03 12:35:00,L8,No issue,0.0,1795,1723,Ben,Night
2024-08-30 00:23:00,P1,No issue,0.0,1692,1661,Chen,Day
2024-01-23 16:44:00,T1,No issue,0.0,3491,3357,Diya,Day
2024-02-02 19:10:00,T1,Breakdown,2.0,4853,4673,Ben,Day
2024-03-22 17:30:00,T1,Quality stop,1.0,2031,1812,Asha,Day
2024-07-20 22:16:00,L8,No issue,0.0,9434,9094,Diya,Day
2024-07-06 05:23:00,L8,Breakdown,3.0,6568,6369,Diya,Day
2024-11-06 12:58:00,T2,Changeover,0.0,6473,5865,Unknown,Day
2024-12-03 23:25:00,L8,Quality stop,1.0,4020,3786,Chen,Night
2024-07-13 00:38:00,P1,Breakdown,1.0,4975,4662,Chen,Day
2024-07-15 00:15:00,P1,No issue,0.0,6137,5843,Chen,Night
2024-05-10 18:34:00,T1,No issue,0.0,10685,9948,Evan,Day
2024-03-12 16:40:00,T2,No issue,0.0,6086,5902,Evan,Night
2024-10-06 00:07:00,T2,Quality stop,0.0,6501,6441,Asha,Day
2024-10-02 01:50:00,L8,PM,4.0,9673,8806,Diya,Day
2024-04-15 09:42:00,T1,Changeover,0.0,3530,3142,Diya,Day
2024-03-26 14:33:00,T1,Breakdown,1.0,1634,1538,Evan,Day
2024-01-01 10:07:00,L9,No issue,0.0,1841,1775,Diya,Night
2024-01-12 22:17:00,L9,Breakdown,1.0,9716,9424,Ben,Night
2024-09-30 12:38:00,L9,No issue,0.0,951,859,Ben,Day
2024-07-24 09:16:00,L9,Changeover,3.0,7873,7780,Chen,Night
2024-10-25 22:40:00,P1,No issue,0.0,8927,8866,Asha,Night
2024-02-25 23:32:00,L8,Quality stop,1.0,1505,1297,Diya,Day
2024-07-17 10:59:00,P1,No issue,0.0,10325,9127,Evan,Day
2024-09-24 07:18:00,T2,PM,0.0,1297,1115,Ben,Day
2024-09-15 14:35:00,L9,Changeover,1.0,9940,8694,Chen,Day
2024-02-17 12:45:00,L8,PM,0.0,9913,8627,Asha,Night
2024-02-09 16:27:00,L9,No issue,0.0,7106,6618,Evan,Night
2024-09-06 16:11:00,P1,Quality stop,0.0,4739,4699,Asha,Day
2024-04-27 18:53:00,T2,No issue,0.0,11254,10155,Evan,Day
2024-04-18 17:01:00,T1,PM,2.0,10183,10100,Ben,Night
2024-02-13 00:34:00,P1,No issue,0.0,1159,1027,Diya,Night
2024-07-21 04:47:00,P1,PM,0.0,4687,4091,Asha,Day
2024-11-01 08:16:00,P1,Breakdown,4.0,11292,9933,Diya,Night
2024-09-02 19:09:00,P1,No issue,0.0,6897,6540,Unknown,Day
2024-06-16 05:11:00,L9,No issue,0.0,7861,7095,Diya,Day
2024-02-23 08:54:00,T2,No issue,0.0,4108,3568,Evan,Night
2024-06-16 20:25:00,P1,PM,0.0,4974,4956,Ben,Day
2024-06-22 17:52:00,P1,No issue,0.0,7897,7417,Diya,Day
2024-04-17 14:16:00,L8,No issue,0.0,9879,9175,Unknown,Day
2024-08-05 12:42:00,T1,No issue,0.0,7960,7784,Ben,Night
2024-04-08 13:34:00,L8,No issue,0.0,4106,3573,Ben,Day
2024-07-19 16:06:00,L9,No issue,0.0,3223,3170,Evan,Day
2024-09-29 21:36:00,P1,No issue,0.0,4312,4232,Evan,Day
2024-08-14 09:03:00,T1,Quality stop,0.0,9220,7868,Ben,Day
2024-01-29 23:49:00,P1,No issue,0.0,3776,3217,Diya,Night
2024-01-12 20:49:00,L8,No issue,0.0,5472,5296,Chen,Day
2024-05-03 00:08:00,T1,No issue,0.0,6281,5360,Asha,Night
2024-10-26 17:04:00,L8,No issue,0.0,8004,7622,Unknown,Day
2024-01-02 19:04:00,T2,Breakdown,0.0,6544,5667,Evan,Night
2024-04-20 17:28:00,T1,No issue,0.0,1258,1178,Ben,Day
2024-07-01 00:58:00,P1,PM,3.0,5569,5342,Diya,Day
2024-10-16 17:34:00,L9,No issue,0.0,5985,5099,Ben,Day
2024-07-13 08:07:00,T1,Breakdown,1.0,3396,3073,Evan,Day
2024-07-09 16:35:00,L8,Breakdown,0.0,6633,5952,Unknown,Day
2024-01-21 23:35:00,L8,No issue,0.0,9664,8336,Diya,Day
2024-03-03 07:58:00,T1,No issue,0.0,5893,5056,Ben,Night
2024-05-26 07:04:00,L9,PM,0.0,3258,3130,Ben,Night
2024-04-03 16:55:00,T1,Quality stop,0.0,9387,8793,Asha,Night
2024-05-12 11:26:00,T1,No issue,0.0,6246,5359,Chen,Day
2024-12-22 06:29:00,T2,Quality stop,1.0,505,457,Evan,Night
2024-07-27 14:35:00,L8,PM,0.0,5832,5768,Evan,Day
2024-05-26 17:09:00,L8,No issue,0.0,3276,3238,Ben,Night
2024-09-26 16:22:00,P1,Breakdown,0.0,3417,3367,Asha,Night
2024-03-02 02:18:00,L8,No issue,0.0,7577,7265,Ben,Night
2024-01-08 07:59:00,L8,No issue,0.0,5515,4798,Diya,Night
2024-05-05 13:46:00,L9,No issue,0.0,10175,9949,Chen,Day
2024-01-28 11:53:00,L9,No issue,0.0,10762,9486,Asha,Day
2024-05-31 19:24:00,L9,No issue,0.0,7221,6363,Ben,Night
2024-01-14 14:12:00,T1,Quality stop,0.0,3632,3520,Asha,Day
2024-09-08 08:20:00,T2,No issue,0.0,11097,11012,Diya,Day
2024-01-30 10:19:00,P1,Changeover,4.0,8632,8167,Ben,Day
2024-10-12 12:28:00,T1,No issue,0.0,11089,11007,Diya,Night
2024-12-01 23:48:00,P1,Breakdown,1.0,508,505,Unknown,Day
2024-10-08 19:35:00,P1,Quality stop,0.0,7456,6343,Ben,Day
2024-07-15 16:11:00,L8,No issue,0.0,5484,5148,Chen,Night
2024-07-20 18:25:00,T2,Breakdown,0.0,1630,1539,Ben,Day
2024-05-26 08:14:00,T2,Breakdown,0.0,3278,3006,Evan,Night
2024-11-27 17:52:00,L9,No issue,0.0,9718,8527,Diya,Day
2024-03-13 16:20:00,L9,No issue,0.0,8940,8814,Diya,Day
2024-04-30 17:42:00,L8,No issue,0.0,8342,7106,Diya,Day
2024-12-10 03:50:00,L9,No issue,0.0,5078,4762,Asha,Night
2024-04-14 19:20:00,T2,Quality stop,0.0,6030,5919,Diya,Day
2024-07-24 04:42:00,T2,Breakdown,0.0,10141,9253,Ben,Day
2024-11-14 18:21:00,P1,No issue,0.0,2783,2463,Unknown,Night
2024-01-12 19:35:00,L9,No issue,0.0,10986,9432,Ben,Day
2024-11-19 18:26:00,L9,No issue,0.0,1067,919,Asha,Night
2024-03-18 00:32:00,T2,No issue,0.0,3322,2995,Diya,Night
2024-01-04 15:59:00,T2,PM,0.0,8749,8645,Ben,Day
2024-08-07 11:49:00,L8,PM,2.0,7769,7242,Ben,Day
2024-04-24 06:58:00,T2,Breakdown,0.0,902,823,Unknown,Day
2024-12-20 19:51:00,P1,Changeover,0.0,62,58,Evan,Night
2024-09-05 02:04:00,T1,Breakdown,3.0,2703,2433,Asha,Night
2024-07-08 15:25:00,L9,Changeover,2.0,5766,5488,Diya,Night
2024-09-28 11:26:00,T1,Breakdown,1.0,9489,9246,Chen,Night
2024-03-12 11:54:00,L8,Changeover,4.0,10274,9578,Diya,Night
2024-12-30 02:59:00,T2,No issue,0.0,10585,10405,Unknown,Day
2024-05-24 15:29:00,T1,PM,0.0,5758,5738,Diya,Day
2024-01-30 02:31:00,T1,Breakdown,3.0,1192,1128,Diya,Day
2024-06-28 02:10:00,T1,No issue,0.0,11039,10316,Ben,Night
2024-01-27 06:29:00,L9,Quality stop,2.0,11952,10428,Diya,Day
2024-08-09 04:46:00,L8,Changeover,0.0,6585,5669,Asha,Night
2024-05-26 08:17:00,T1,Breakdown,1.0,10460,9211,Unknown,Night
2024-01-29 01:31:00,T2,Breakdown,3.0,7720,7584,Evan,Night
2024-06-21 04:09:00,L9,Changeover,1.0,1171,1070,Chen,Day
2024-03-21 11:09:00,P1,No issue,0.0,1912,1727,Chen,Night
2024-07-08 06:39:00,L8,Changeover,2.0,10054,9814,Diya,Day
2024-05-27 07:55:00,P1,No issue,0.0,9561,9344,Ben,Day
2024-09-11 11:22:00,T2,Quality stop,0.0,590,531,Asha,Night
2024-07-15 12:42:00,L9,Quality stop,1.0,4330,3727,Diya,Day
2024-09-06 01:20:00,T1,Quality stop,2.0,10913,9649,Chen,Day
2024-01-27 08:48:00,T2,Quality stop,2.0,10984,10462,Ben,Day
2024-11-17 04:57:00,P1,Quality stop,0.0,11583,11415,Chen,Night
2024-03-05 16:04:00,P1,Quality stop,0.0,9461,9456,Diya,Day
2024-11-01 13:01:00,L8,Breakdown,0.0,1558,1361,Chen,Day
2024-02-03 02:00:00,L8,PM,4.0,10610,10610,Asha,Night
2024-10-02 17:59:00,L9,PM,1.0,11572,10291,Ben,Night
2024-10-03 12:45:00,P1,Breakdown,0.0,680,598,Asha,Day
2024-11-27 06:09:00,T1,Breakdown,0.0,11957,11915,Unknown,Day
2024-08-20 01:52:00,P1,No issue,0.0,2819,2462,Diya,Day
2024-10-07 07:26:00,L8,No issue,0.0,7657,7510,Chen,Day
2024-10-04 13:39:00,L8,Breakdown,1.0,2672,2284,Diya,Day
2024-12-06 05:26:00,P1,Breakdown,1.0,3805,3369,Chen,Night
2024-06-02 19:32:00,T1,No issue,0.0,7862,7721,Chen,Night
2024-05-29 04:05:00,T1,No issue,0.0,2818,2443,Asha,Night
2024-04-20 06:16:00,L9,PM,1.0,7850,7387,Asha,Day
2024-02-17 06:39:00,L9,No issue,0.0,3827,3734,Evan,Night
2024-04-27 09:35:00,P1,PM,2.0,1749,1591,Evan,Day
2024-10-27 03:06:00,T2,PM,1.0,1215,1085,Evan,Day
2024-12-01 01:12:00,T1,PM,1.0,2889,2880,Asha,Night
2024-03-10 04:42:00,P1,No issue,0.0,4386,4088,Ben,Day
2024-01-09 18:38:00,L9,PM,1.0,1853,1810,Ben,Day
2024-03-20 22:50:00,P1,No issue,0.0,9787,8846,Evan,Day
2024-03-23 06:37:00,L8,Breakdown,0.0,8037,7527,Diya,Day
2024-05-04 04:26:00,T2,No issue,0.0,786,716,Unknown,Day
2024-04-22 23:15:00,P1,No issue,0.0,8787,8498,Chen,Night
2024-12-03 01:43:00,L8,Breakdown,2.0,2575,2352,Asha,Day
2024-03-22 19:09:00,L8,Changeover,0.0,9330,8550,Asha,Day
2024-08-06 14:28:00,L8,No issue,0.0,11177,10488,Chen,Day
2024-01-04 14:20:00,T1,No issue,0.0,4493,3927,Asha,Day
2024-12-12 21:04:00,T2,Quality stop,1.0,10121,10095,Chen,Day
2024-03-01 09:12:00,L8,PM,0.0,6476,5718,Ben,Day
2024-12-10 04:20:00,L9,Breakdown,0.0,4520,4143,Asha,Day
2024-11-06 10:04:00,T2,No issue,0.0,8159,7827,Diya,Day
2024-04-06 16:50:00,P1,PM,0.0,4456,4105,Diya,Day
2024-06-06 08:22:00,T2,Quality stop,3.0,10293,9078,Asha,Day
2024-05-21 08:06:00,L8,No issue,0.0,5673,4823,Asha,Night
2024-01-10 00:07:00,L8,Breakdown,0.0,5613,5380,Ben,Day
2024-06-06 13:07:00,L8,No issue,0.0,6249,5502,Chen,Night
2024-04-16 21:55:00,T1,No issue,0.0,5198,4565,Ben,Night
2024-10-29 23:24:00,T2,No issue,0.0,10959,9933,Diya,Day
2024-09-04 08:28:00,T1,No issue,0.0,9481,9063,Diya,Day
2024-01-26 02:25:00,P1,Breakdown,0.0,10365,9813,Asha,Day
2024-08-08 10:39:00,P1,Changeover,0.0,8291,7342,Ben,Night
2024-11-30 22:52:00,L9,PM,3.0,2054,1791,Diya,Night
2024-04-10 21:54:00,L9,Quality stop,1.0,2329,2047,Diya,Night
2024-01-26 10:31:00,L8,PM,0.0,1669,1488,Diya,Night
2024-04-16 07:06:00,P1,PM,4.0,7034,6311,Evan,Day
2024-09-21 12:23:00,P1,No issue,0.0,4966,4879,Evan,Day
2024-03-24 01:00:00,P1,No issue,0.0,5448,4667,Asha,Day
2024-04-12 23:13:00,T2,No issue,0.0,4872,4240,Ben,Night
2024-09-13 03:59:00,L8,No issue,0.0,7900,6908,Evan,Day
2024-05-23 10:24:00,T1,PM,0.0,6893,6283,Chen,Night
2024-05-05 05:46:00,P1,No issue,0.0,10820,9749,Asha,Day
2024-03-03 16:23:00,L9,PM,1.0,10878,9543,Unknown,Night
2024-07-12 00:45:00,P1,No issue,0.0,11888,11619,Chen,Day
2024-11-13 19:06:00,P1,No issue,0.0,10420,9367,Diya,Day
2024-02-03 16:04:00,L8,No issue,0.0,2775,2636,Ben,Night
2024-11-15 15:32:00,L9,Changeover,0.0,11916,10871,Evan,Day
2024-12-28 12:58:00,P1,PM,0.0,6916,6042,Asha,Day
2024-02-18 11:02:00,T2,Breakdown,0.0,11832,11035,Asha,Day
2024-06-14 19:51:00,T2,PM,0.0,6104,6038,Ben,Night
2024-04-07 06:24:00,L8,Changeover,1.0,712,647,Asha,Day
2024-11-04 20:21:00,T1,No issue,0.0,4613,4514,Asha,Day
2024-10-05 01:04:00,L8,Breakdown,1.0,3864,3599,Ben,Night
2024-05-19 10:57:00,L9,Breakdown,1.0,5457,4795,Diya,Day
2024-01-17 09:52:00,P1,PM,1.0,6565,5726,Unknown,Day
2024-12-10 10:24:00,L9,Changeover,1.0,3195,3132,Ben,Night
2024-01-30 18:34:00,T2,Changeover,1.0,2099,1896,Asha,Day
2024-05-25 19:46:00,P1,No issue,0.0,10422,8906,Asha,Night
2024-10-31 23:13:00,L8,PM,1.0,3409,3338,Diya,Day
2024-06-07 05:12:00,L9,No issue,0.0,6220,6090,Diya,Night
2024-09-20 15:55:00,L8,Quality stop,1.0,7424,6752,Diya,Day
2024-03-08 07:49:00,P1,No issue,0.0,8659,8559,Evan,Day
2024-09-21 13:48:00,P1,Changeover,4.0,9131,7812,Evan,Day
2024-12-27 02:35:00,T1,Breakdown,1.0,9437,8940,Ben,Day
2024-05-29 12:52:00,P1,No issue,0.0,355,351,Ben,Day
2024-07-01 23:14:00,L9,Breakdown,2.0,9010,7792,Chen,Night
2024-08-19 21:50:00,L9,Changeover,1.0,3212,2837,Ben,Day
2024-10-07 01:03:00,T1,Quality stop,1.0,9472,8261,Ben,Day
2024-01-14 02:56:00,L9,No issue,0.0,2207,1942,Evan,Night
2024-03-09 06:39:00,L8,Quality stop,3.0,3773,3242,Ben,Day
2024-07-08 23:08:00,L9,No issue,0.0,1041,1005,Evan,Day
2024-01-30 21:55:00,L9,Quality stop,1.0,11204,10285,Chen,Day
2024-09-17 20:00:00,L8,Changeover,0.0,8177,7733,Evan,Night
2024-06-23 05:17:00,P1,No issue,0.0,6076,5332,Diya,Night
2024-02-22 08:01:00,L8,No issue,0.0,5022,4974,Chen,Day
2024-10-27 02:40:00,T1,Breakdown,0.0,2853,2479,Evan,Day
2024-05-23 17:22:00,L9,Breakdown,0.0,11777,10058,Asha,Day
2024-02-22 12:28:00,L9,Breakdown,1.0,7674,6538,Ben,Day
2024-05-04 07:16:00,T1,PM,2.0,2072,1953,Chen,Day
2024-10-04 12:32:00,T1,Changeover,2.0,11824,10444,Chen,Night
2024-08-02 19:18:00,L8,No issue,0.0,6063,5851,Diya,Night
2024-07-24 22:11:00,T2,No issue,0.0,6935,6558,Diya,Day
2024-04-24 14:59:00,P1,No issue,0.0,1642,1510,Diya,Day
2024-09-11 21:16:00,T1,No issue,0.0,11203,10114,Ben,Night
2024-01-16 21:33:00,P1,No issue,0.0,4548,3912,Chen,Day
2024-12-08 12:22:00,L9,No issue,0.0,946,912,Asha,Day
2024-09-04 03:53:00,T2,Quality stop,0.0,7537,6698,Ben,Day
2024-07-12 22:36:00,T1,No issue,0.0,3267,2909,Chen,Night
2024-09-23 11:46:00,P1,Changeover,0.0,1060,1019,Diya,Day
2024-05-05 16:37:00,L8,Breakdown,4.0,6033,5878,Asha,Night
2024-05-30 04:56:00,L8,No issue,0.0,7681,6801,Asha,Night
2024-11-04 17:50:00,L8,No issue,0.0,9344,8308,Asha,Day
2024-09-13 04:57:00,P1,Breakdown,3.0,7069,6028,Evan,Day
2024-07-01 18:53:00,T2,No issue,0.0,11338,9972,Diya,Night
2024-12-04 19:22:00,L9,Breakdown,1.0,8000,7784,Chen,Day
2024-05-01 21:07:00,T2,PM,4.0,2450,2369,Chen,Night
2024-07-17 12:17:00,L8,No issue,0.0,2181,2157,Diya,Day
2024-11-24 05:56:00,L8,Breakdown,0.0,8022,7593,Chen,Night
2024-01-03 18:52:00,T1,Breakdown,1.0,9155,8344,Diya,Day
2024-12-03 04:20:00,P1,No issue,0.0,6863,6439,Evan,Day
2024-02-09 11:06:00,T2,Changeover,3.0,10593,9148,Ben,Day
2024-04-15 09:41:00,L9,No issue,0.0,287,274,Asha,Day
2024-11-23 22:35:00,L8,No issue,0.0,4049,3847,Ben,Night
2024-03-14 01:08:00,P1,Breakdown,1.0,7032,6862,Chen,Day
2024-11-15 00:41:00,L8,Breakdown,0.0,2449,2243,Diya,Night
2024-02-11 06:45:00,L9,PM,0.0,7316,6827,Unknown,Night
2024-05-01 17:04:00,P1,No issue,0.0,2255,2072,Chen,Day
2024-01-08 03:45:00,L8,Quality stop,1.0,1944,1913,Chen,Night
2024-12-06 05:20:00,L8,Quality stop,2.0,1676,1630,Evan,Day
2024-03-08 07:43:00,L8,Breakdown,0.0,8582,7709,Chen,Night
2024-09-17 01:59:00,P1,Breakdown,0.0,6632,5755,Chen,Night
2024-04-12 12:35:00,P1,PM,3.0,4245,3952,Ben,Day
2024-04-04 21:22:00,L9,Changeover,0.0,10104,10064,Chen,Day
2024-04-05 21:50:00,T1,Breakdown,1.0,6528,6050,Diya,Night
2024-07-08 00:22:00,P1,No issue,0.0,3464,3354,Evan,Day
2024-10-24 06:25:00,T2,No issue,0.0,1113,952,Diya,Day
2024-07-22 14:50:00,T1,No issue,0.0,134,125,Chen,Night
2024-04-25 05:05:00,T1,No issue,0.0,7258,6448,Chen,Day
2024-08-20 14:50:00,T1,Breakdown,2.0,2176,2164,Asha,Night
2024-09-27 23:06:00,L8,Changeover,2.0,3100,2686,Chen,Night
2024-07-26 21:40:00,T1,PM,0.0,4769,4216,Diya,Night
2024-11-17 21:09:00,P1,Quality stop,0.0,1675,1462,Diya,Night
2024-12-16 17:04:00,T1,Breakdown,4.0,1978,1907,Asha,Day
2024-10-31 22:13:00,T1,Changeover,1.0,6161,5360,Diya,Day
2024-07-07 01:19:00,T1,No issue,0.0,10289,9505,Unknown,Night
2024-11-02 13:10:00,L8,Changeover,1.0,2427,2324,Ben,Night
2024-05-03 08:44:00,T2,Changeover,1.0,7150,6981,Chen,Night
2024-07-12 16:08:00,T1,Changeover,1.0,8969,8290,Asha,Day
2024-07-14 19:56:00,L9,Breakdown,1.0,5326,5043,Chen,Night
2024-06-12 13:18:00,L8,Changeover,0.0,2749,2643,Chen,Day
2024-02-21 07:43:00,P1,No issue,0.0,5816,5009,Evan,Day
2024-03-12 03:42:00,L8,No issue,0.0,8464,7438,Asha,Day
2024-08-24 11:55:00,T1,No issue,0.0,6014,5195,Diya,Day
2024-01-04 23:24:00,L8,No issue,0.0,7109,6939,Asha,Day
2024-07-26 01:17:00,P1,Quality stop,0.0,9570,8884,Chen,Night
2024-09-09 15:17:00,L9,No issue,0.0,6036,5816,Evan,Night
2024-01-24 04:45:00,L8,No issue,0.0,3783,3698,Ben,Night
2024-10-09 04:13:00,L8,Quality stop,1.0,5455,4969,Ben,Night
2024-11-21 10:05:00,P1,Quality stop,1.0,6005,5330,Asha,Night
2024-08-30 09:53:00,L8,No issue,0.0,3110,2956,Diya,Night
2024-09-08 15:29:00,T1,No issue,0.0,3013,2668,Unknown,Day
2024-05-21 01:52:00,T1,Breakdown,0.0,8144,7254,Diya,Night
2024-08-21 03:45:00,T1,No issue,0.0,9428,9100,Unknown,Night
2024-08-14 07:13:00,L8,No issue,0.0,1629,1553,Asha,Day
2024-01-10 14:19:00,L8,Breakdown,4.0,2075,1855,Diya,Night
2024-04-01 03:23:00,L8,PM,0.0,5986,5861,Ben,Night
2024-07-26 09:28:00,L8,Breakdown,4.0,8660,8305,Asha,Night
2024-07-08 18:30:00,T1,No issue,0.0,1813,1606,Asha,Day
2024-11-22 22:18:00,L8,No issue,0.0,9806,9482,Chen,Day
2024-04-02 04:28:00,T1,Breakdown,1.0,8082,7403,Ben,Night
2024-08-24 04:40:00,T2,No issue,0.0,8478,8082,Chen,Night
2024-07-02 21:17:00,L8,Quality stop,1.0,8849,7920,Ben,Night
2024-06-03 16:56:00,T2,No issue,0.0,6678,6086,Asha,Day
2024-11-01 08:21:00,P1,No issue,0.0,546,529,Evan,Day
2024-04-19 23:39:00,P1,No issue,0.0,6108,6076,Diya,Day
2024-09-04 18:52:00,T2,No issue,0.0,5117,4817,Asha,Day
2024-10-24 20:23:00,T2,No issue,0.0,5601,5430,Diya,Night
2024-05-16 09:46:00,T2,No issue,0.0,6375,6002,Chen,Day
2024-10-23 01:24:00,L8,No issue,0.0,8405,7311,Asha,Night
2024-08-22 21:44:00,L8,No issue,0.0,3227,3119,Ben,Night
2024-08-27 09:50:00,T1,No issue,0.0,11789,10520,Evan,Day
2024-02-17 19:37:00,T1,No issue,0.0,8193,7012,Chen,Day
2024-12-24 00:27:00,P1,Quality stop,0.0,2001,1918,Asha,Day
2024-01-02 12:29:00,T1,No issue,0.0,37,32,Ben,Day
2024-12-17 05:09:00,L8,Quality stop,2.0,10303,8820,Evan,Day
2024-08-07 03:13:00,L8,Changeover,0.0,6217,5619,Diya,Day
2024-11-28 20:09:00,T1,Breakdown,2.0,7699,6868,Asha,Day
2024-12-17 22:50:00,T2,No issue,0.0,7427,6456,Asha,Night
2024-04-24 05:24:00,L8,No issue,0.0,11166,10263,Diya,Day
2024-07-06 23:27:00,P1,Breakdown,2.0,7386,6591,Asha,Day
2024-03-06 08:39:00,P1,No issue,0.0,4791,4628,Diya,Day
2024-10-11 12:33:00,T1,No issue,0.0,3215,2986,Asha,Night
2024-03-10 21:34:00,L8,No issue,0.0,5905,5407,Chen,Day
2024-09-21 20:07:00,L8,No issue,0.0,9600,9482,Chen,Night
2024-07-09 04:28:00,P1,Changeover,0.0,1001,876,Unknown,Day
2024-06-22 10:43:00,L8,PM,1.0,7567,7146,Diya,Night
2024-01-06 11:57:00,L8,Breakdown,2.0,10528,10500,Diya,Day
2024-05-10 03:21:00,T1,Changeover,0.0,3586,3155,Chen,Day
2024-03-14 10:01:00,T1,No issue,0.0,140,132,Diya,Day
2024-05-06 08:57:00,L9,Quality stop,1.0,8244,7953,Chen,Night
2024-06-05 03:00:00,P1,Breakdown,0.0,4354,4227,Chen,Day
2024-08-17 22:24:00,T2,No issue,0.0,3100,2952,Asha,Night
2024-09-16 11:23:00,L9,Breakdown,0.0,10051,9964,Chen,Day
2024-07-15 06:26:00,T2,Changeover,0.0,5313,4586,Asha,Day
2024-06-18 01:52:00,T1,No issue,0.0,7839,7541,Diya,Day
2024-04-03 12:10:00,L8,PM,0.0,5258,5004,Asha,Day
2024-07-18 11:46:00,T1,No issue,0.0,5763,4973,Diya,Day
2024-10-14 08:21:00,L8,Breakdown,1.0,929,855,Diya,Night
2024-10-06 17:43:00,L9,PM,1.0,10271,10252,Chen,Day
2024-05-18 08:34:00,T1,PM,0.0,6479,5845,Chen,Day
2024-12-17 23:48:00,L9,No issue,0.0,11824,11597,Ben,Day
2024-01-03 21:57:00,T1,No issue,0.0,2864,2592,Evan,Night
2024-07-18 16:15:00,T2,Breakdown,0.0,9355,8065,Asha,Day
2024-03-12 02:14:00,T2,No issue,0.0,5269,5267,Diya,Night
2024-11-21 13:09:00,T1,Breakdown,0.0,5565,4750,Evan,Night
2024-11-18 07:09:00,T1,No issue,0.0,7136,6177,Evan,Night
2024-05-05 15:00:00,P1,No issue,0.0,9981,9693,Chen,Day
2024-04-04 18:57:00,T1,No issue,0.0,6149,5690,Diya,Day
2024-04-26 17:21:00,P1,No issue,0.0,4195,3929,Chen,Night
2024-08-15 09:31:00,T2,Changeover,0.0,1430,1350,Chen,Day
2024-08-15 08:36:00,L8,No issue,0.0,3793,3505,Evan,Night
2024-11-07 12:09:00,L9,No issue,0.0,10079,9833,Diya,Night
2024-09-10 18:42:00,L8,PM,3.0,7680,7054,Ben,Night
2024-02-14 18:43:00,L9,Breakdown,0.0,8270,7544,Unknown,Day
2024-05-03 18:08:00,L8,Breakdown,2.0,10684,9943,Chen,Day
2024-12-02 05:24:00,T1,PM,3.0,9774,9025,Ben,Night
2024-06-28 20:49:00,L9,Breakdown,1.0,2989,2806,Evan,Night
2024-11-13 11:32:00,T2,No issue,0.0,2221,1904,Evan,Day
2024-10-27 10:37:00,P1,Changeover,4.0,1857,1734,Asha,Day
2024-10-26 09:40:00,T1,Breakdown,0.0,10575,10307,Evan,Day
2024-08-11 06:49:00,T1,No issue,0.0,560,514,Chen,Day
2024-08-15 14:39:00,P1,No issue,0.0,2230,2044,Ben,Night
2024-07-09 06:49:00,L9,Breakdown,1.0,9822,9362,Diya,Day
2024-06-05 11:03:00,T1,Changeover,1.0,912,824,Ben,Day
2024-10-21 02:06:00,L8,Breakdown,1.0,8504,7850,Ben,Day
2024-05-11 07:01:00,L8,No issue,0.0,3717,3684,Ben,Night
2024-10-21 10:04:00,P1,Breakdown,1.0,1351,1295,Ben,Night
2024-03-07 03:26:00,L8,Changeover,4.0,6279,5535,Ben,Night
2024-11-29 20:51:00,T1,Quality stop,1.0,8067,7073,Asha,Night
2024-07-27 21:19:00,P1,No issue,0.0,7089,6243,Chen,Day
2024-11-18 04:09:00,L9,Breakdown,4.0,11499,10208,Asha,Night
2024-09-27 03:33:00,L8,Quality stop,2.0,9268,7913,Ben,Night
2024-07-07 04:06:00,T2,No issue,0.0,4670,4466,Evan,Night
2024-11-10 17:13:00,L9,PM,3.0,5864,5730,Ben,Day
2024-05-05 08:19:00,P1,Breakdown,2.0,2174,2094,Diya,Day
2024-01-31 15:35:00,T2,Breakdown,0.0,3980,3863,Asha,Day
2024-01-02 08:14:00,L8,No issue,0.0,8634,8274,Asha,Night
2024-11-10 00:40:00,L8,No issue,0.0,3037,2740,Diya,Day
2024-05-23 16:45:00,T2,Breakdown,0.0,9738,8309,Chen,Day
2024-07-22 00:58:00,L8,Quality stop,1.0,11825,11631,Evan,Day
2024-06-08 08:00:00,T1,Changeover,0.0,1244,1153,Ben,Day
2024-04-11 03:08:00,P1,Changeover,1.0,6730,6641,Asha,Night
2024-05-11 06:42:00,L8,Changeover,1.0,9188,8351,Chen,Day
2024-08-30 12:35:00,T1,Quality stop,1.0,5805,5715,Asha,Night
2024-08-18 12:24:00,L9,Quality stop,2.0,3211,2796,Diya,Day
2024-05-16 05:39:00,L8,No issue,0.0,6369,6222,Ben,Day
2024-04-12 10:05:00,T2,PM,1.0,7853,7016,Ben,Day
2024-04-11 10:59:00,L8,PM,0.0,7854,7435,Diya,Night
2024-12-04 10:42:00,P1,No issue,0.0,9163,8823,Diya,Day
2024-12-02 11:17:00,L8,Changeover,1.0,4351,3806,Asha,Day
2024-12-02 20:58:00,T1,Quality stop,1.0,7491,6463,Asha,Day
2024-12-21 18:52:00,L9,Breakdown,2.0,3239,2943,Ben,Night
2024-02-27 09:17:00,P1,Changeover,1.0,300,276,Asha,Night
2024-11-03 14:26:00,L9,Breakdown,1.0,4319,4253,Evan,Day
2024-01-11 02:30:00,P1,No issue,0.0,3540,3296,Ben,Day
2024-07-30 07:37:00,T2,Breakdown,1.0,885,871,Evan,Day
2024-09-11 05:12:00,P1,No issue,0.0,6073,5269,Ben,Day
2024-05-31 09:02:00,T1,No issue,0.0,6263,5889,Diya,Night
2024-12-12 10:16:00,L9,Quality stop,0.0,8469,7844,Evan,Day
2024-02-03 19:45:00,L9,PM,1.0,3373,2904,Ben,Night
2024-11-20 19:48:00,T2,No issue,0.0,7020,5976,Evan,Night
2024-07-23 08:29:00,T1,PM,2.0,7766,6679,Evan,Night
2024-09-18 08:24:00,T2,Changeover,1.0,2135,2082,Unknown,Night
2024-07-12 20:12:00,P1,No issue,0.0,6715,6038,Ben,Day
2024-12-06 08:59:00,P1,No issue,0.0,10037,9061,Asha,Day
2024-04-26 22:50:00,L9,Quality stop,1.0,3833,3479,Ben,Day
2024-02-13 00:17:00,T2,PM,3.0,3803,3582,Chen,Night
2024-03-02 06:17:00,L9,Breakdown,0.0,3503,3405,Chen,Day
2024-11-26 01:29:00,L8,Breakdown,1.0,7171,6375,Chen,Day
2024-09-02 13:55:00,T2,No issue,0.0,3795,3595,Evan,Day
2024-05-18 02:08:00,L8,Breakdown,4.0,2352,2293,Ben,Night
2024-11-08 18:53:00,L8,Breakdown,1.0,7748,7185,Ben,Night
2024-09-10 12:56:00,T2,Breakdown,2.0,4120,3632,Evan,Day
2024-03-14 01:07:00,P1,PM,1.0,54,52,Asha,Night
2024-10-12 04:26:00,L8,Changeover,4.0,3132,2666,Evan,Night
2024-05-26 00:54:00,T2,Quality stop,0.0,1457,1310,Diya,Day
2024-09-05 16:21:00,L9,No issue,0.0,986,879,Ben,Day
2024-01-15 06:48:00,L9,Changeover,2.0,1338,1249,Chen,Night
2024-07-14 00:34:00,L8,No issue,0.0,1666,1583,Asha,Night
2024-08-01 10:46:00,L8,PM,2.0,6485,6228,Ben,Night
2024-06-01 17:09:00,L9,No issue,0.0,10382,9205,Asha,Day
2024-02-18 15:58:00,T1,Breakdown,2.0,10428,9348,Chen,Day
2024-10-10 20:11:00,L8,Quality stop,1.0,10733,9672,Ben,Day
2024-01-24 14:36:00,P1,No issue,0.0,9244,8602,Ben,Day
2024-10-18 03:26:00,T1,Changeover,0.0,8580,7967,Evan,Night
2024-03-11 00:19:00,L8,Breakdown,1.0,9572,9302,Chen,Day
2024-04-15 08:26:00,T1,Breakdown,2.0,7014,6182,Asha,Day
2024-10-30 10:29:00,L9,Breakdown,0.0,5021,4926,Ben,Night
2024-06-26 15:08:00,L8,Breakdown,1.0,5570,5346,Chen,Day
2024-10-19 12:00:00,T1,No issue,0.0,3829,3499,Unknown,Day
2024-07-11 20:50:00,L8,PM,1.0,7503,7035,Chen,Day
2024-06-10 23:07:00,L8,No issue,0.0,10591,10124,Asha,Day
2024-06-19 05:38:00,T1,No issue,0.0,10872,9453,Chen,Night
2024-07-15 18:15:00,P1,No issue,0.0,9215,8239,Diya,Day
2024-11-26 22:02:00,L9,No issue,0.0,3165,3085,Ben,Night
2024-06-15 06:12:00,L8,Breakdown,1.0,9114,8569,Unknown,Day
2024-04-27 17:29:00,T1,PM,0.0,4908,4201,Asha,Day
2024-10-12 10:10:00,L8,Quality stop,1.0,11927,11470,Unknown,Day
2024-12-05 13:44:00,L9,Breakdown,1.0,8108,7714,Evan,Night
2024-02-05 07:54:00,L9,PM,0.0,11044,10426,Asha,Day
2024-04-15 11:26:00,T1,Quality stop,0.0,3251,3069,Unknown,Day
2024-11-02 13:59:00,L9,Quality stop,0.0,1421,1386,Chen,Day
2024-05-29 12:55:00,T2,PM,0.0,11264,9740,Ben,Day
2024-02-29 03:30:00,L9,Breakdown,2.0,5289,4793,Diya,Night
2024-09-22 02:03:00,P1,PM,1.0,8795,8458,Ben,Day
2024-07-12 07:45:00,P1,Breakdown,2.0,3248,3161,Diya,Day
2024-12-06 18:18:00,P1,Quality stop,2.0,813,793,Asha,Day
2024-08-22 09:00:00,L8,No issue,0.0,9369,8304,Ben,Day
2024-09-27 08:39:00,T1,Breakdown,0.0,7327,7051,Ben,Day
2024-07-10 07:36:00,P1,No issue,0.0,11423,10481,Chen,Day
2024-12-01 23:03:00,L9,Breakdown,0.0,4554,4178,Chen,Day
2024-10-15 02:17:00,T1,No issue,0.0,8076,7169,Evan,Day
2024-01-10 19:19:00,T2,Breakdown,1.0,7174,7043,Chen,Night
2024-05-27 13:10:00,L8,No issue,0.0,5358,4979,Diya,Day
2024-06-03 05:21:00,T2,Breakdown,4.0,7428,6425,Asha,Day
2024-05-21 23:52:00,P1,No issue,0.0,6549,5839,Asha,Day
2024-03-12 20:26:00,T2,No issue,0.0,1319,1297,Asha,Day
2024-07-10 12:14:00,P1,Changeover,0.0,7721,6598,Diya,Day
2024-12-19 02:17:00,L9,Breakdown,2.0,11578,10216,Asha,Day
2024-07-08 03:16:00,L8,Changeover,3.0,7450,7210,Chen,Day
2024-08-04 05:01:00,P1,PM,0.0,5075,4877,Diya,Night
2024-02-25 16:00:00,L8,Breakdown,4.0,4089,3836,Ben,Day
2024-02-10 00:05:00,T2,No issue,0.0,7253,6926,Unknown,Night
2024-12-01 13:30:00,T1,No issue,0.0,5692,5297,Asha,Day
2024-10-21 16:41:00,L8,Breakdown,0.0,3659,3610,Asha,Day
2024-11-02 01:38:00,P1,No issue,0.0,10614,10331,Chen,Night
2024-05-31 10:15:00,T2,No issue,0.0,11542,10961,Diya,Day
2024-08-26 20:35:00,T2,No issue,0.0,4456,4292,Evan,Day
2024-04-15 08:13:00,T1,No issue,0.0,1583,1548,Evan,Night
2024-08-27 08:40:00,L9,PM,1.0,11333,9782,Ben,Day
2024-09-01 05:35:00,L8,Changeover,1.0,8359,7951,Chen,Day
2024-11-15 22:22:00,P1,Changeover,3.0,6280,5676,Diya,Night
2024-02-07 11:32:00,P1,Quality stop,0.0,5328,4747,Ben,Night
2024-12-21 18:38:00,T2,Breakdown,3.0,10609,10384,Diya,Day
2024-03-14 09:38:00,L8,PM,2.0,6874,5887,Diya,Day
2024-10-05 13:07:00,L8,Breakdown,0.0,10055,8760,Ben,Day
2024-08-02 21:46:00,T1,Breakdown,0.0,8938,8230,Ben,Day
2024-11-12 19:07:00,L9,No issue,0.0,7409,7072,Ben,Day
2024-02-28 17:06:00,T1,No issue,0.0,9416,8820,Unknown,Day
2024-02-11 22:34:00,T1,Quality stop,0.0,4014,3773,Chen,Day
2024-06-02 20:20:00,T2,No issue,0.0,10755,10061,Diya,Day
2024-03-09 04:05:00,P1,No issue,0.0,11455,10012,Ben,Day
2024-02-05 02:40:00,P1,No issue,0.0,10942,9422,Diya,Night
2024-05-05 08:16:00,L8,No issue,0.0,6634,6169,Evan,Night
2024-07-31 03:36:00,P1,No issue,0.0,8560,7918,Asha,Day
2024-03-01 14:30:00,P1,No issue,0.0,10780,10504,Diya,Day
2024-10-08 23:58:00,P1,No issue,0.0,3441,3123,Diya,Day
2024-12-06 21:32:00,T2,Breakdown,1.0,4954,4453,Unknown,Day
2024-10-18 18:40:00,T1,Breakdown,1.0,6671,6647,Ben,Night
2024-12-30 13:10:00,T1,No issue,0.0,2160,1923,Ben,Day
2024-01-06 00:27:00,L8,No issue,0.0,6090,5281,Chen,Day
2024-08-01 08:34:00,L8,PM,1.0,9939,9455,Unknown,Night
2024-07-03 14:12:00,L9,PM,0.0,2074,1819,Diya,Day
2024-03-17 00:26:00,L8,Breakdown,0.0,6327,6165,Ben,Night
2024-03-22 11:38:00,L8,Quality stop,0.0,8189,7207,Evan,Day
2024-04-19 07:06:00,T2,No issue,0.0,1808,1626,Evan,Day
2024-07-28 12:39:00,L8,No issue,0.0,3844,3778,Ben,Night
2024-11-18 06:17:00,L9,PM,4.0,265,253,Unknown,Day
2024-12-20 14:47:00,T2,Breakdown,3.0,11318,9988,Ben,Night
2024-05-15 19:44:00,L9,No issue,0.0,1041,955,Chen,Day
2024-12-01 13:17:00,L8,Changeover,1.0,6594,6288,Asha,Night
2024-01-12 06:36:00,T1,No issue,0.0,6743,5816,Diya,Day
2024-05-15 12:11:00,T2,No issue,0.0,11409,11088,Diya,Day
2024-08-11 10:33:00,L8,Changeover,0.0,9715,9152,Asha,Night
2024-06-04 02:18:00,T2,No issue,0.0,939,838,Asha,Day
2024-05-05 04:13:00,L9,PM,0.0,1345,1146,Diya,Night
2024-01-02 21:52:00,T2,Quality stop,0.0,4386,3897,Asha,Day
2024-06-10 13:03:00,L8,PM,2.0,2092,1914,Diya,Night
2024-02-24 23:54:00,L9,Changeover,0.0,10350,9394,Chen,Night
2024-04-26 08:52:00,L9,Breakdown,1.0,857,835,Chen,Day
2024-09-29 09:43:00,L9,No issue,0.0,10140,10088,Ben,Day
2024-06-30 13:33:00,P1,PM,1.0,311,272,Chen,Day
2024-06-18 05:06:00,L8,No issue,0.0,5448,4986,Ben,Day
2024-11-10 12:51:00,L9,No issue,0.0,2628,2411,Evan,Night
2024-04-30 02:10:00,L9,Breakdown,2.0,10926,10563,Diya,Night
2024-09-30 20:00:00,T2,Breakdown,0.0,3171,3020,Chen,Night
2024-07-13 21:29:00,T1,Breakdown,1.0,7932,7215,Asha,Day
2024-10-15 01:42:00,P1,Breakdown,3.0,9701,9467,Diya,Night
2024-05-20 14:00:00,L9,Breakdown,0.0,5627,4895,Chen,Night
2024-12-10 16:06:00,T1,Quality stop,0.0,1565,1515,Asha,Day
2024-10-20 15:17:00,P1,Changeover,1.0,6505,5990,Diya,Night
2024-03-11 10:05:00,L9,No issue,0.0,11778,11325,Evan,Night
2024-08-19 02:01:00,T2,PM,1.0,8155,7441,Diya,Night
2024-10-05 15:52:00,T2,Breakdown,1.0,11586,10170,Evan,Night
2024-05-03 16:21:00,P1,Quality stop,0.0,9985,8794,Asha,Day
2024-03-27 03:06:00,T1,Changeover,1.0,10489,9809,Chen,Day
2024-08-03 19:28:00,T1,Breakdown,3.0,1537,1370,Ben,Day
2024-02-02 05:34:00,T2,No issue,0.0,3600,3201,Unknown,Day
2024-01-24 01:07:00,P1,Breakdown,1.0,3947,3685,Diya,Night
2024-06-04 17:30:00,L8,Breakdown,0.0,5214,4843,Ben,Night
2024-03-21 14:31:00,T2,No issue,0.0,7083,6404,Diya,Night
2024-12-02 15:57:00,L9,No issue,0.0,2090,1949,Evan,Day
2024-12-14 15:26:00,T1,Breakdown,0.0,5670,5391,Ben,Night
2024-02-15 19:36:00,L9,No issue,0.0,3873,3303,Asha,Night
2024-07-11 14:48:00,T2,PM,0.0,10580,9713,Ben,Night
2024-10-13 08:02:00,L8,Changeover,0.0,9341,8572,Asha,Night
2024-07-19 08:35:00,P1,Changeover,0.0,5780,5248,Asha,Night
2024-07-08 14:51:00,T1,No issue,0.0,6771,5883,Unknown,Day
2024-09-13 17:33:00,P1,Breakdown,1.0,251,219,Evan,Night
2024-09-11 11:59:00,T1,Quality stop,3.0,6464,5575,Diya,Night
2024-12-04 04:50:00,P1,Changeover,0.0,7207,6999,Chen,Night
2024-08-12 01:57:00,T2,No issue,0.0,10308,10304,Diya,Night
2024-07-09 03:58:00,P1,PM,0.0,7498,7049,Asha,Night
2024-09-03 11:42:00,T2,No issue,0.0,2286,2206,Ben,Night
2024-09-23 17:15:00,L8,No issue,0.0,2964,2600,Unknown,Night
2024-06-29 15:22:00,P1,Changeover,2.0,1743,1695,Evan,Day
2024-11-04 15:24:00,T1,Breakdown,1.0,7962,7785,Ben,Night
2024-04-24 01:51:00,T1,Breakdown,1.0,5479,5070,Unknown,Day
2024-09-07 23:04:00,T1,Breakdown,4.0,5459,5161,Chen,Day
2024-06-17 18:23:00,L9,Breakdown,2.0,880,878,Evan,Night
2024-07-05 23:06:00,P1,Changeover,0.0,10218,10142,Asha,Night
2024-07-22 07:35:00,L9,Breakdown,1.0,4814,4278,Asha,Day
2024-02-06 14:09:00,L8,Breakdown,1.0,2359,2206,Chen,Night
2024-04-19 02:52:00,L8,Breakdown,2.0,2959,2955,Ben,Day
2024-08-25 11:07:00,P1,Breakdown,1.0,7477,6762,Chen,Day
2024-03-31 03:32:00,T1,No issue,0.0,11031,10359,Diya,Night
2024-02-28 16:42:00,T2,Breakdown,2.0,3343,2886,Evan,Day
2024-01-21 15:43:00,T2,No issue,0.0,2148,2121,Unknown,Day
2024-09-02 13:22:00,T1,Breakdown,1.0,2448,2303,Asha,Night
2024-06-24 18:23:00,L9,No issue,0.0,11453,11352,Diya,Day
2024-08-25 04:05:00,P1,Breakdown,2.0,10859,9466,Asha,Night
2024-08-21 18:55:00,L8,No issue,0.0,4532,4349,Unknown,Night
2024-12-21 07:48:00,P1,No issue,0.0,1484,1472,Evan,Night
2024-08-30 20:03:00,L8,No issue,0.0,10136,10081,Ben,Day
2024-07-18 19:02:00,P1,No issue,0.0,11038,10499,Chen,Day
2024-12-16 06:39:00,T1,Quality stop,1.0,10981,10518,Evan,Day
2024-11-03 12:35:00,T2,No issue,0.0,158,148,Chen,Day
2024-06-27 01:40:00,T1,Breakdown,3.0,8820,8528,Chen,Night
2024-03-02 23:11:00,P1,No issue,0.0,4386,4041,Diya,Day
2024-07-02 22:17:00,L9,Quality stop,0.0,309,263,Diya,Night
2024-09-25 15:17:00,T2,Breakdown,1.0,6300,5991,Chen,Day
2024-01-14 02:42:00,L8,No issue,0.0,15,14,Ben,Day
2024-08-02 01:20:00,L9,Breakdown,1.0,5194,4792,Chen,Night
2024-12-07 12:00:00,P1,No issue,0.0,1435,1385,Chen,Day
2024-06-03 09:02:00,P1,No issue,0.0,5232,4554,Diya,Night
2024-02-20 01:47:00,L9,Quality stop,0.0,3313,3050,Chen,Day
2024-07-22 02:32:00,T1,Quality stop,3.0,8948,8163,Diya,Day
2024-04-22 17:03:00,L8,Breakdown,2.0,9561,8495,Ben,Night
2024-05-26 07:02:00,T1,Breakdown,0.0,5452,4716,Evan,Day
2024-12-09 11:20:00,P1,Changeover,0.0,4196,3906,Evan,Day
2024-03-06 14:53:00,T1,No issue,0.0,4646,3963,Asha,Night
2024-01-08 03:05:00,T2,Breakdown,0.0,7629,6895,Chen,Night
2024-10-29 21:20:00,L9,Changeover,0.0,11765,10663,Ben,Day
2024-02-15 20:32:00,T2,No issue,0.0,4191,4029,Evan,Day
2024-02-21 03:47:00,T1,No issue,0.0,11813,10160,Chen,Day
2024-07-03 22:19:00,T1,Quality stop,1.0,11654,9959,Asha,Day
2024-09-13 23:15:00,T1,Breakdown,2.0,3611,3502,Chen,Day
2024-04-30 21:25:00,P1,No issue,0.0,6182,5422,Ben,Day
2024-07-27 09:45:00,L8,PM,0.0,3536,3499,Ben,Day
2024-03-15 01:43:00,L8,Breakdown,1.0,7746,7434,Chen,Day
2024-10-19 10:09:00,T2,No issue,0.0,5097,4518,Chen,Day
2024-06-22 22:29:00,L9,No issue,0.0,10733,10018,Ben,Day
2024-10-10 14:43:00,P1,No issue,0.0,8151,7231,Diya,Night
2024-07-27 14:47:00,T1,PM,0.0,4773,4150,Diya,Day
2024-02-01 21:20:00,P1,No issue,0.0,9578,8523,Diya,Day
2024-08-14 23:16:00,P1,No issue,0.0,4103,3653,Ben,Day
2024-09-29 05:42:00,P1,No issue,0.0,10258,10258,Diya,Night
2024-01-26 03:35:00,L9,Breakdown,3.0,6290,6073,Asha,Night
2024-05-23 10:32:00,T1,No issue,0.0,757,705,Evan,Day
2024-02-04 05:33:00,L9,Breakdown,0.0,6113,5663,Diya,Day
2024-07-17 05:45:00,L8,Changeover,0.0,5427,5419,Asha,Day
2024-08-16 05:04:00,T2,Breakdown,3.0,7566,6770,Ben,Day
2024-11-08 11:25:00,T1,No issue,0.0,5125,4383,Unknown,Day
2024-04-16 04:04:00,P1,PM,2.0,10707,9402,Chen,Day
2024-10-01 22:53:00,T2,No issue,0.0,9388,8124,Ben,Night
2024-05-01 21:10:00,L8,No issue,0.0,4710,4659,Diya,Night
2024-01-02 15:29:00,L9,PM,0.0,10231,9605,Chen,Night
2024-07-03 20:34:00,L8,No issue,0.0,9334,8731,Asha,Day
2024-09-22 07:49:00,L8,PM,0.0,11741,10872,Diya,Day
2024-08-27 01:20:00,T1,Changeover,0.0,9709,9571,Diya,Day
2024-10-06 05:55:00,L8,Quality stop,0.0,8680,8233,Chen,Day
2024-08-24 17:14:00,P1,Breakdown,1.0,1443,1329,Diya,Day
2024-05-13 16:12:00,L9,Breakdown,4.0,742,676,Diya,Night
2024-12-22 15:12:00,L9,PM,1.0,2999,2824,Asha,Night
2024-09-09 20:41:00,P1,Changeover,1.0,4543,4228,Evan,Night
2024-04-02 08:57:00,L8,PM,1.0,8065,7862,Asha,Night
2024-02-09 01:02:00,T2,PM,1.0,11974,11616,Evan,Night
2024-02-23 15:02:00,P1,Breakdown,0.0,11003,10133,Diya,Night
2024-10-28 09:57:00,L8,Breakdown,1.0,5763,5042,Ben,Day
2024-08-01 09:45:00,P1,No issue,0.0,536,492,Ben,Night
2024-11-21 07:29:00,T1,Quality stop,1.0,2081,1866,Asha,Day
2024-07-21 03:01:00,L8,No issue,0.0,10640,9488,Asha,Day
2024-06-05 15:31:00,L9,Breakdown,2.0,3504,3181,Chen,Day
2024-09-17 21:26:00,L8,No issue,0.0,1374,1188,Asha,Day
2024-09-12 17:24:00,T2,Quality stop,3.0,4243,3826,Chen,Day
2024-06-09 05:53:00,L8,PM,3.0,10978,9635,Asha,Day
2024-02-16 02:07:00,L9,Breakdown,2.0,10445,10401,Evan,Day
2024-03-06 05:59:00,P1,No issue,0.0,3601,3233,Chen,Day
2024-12-27 16:56:00,T1,Breakdown,4.0,8580,7523,Asha,Day
2024-03-12 13:30:00,P1,Changeover,1.0,8410,7195,Ben,Day
2024-03-09 12:49:00,T1,Quality stop,1.0,691,590,Chen,Day
2024-12-19 06:11:00,P1,Quality stop,2.0,11931,11207,Diya,Night
2024-07-02 03:12:00,T1,Breakdown,2.0,4667,4181,Ben,Day
2024-08-16 15:55:00,T1,PM,0.0,11993,10722,Asha,Night
2024-03-04 07:47:00,L8,Breakdown,1.0,11360,9659,Ben,Day
2024-11-28 07:53:00,P1,Breakdown,0.0,8286,7373,Ben,Night
2024-10-02 13:15:00,L8,Breakdown,0.0,11016,10890,Diya,Night
2024-07-26 22:18:00,T1,Breakdown,4.0,11480,9986,Diya,Day
2024-12-17 01:47:00,T2,PM,0.0,6282,6268,Evan,Day
2024-09-08 17:25:00,T1,PM,0.0,9228,8924,Ben,Night
2024-02-02 17:24:00,L8,No issue,0.0,5313,5260,Asha,Day
2024-01-29 15:41:00,T1,No issue,0.0,6551,6020,Diya,Day
2024-03-21 18:31:00,P1,No issue,0.0,9007,7687,Diya,Day
2024-02-17 05:39:00,L8,PM,1.0,9329,8946,Evan,Day
2024-10-28 20:51:00,P1,No issue,0.0,9911,8989,Chen,Day
2024-03-14 17:16:00,L9,No issue,0.0,9919,9011,Chen,Day
2024-07-14 17:06:00,L8,Quality stop,2.0,5544,5109,Asha,Night
2024-08-24 04:54:00,T2,PM,4.0,1048,1020,Asha,Night
2024-05-31 06:15:00,P1,No issue,0.0,3199,2725,Ben,Day
2024-04-30 10:25:00,T2,No issue,0.0,1603,1390,Chen,Night
2024-04-28 10:00:00,T2,No issue,0.0,3891,3812,Evan,Night
2024-04-16 06:30:00,T2,No issue,0.0,9794,8368,Evan,Night
2024-04-07 02:43:00,T1,Quality stop,1.0,9218,7978,Diya,Night
2024-02-11 00:01:00,T1,Quality stop,2.0,7474,7353,Asha,Day
2024-05-13 23:53:00,T2,No issue,0.0,541,460,Diya,Night
2024-04-29 13:04:00,L9,No issue,0.0,9338,8681,Diya,Night
2024-05-08 12:22:00,T2,No issue,0.0,7645,7423,Ben,Day
2024-10-25 11:29:00,T1,No issue,0.0,9777,8372,Evan,Night
2024-02-02 08:53:00,T2,Breakdown,1.0,5967,5314,Chen,Day
2024-01-23 01:24:00,T1,Changeover,1.0,889,800,Asha,Day
2024-08-07 08:03:00,T1,Changeover,1.0,4616,4235,Asha,Night
2024-09-26 10:10:00,T2,Breakdown,0.0,6553,6462,Evan,Day
2024-05-29 21:53:00,L9,Breakdown,0.0,5361,4721,Chen,Day
2024-09-21 07:13:00,T2,Changeover,0.0,3060,3053,Asha,Day
2024-09-17 22:37:00,T2,No issue,0.0,6435,5564,Ben,Day
2024-10-22 06:33:00,P1,Quality stop,1.0,11800,10446,Unknown,Day
2024-09-16 01:25:00,P1,PM,0.0,4784,4426,Chen,Day
2024-08-17 23:29:00,L9,No issue,0.0,6758,6503,Diya,Day
2024-06-18 15:37:00,P1,Changeover,4.0,9774,9417,Diya,Day
2024-05-17 05:10:00,T1,Changeover,4.0,6127,5749,Diya,Day
2024-05-25 07:22:00,T1,No issue,0.0,511,470,Asha,Day
2024-12-09 07:01:00,P1,Breakdown,1.0,3038,2882,Evan,Night
2024-12-07 11:11:00,T2,Breakdown,0.0,6533,6478,Ben,Day
2024-04-06 17:22:00,P1,No issue,0.0,10215,9339,Diya,Day
2024-01-27 17:22:00,T1,Breakdown,0.0,8002,6908,Chen,Night
2024-09-06 17:50:00,T2,No issue,0.0,10029,9108,Diya,Night
2024-10-16 09:42:00,L8,No issue,0.0,7456,6983,Chen,Day
2024-03-24 15:29:00,L8,Breakdown,1.0,7657,6933,Evan,Day
2024-05-11 10:08:00,P1,Breakdown,1.0,8195,7405,Ben,Day
2024-09-27 22:51:00,P1,Breakdown,0.0,2071,1853,Diya,Day
2024-04-01 05:05:00,L8,No issue,0.0,8602,8075,Chen,Night
2024-09-21 02:39:00,L8,No issue,0.0,225,201,Diya,Day
2024-11-10 14:55:00,P1,No issue,0.0,1354,1151,Diya,Day
2024-03-26 12:17:00,T1,Breakdown,1.0,925,836,Evan,Day
2024-07-29 15:00:00,L8,Quality stop,0.0,5683,5029,Asha,Night
2024-01-22 02:28:00,L9,PM,1.0,3117,2965,Asha,Day
2024-04-03 15:34:00,L9,No issue,0.0,11306,11093,Chen,Day
2024-10-01 02:33:00,L8,Quality stop,0.0,3703,3583,Asha,Day
2024-03-20 06:49:00,T1,Changeover,4.0,4646,4466,Chen,Night
2024-01-19 23:00:00,L9,No issue,0.0,7488,7225,Evan,Day
2024-09-16 23:38:00,P1,No issue,0.0,10594,10272,Ben,Night
2024-07-26 06:37:00,P1,No issue,0.0,5464,4984,Evan,Night
2024-08-11 06:37:00,P1,Quality stop,0.0,1381,1294,Diya,Night
2024-02-17 10:12:00,L8,Quality stop,2.0,9380,8491,Asha,Day
2024-12-08 18:09:00,T1,Breakdown,1.0,7436,6341,Diya,Night
2024-04-20 06:36:00,T1,No issue,0.0,3451,3002,Chen,Night
2024-02-06 20:49:00,P1,Quality stop,1.0,4558,3878,Asha,Day
2024-07-01 16:51:00,L8,PM,2.0,2077,1786,Ben,Day
2024-07-29 09:53:00,T1,PM,0.0,8650,7426,Chen,Day
2024-11-13 02:21:00,T1,Breakdown,0.0,6858,6291,Evan,Day
2024-02-27 11:52:00,L9,Changeover,1.0,6343,6219,Chen,Day
2024-03-23 07:30:00,T1,PM,0.0,2062,1915,Ben,Night
2024-08-03 22:57:00,L8,No issue,0.0,5705,5087,Diya,Night
2024-07-31 15:16:00,L8,No issue,0.0,8374,8279,Ben,Day
2024-03-21 00:15:00,T2,Quality stop,1.0,7311,6787,Asha,Day
2024-08-17 13:20:00,L9,No issue,0.0,10601,9802,Chen,Day
2024-06-06 05:41:00,T2,Breakdown,0.0,3310,2987,Ben,Night
2024-02-04 15:33:00,T1,No issue,0.0,3517,3170,Asha,Day
2024-07-12 15:05:00,T2,Breakdown,0.0,1350,1175,Asha,Night
2024-10-09 09:43:00,T2,Quality stop,0.0,1186,1089,Evan,Day
2024-06-05 09:13:00,T1,Changeover,0.0,3031,3002,Ben,Day
2024-09-20 08:41:00,T2,Breakdown,1.0,11046,10688,Ben,Night
2024-10-18 08:25:00,T1,No issue,0.0,11879,11515,Diya,Day
2024-12-24 08:24:00,L9,Breakdown,1.0,8806,8030,Ben,Night
2024-11-01 22:48:00,L9,PM,0.0,6195,5857,Ben,Day
2024-11-16 04:50:00,P1,Breakdown,1.0,7062,6885,Diya,Night
2024-11-10 02:33:00,L9,Breakdown,1.0,208,198,Chen,Day
2024-07-28 07:18:00,P1,Changeover,0.0,10936,9480,Asha,Night
2024-10-06 21:38:00,T1,No issue,0.0,8772,7554,Asha,Day
2024-10-31 23:43:00,L9,PM,1.0,363,354,Diya,Night
2024-02-06 05:04:00,P1,No issue,0.0,7158,7155,Asha,Day
2024-01-25 07:14:00,T2,No issue,0.0,11770,10388,Diya,Day
2024-06-14 23:28:00,L9,No issue,0.0,10279,10124,Ben,Day
2024-08-12 15:42:00,T1,Changeover,1.0,3524,3512,Diya,Day
2024-09-03 20:51:00,L9,PM,3.0,6002,5205,Ben,Day
2024-07-05 14:12:00,T2,Breakdown,1.0,8726,8274,Chen,Day
2024-02-19 08:09:00,T1,No issue,0.0,8953,8178,Unknown,Day
2024-07-15 03:04:00,L8,Breakdown,0.0,7851,7765,Diya,Day
2024-08-08 08:18:00,L9,PM,1.0,394,337,Diya,Day
2024-08-04 04:37:00,L9,Breakdown,1.0,5827,5783,Diya,Night
2024-01-25 02:00:00,L9,PM,1.0,1011,884,Unknown,Day
2024-05-28 13:35:00,L8,Breakdown,4.0,410,382,Ben,Night
2024-05-28 11:16:00,T1,No issue,0.0,8168,7983,Chen,Day
2024-12-15 09:35:00,T1,Breakdown,3.0,8581,8326,Diya,Day
2024-05-03 22:26:00,T2,Breakdown,2.0,10262,9495,Diya,Day
2024-05-23 23:59:00,L9,No issue,0.0,1989,1706,Ben,Day
2024-11-07 08:30:00,L9,Breakdown,0.0,9277,8990,Chen,Day
2024-07-11 09:15:00,T2,No issue,0.0,4302,3832,Ben,Day
2024-01-23 14:39:00,L9,PM,1.0,6114,5607,Unknown,Day
2024-10-19 21:56:00,P1,Changeover,0.0,7865,7045,Chen,Night
2024-07-29 19:26:00,T2,Breakdown,1.0,11280,10921,Ben,Night
2024-09-20 09:31:00,L9,No issue,0.0,10592,10171,Ben,Day
2024-10-28 08:45:00,L8,Quality stop,0.0,3437,3045,Ben,Day
2024-04-18 11:54:00,P1,Changeover,1.0,3244,3156,Chen,Night
2024-04-02 18:46:00,T1,Changeover,0.0,11168,9495,Diya,Day
2024-06-09 09:46:00,T2,No issue,0.0,992,875,Chen,Night
2024-10-05 16:55:00,L9,No issue,0.0,10003,9602,Chen,Night
2024-06-16 10:20:00,P1,PM,1.0,1130,966,Diya,Day
2024-08-10 08:41:00,T1,No issue,0.0,3923,3910,Evan,Day
2024-10-06 14:21:00,T1,No issue,0.0,6109,5779,Evan,Night
2024-11-25 04:23:00,P1,Breakdown,0.0,368,353,Chen,Day
2024-02-28 12:21:00,P1,PM,1.0,5223,5063,Asha,Night
2024-05-31 12:10:00,L9,No issue,0.0,7709,7444,Diya,Day
2024-10-10 14:37:00,P1,Changeover,0.0,163,161,Evan,Day
2024-11-16 13:21:00,L9,Breakdown,1.0,5856,5073,Chen,Day
2024-04-14 04:49:00,L9,Quality stop,4.0,2584,2232,Evan,Day
2024-05-23 22:52:00,T1,PM,0.0,3163,2991,Ben,Day
2024-05-15 13:35:00,L8,Changeover,1.0,8516,7257,Ben,Night
2024-12-02 12:18:00,T2,Breakdown,2.0,2490,2347,Diya,Night
2024-06-30 17:09:00,T1,Quality stop,0.0,7991,7232,Asha,Day
2024-06-05 14:40:00,T1,No issue,0.0,7638,6968,Diya,Night
2024-04-19 08:38:00,T1,PM,0.0,9290,9259,Diya,Day
2024-09-11 02:37:00,L9,No issue,0.0,684,654,Chen,Day
2024-04-28 19:35:00,P1,No issue,0.0,10053,9622,Diya,Day
2024-10-26 20:34:00,T1,Breakdown,1.0,7164,6628,Ben,Day
2024-03-31 20:36:00,T2,Breakdown,1.0,6702,5967,Asha,Day
2024-12-29 22:12:00,L8,Changeover,0.0,7279,6788,Asha,Night
2024-11-20 06:22:00,T1,PM,1.0,11019,10546,Diya,Day
2024-01-12 20:28:00,P1,Breakdown,2.0,2638,2546,Diya,Day
2024-01-27 22:49:00,T2,PM,1.0,5301,4834,Diya,Day
2024-02-25 14:00:00,L8,No issue,0.0,2212,2143,Asha,Day
2024-07-16 09:57:00,P1,Quality stop,0.0,538,528,Chen,Day
2024-03-22 19:53:00,L8,No issue,0.0,11614,10113,Chen,Day
2024-05-08 02:26:00,P1,Quality stop,1.0,7884,6910,Asha,Night
2024-05-05 19:44:00,P1,No issue,0.0,10630,10118,Evan,Night
2024-01-21 00:56:00,L8,Quality stop,2.0,8769,8418,Diya,Night
2024-08-24 13:00:00,L9,No issue,0.0,1195,1074,Evan,Day
2024-10-10 22:05:00,P1,No issue,0.0,8506,8407,Asha,Day
2024-03-07 20:20:00,L8,PM,0.0,3053,2748,Ben,Day
2024-10-13 20:41:00,P1,Breakdown,0.0,6302,5552,Ben,Night
2024-07-14 17:02:00,T1,Breakdown,1.0,8049,7194,Asha,Day
2024-10-26 02:25:00,T2,No issue,0.0,6714,6109,Chen,Day
2024-08-29 11:18:00,L8,Changeover,0.0,3922,3894,Chen,Day
2024-10-06 12:03:00,T2,PM,4.0,1685,1525,Asha,Day
2024-08-29 00:51:00,T2,Breakdown,2.0,197,172,Diya,Day
2024-11-08 22:13:00,L8,No issue,0.0,1004,868,Asha,Day
2024-05-24 05:15:00,T2,Breakdown,4.0,4414,3766,Ben,Day
2024-08-11 18:07:00,L9,Changeover,0.0,9729,9276,Evan,Night
2024-09-15 19:35:00,T2,No issue,0.0,5623,5298,Evan,Day
2024-05-13 06:24:00,T1,No issue,0.0,5940,5763,Ben,Day
2024-04-18 21:53:00,P1,No issue,0.0,5841,5525,Asha,Night
2024-05-12 20:50:00,T1,Breakdown,0.0,2577,2464,Ben,Day
2024-04-04 18:33:00,P1,Breakdown,0.0,2543,2176,Asha,Day
2024-05-24 18:25:00,P1,Breakdown,1.0,2361,2249,Asha,Night
2024-12-03 15:30:00,L8,No issue,0.0,9661,8304,Asha,Night
2024-02-07 01:31:00,T2,Breakdown,4.0,10268,9446,Chen,Night
2024-05-09 04:09:00,L8,Quality stop,3.0,960,954,Chen,Night
2024-05-12 09:45:00,L9,No issue,0.0,6332,6311,Evan,Day
2024-06-13 14:46:00,L9,No issue,0.0,5927,5859,Asha,Night
2024-02-21 17:15:00,L8,Changeover,0.0,4801,4390,Diya,Night
2024-03-19 09:43:00,L8,No issue,0.0,5164,4920,Diya,Day
2024-12-15 19:57:00,T2,Quality stop,1.0,6552,5677,Chen,Night
2024-11-14 15:17:00,L8,Quality stop,1.0,3263,3246,Evan,Day
2024-03-06 12:03:00,P1,Quality stop,4.0,7717,6645,Diya,Night
2024-10-17 13:14:00,T2,Quality stop,1.0,8938,7764,Diya,Day
2024-10-14 22:45:00,L8,No issue,0.0,4602,4194,Asha,Day
2024-09-25 17:13:00,T1,No issue,0.0,8167,7891,Diya,Day
2024-11-03 04:11:00,P1,Breakdown,3.0,3581,3422,Asha,Day
2024-04-17 23:30:00,P1,No issue,0.0,5770,5567,Evan,Day
2024-07-08 20:21:00,P1,No issue,0.0,3664,3499,Unknown,Day
2024-05-10 18:56:00,P1,No issue,0.0,471,439,Chen,Night
2024-12-04 20:29:00,P1,Changeover,0.0,4268,4040,Chen,Day
2024-04-12 05:04:00,L8,Changeover,3.0,9331,8673,Asha,Day
2024-07-23 12:35:00,T2,PM,2.0,6603,5641,Ben,Day
2024-07-16 18:06:00,T2,No issue,0.0,2263,2247,Diya,Night
2024-01-02 05:34:00,L9,No issue,0.0,6732,5860,Chen,Day
2024-02-01 02:35:00,L8,No issue,0.0,7494,7040,Chen,Night
2024-06-09 07:10:00,L8,PM,4.0,3791,3625,Diya,Day
2024-06-14 08:22:00,T1,Breakdown,0.0,2246,2194,Diya,Night
2024-02-06 18:35:00,L9,Changeover,2.0,1504,1286,Diya,Day
2024-12-06 14:19:00,L8,Breakdown,0.0,1235,1062,Asha,Night
2024-01-10 02:18:00,T1,Quality stop,1.0,6103,5708,Diya,Night
2024-10-07 08:04:00,T2,Breakdown,4.0,10530,9324,Ben,Night
2024-03-19 01:50:00,T1,No issue,0.0,973,970,Chen,Day
2024-01-10 13:39:00,P1,Breakdown,0.0,201,192,Ben,Night
2024-04-18 23:32:00,T2,PM,1.0,2392,2230,Ben,Night
2024-05-02 07:06:00,T2,Breakdown,1.0,155,144,Asha,Night
2024-07-17 14:02:00,L8,No issue,0.0,1193,1042,Ben,Night
2024-02-21 16:43:00,T1,Breakdown,1.0,7107,6786,Ben,Day
2024-06-08 10:11:00,T2,No issue,0.0,7119,6286,Ben,Night
2024-07-10 00:14:00,L8,PM,1.0,4101,3990,Diya,Night
2024-09-09 11:28:00,P1,No issue,0.0,9797,8608,Ben,Day
2024-06-14 10:38:00,P1,No issue,0.0,10568,9731,Chen,Day
2024-06-30 14:49:00,L8,No issue,0.0,2191,1903,Ben,Day
2024-10-12 15:13:00,T2,Changeover,0.0,5023,4802,Asha,Day
2024-01-17 09:41:00,P1,No issue,0.0,9273,8342,Asha,Day
2024-06-28 04:13:00,T2,Breakdown,0.0,6914,6621,Chen,Day
2024-04-15 07:21:00,L9,No issue,0.0,3310,3271,Unknown,Night
2024-10-18 18:37:00,L9,No issue,0.0,8801,7522,Chen,Night
2024-10-22 12:07:00,P1,Breakdown,3.0,1609,1456,Chen,Day
2024-09-22 14:30:00,L8,No issue,0.0,198,177,Chen,Night
2024-06-23 03:53:00,P1,Breakdown,0.0,3216,3137,Chen,Night
2024-01-09 13:45:00,L8,No issue,0.0,7501,7417,Ben,Night
2024-11-17 01:52:00,T1,No issue,0.0,10260,8880,Asha,Day
2024-11-06 09:49:00,T1,No issue,0.0,10279,9539,Asha,Night
2024-07-08 05:23:00,L8,Changeover,0.0,73,67,Ben,Night
2024-07-24 08:41:00,L9,No issue,0.0,1675,1487,Ben,Day
2024-05-18 17:51:00,T2,Quality stop,4.0,1465,1381,Asha,Day
2024-08-28 17:24:00,P1,PM,0.0,4992,4346,Chen,Day
2024-03-03 12:18:00,T1,No issue,0.0,6826,6453,Ben,Night
2024-01-30 03:08:00,L8,No issue,0.0,8105,7579,Asha,Day
2024-12-19 10:15:00,T2,No issue,0.0,10528,9144,Chen,Day
2024-11-01 11:41:00,T1,Breakdown,2.0,11776,10174,Asha,Day
2024-05-23 16:10:00,T1,Breakdown,0.0,10653,9920,Evan,Day
2024-08-25 17:13:00,L8,Breakdown,1.0,1620,1449,Ben,Day
2024-07-05 06:07:00,T1,Changeover,2.0,6969,6030,Diya,Day
2024-08-10 08:03:00,T1,Breakdown,1.0,6198,5700,Ben,Day
2024-08-18 10:00:00,L9,No issue,0.0,6779,6293,Ben,Day
2024-02-23 02:06:00,T1,No issue,0.0,9913,9063,Diya,Day
2024-11-07 12:13:00,T1,No issue,0.0,7341,6273,Ben,Night
2024-07-11 16:11:00,T1,PM,1.0,234,225,Ben,Night
2024-10-09 18:12:00,T2,No issue,0.0,3799,3435,Chen,Day
2024-07-03 03:57:00,L8,PM,1.0,8600,7909,Diya,Day
2024-11-03 03:01:00,L8,No issue,0.0,10897,10239,Chen,Day
2024-08-31 15:18:00,T2,Changeover,1.0,9248,9066,Ben,Night
2024-01-23 08:00:00,P1,No issue,0.0,1346,1330,Ben,Day
2024-02-28 01:08:00,T2,Breakdown,1.0,1968,1770,Chen,Day
2024-12-05 15:37:00,L9,Breakdown,1.0,11980,11061,Asha,Day
2024-07-18 05:26:00,T1,No issue,0.0,10138,9265,Ben,Day
2024-07-10 07:52:00,P1,PM,3.0,4523,3927,Diya,Day
2024-01-18 21:28:00,T2,Changeover,1.0,10451,10187,Unknown,Day
2024-04-28 19:11:00,T2,PM,1.0,2838,2814,Asha,Day
2024-12-16 22:55:00,T1,Quality stop,3.0,9204,8606,Asha,Day
2024-10-16 02:37:00,T2,No issue,0.0,1359,1357,Ben,Night
2024-11-07 01:10:00,T1,Quality stop,1.0,7682,7439,Diya,Day
2024-02-03 02:18:00,L9,Changeover,0.0,7185,6643,Evan,Day
2024-03-08 12:15:00,P1,No issue,0.0,9293,8086,Chen,Night
2024-02-07 12:57:00,T2,No issue,0.0,3122,2665,Unknown,Night
2024-08-15 11:15:00,T2,No issue,0.0,8655,8654,Diya,Night
2024-02-23 08:09:00,T1,Changeover,0.0,1407,1352,Ben,Night
2024-03-09 10:26:00,L8,Quality stop,1.0,237,232,Chen,Night
2024-12-02 02:25:00,T1,No issue,0.0,190,161,Chen,Day
2024-06-25 00:02:00,T2,Quality stop,2.0,1843,1640,Chen,Day
2024-02-27 22:08:00,T1,No issue,0.0,876,806,Asha,Night
2024-02-18 17:04:00,P1,PM,0.0,10504,9466,Diya,Day
2024-09-23 11:50:00,L9,No issue,0.0,5890,5337,Chen,Day
2024-12-21 14:56:00,P1,No issue,0.0,123,118,Chen,Day
2024-08-24 04:19:00,L8,Breakdown,4.0,2426,2387,Diya,Night
2024-05-10 23:27:00,L8,Breakdown,2.0,7232,6193,Chen,Day
2024-03-21 06:02:00,P1,Breakdown,1.0,5426,4735,Evan,Day
2024-08-02 18:02:00,T1,No issue,0.0,7112,6608,Ben,Day
2024-10-19 07:04:00,P1,No issue,0.0,11931,10495,Chen,Night
2024-09-23 10:33:00,L9,No issue,0.0,1542,1316,Diya,Day
2024-06-05 01:53:00,L8,Changeover,1.0,4349,3795,Unknown,Day
2024-06-01 15:49:00,P1,No issue,0.0,5478,4875,Chen,Night
2024-01-26 07:50:00,P1,Breakdown,0.0,1712,1563,Chen,Night
2024-05-11 01:13:00,L8,No issue,0.0,11261,10821,Asha,Day
2024-07-11 20:20:00,T1,No issue,0.0,3957,3499,Chen,Day
2024-02-11 12:28:00,T2,No issue,0.0,1175,1143,Evan,Day
2024-05-29 17:09:00,L9,No issue,0.0,8614,7330,Evan,Day
2024-09-17 18:36:00,P1,Changeover,1.0,40,37,Ben,Night
2024-10-02 14:39:00,T1,Breakdown,4.0,9710,9055,Asha,Day
2024-11-22 14:35:00,P1,No issue,0.0,1292,1104,Evan,Day
2024-04-30 15:19:00,T1,No issue,0.0,6468,6096,Asha,Night
2024-09-01 10:19:00,T1,Breakdown,1.0,8334,7263,Unknown,Night
2024-02-26 19:40:00,L8,Quality stop,1.0,9667,9521,Chen,Night
2024-01-25 10:14:00,T2,Changeover,1.0,1102,1021,Diya,Day
2024-12-14 15:13:00,L9,No issue,0.0,833,819,Evan,Night
2024-07-09 00:22:00,P1,Changeover,1.0,1047,969,Ben,Day
2024-10-23 04:16:00,T1,Breakdown,1.0,11643,10895,Asha,Day
2024-03-22 12:56:00,P1,PM,1.0,1603,1375,Ben,Day
2024-12-13 06:04:00,L9,No issue,0.0,8683,7904,Evan,Day
2024-05-21 17:54:00,P1,Changeover,0.0,10752,9711,Evan,Day
2024-06-14 23:16:00,T2,Breakdown,1.0,1935,1922,Chen,Day
2024-11-08 09:36:00,T1,No issue,0.0,4409,4076,Asha,Day
2024-03-27 08:52:00,L8,PM,1.0,5764,5499,Ben,Night
2024-11-17 18:43:00,P1,PM,0.0,4889,4464,Diya,Day
2024-10-24 21:43:00,T2,Changeover,2.0,295,291,Ben,Day
2024-02-01 00:58:00,T1,Breakdown,3.0,11583,10641,Asha,Day
2024-08-01 20:57:00,L8,No issue,0.0,4331,3985,Evan,Day
2024-10-26 05:30:00,P1,Breakdown,1.0,1928,1667,Unknown,Day
2024-01-03 03:57:00,T2,Breakdown,0.0,5473,5132,Asha,Night
2024-02-06 04:56:00,P1,Quality stop,0.0,9220,8342,Evan,Day
2024-07-15 22:44:00,P1,PM,0.0,7815,7609,Ben,Night
2024-09-07 02:07:00,L8,PM,4.0,7623,7522,Unknown,Night
2024-09-18 17:09:00,L9,No issue,0.0,11960,11203,Evan,Day
2024-11-15 19:13:00,L9,No issue,0.0,3258,2841,Chen,Night
2024-04-21 22:59:00,T1,Quality stop,1.0,2283,2050,Evan,Day
2024-01-30 23:26:00,T2,Quality stop,1.0,5751,4950,Diya,Day
2024-03-07 22:40:00,T2,Quality stop,1.0,3829,3390,Chen,Night
2024-08-01 05:36:00,L8,Breakdown,2.0,4833,4379,Ben,Day
2024-09-21 08:48:00,P1,Breakdown,3.0,9671,8649,Ben,Night
2024-11-20 09:19:00,T1,Breakdown,2.0,8485,8032,Chen,Day
2024-03-07 16:45:00,T2,PM,0.0,7271,7270,Chen,Night
2024-12-04 00:58:00,T1,No issue,0.0,8078,7083,Ben,Day
2024-06-17 18:27:00,T1,Changeover,0.0,4412,3884,Chen,Day
2024-09-07 19:27:00,L8,PM,0.0,1571,1419,Asha,Night
2024-09-05 23:23:00,L9,PM,0.0,9641,8957,Ben,Night
2024-09-24 08:13:00,L9,No issue,0.0,3468,3124,Diya,Night
2024-10-20 05:26:00,T2,No issue,0.0,4848,4458,Ben,Day
2024-04-16 13:24:00,P1,PM,0.0,6093,5264,Diya,Day
2024-10-13 14:17:00,T2,No issue,0.0,6633,5890,Diya,Night
2024-01-12 04:32:00,P1,PM,1.0,4533,3888,Chen,Day
2024-01-01 06:53:00,T1,Breakdown,2.0,9946,8609,Ben,Day
2024-10-31 22:44:00,L8,No issue,0.0,2806,2388,Unknown,Day
2024-09-20 16:53:00,L8,No issue,0.0,1854,1732,Ben,Day
2024-07-20 03:21:00,T1,Quality stop,1.0,421,387,Diya,Night
2024-02-24 02:42:00,P1,Breakdown,1.0,8347,8084,Chen,Day
2024-09-27 22:16:00,L9,No issue,0.0,4523,3880,Ben,Day
2024-12-03 16:21:00,P1,Breakdown,0.0,2953,2691,Ben,Day
2024-07-26 02:11:00,T2,Breakdown,0.0,4093,3524,Ben,Night
2024-03-31 05:01:00,P1,No issue,0.0,7319,6983,Chen,Night
2024-09-08 14:30:00,L8,No issue,0.0,3980,3562,Diya,Day
2024-12-10 08:25:00,P1,Quality stop,1.0,10454,9866,Diya,Night
2024-07-19 22:44:00,T1,PM,4.0,4361,3796,Evan,Night
2024-05-11 06:00:00,L9,Changeover,0.0,11454,11361,Ben,Day
2024-01-29 21:34:00,L8,PM,0.0,5695,5360,Chen,Day
2024-06-07 15:33:00,T2,Breakdown,1.0,1822,1551,Ben,Night
2024-09-07 14:28:00,P1,Changeover,4.0,4186,4159,Ben,Day
2024-04-04 09:46:00,L9,Changeover,1.0,1802,1724,Asha,Night
2024-09-09 13:49:00,T1,No issue,0.0,5776,5176,Chen,Day
2024-10-08 02:49:00,P1,PM,1.0,4837,4691,Asha,Day
2024-12-30 17:45:00,T1,Quality stop,0.0,10946,10133,Chen,Night
2024-02-09 23:08:00,T2,No issue,0.0,4337,3930,Asha,Night
2024-07-10 22:56:00,T2,PM,1.0,1088,946,Asha,Night
2024-09-09 18:35:00,T2,No issue,0.0,648,608,Evan,Night
2024-08-09 11:19:00,P1,Quality stop,3.0,6849,6532,Chen,Night
2024-07-03 01:17:00,L9,Changeover,0.0,10193,9250,Evan,Day
2024-11-16 09:21:00,T2,No issue,0.0,2958,2671,Diya,Day
2024-02-21 03:30:00,T1,No issue,0.0,6798,6582,Evan,Day
2024-08-25 11:20:00,P1,Breakdown,0.0,7794,7270,Asha,Night
2024-06-14 05:12:00,L9,Changeover,0.0,6911,6574,Diya,Night
2024-07-01 22:38:00,T2,Breakdown,2.0,2730,2601,Ben,Night
2024-03-23 06:22:00,L8,PM,4.0,2070,1887,Diya,Day
2024-07-14 18:23:00,P1,No issue,0.0,4618,4358,Chen,Night
2024-01-13 14:56:00,L9,Quality stop,0.0,2193,2091,Diya,Day
2024-02-28 16:01:00,L8,No issue,0.0,10907,9434,Ben,Night
2024-05-22 21:37:00,T1,No issue,0.0,2306,2022,Asha,Day
2024-09-27 13:30:00,L9,PM,3.0,8121,7747,Ben,Day
2024-11-13 03:57:00,P1,PM,1.0,6774,5852,Diya,Day
2024-07-12 06:50:00,P1,PM,0.0,11053,10395,Evan,Day
2024-08-18 18:53:00,T2,Quality stop,1.0,7963,7061,Chen,Night
2024-02-28 01:38:00,T1,Breakdown,4.0,3727,3585,Ben,Day
2024-01-04 14:28:00,T2,No issue,0.0,7536,7171,Asha,Night
2024-04-17 22:24:00,L9,Changeover,1.0,10389,9441,Diya,Night
2024-06-11 10:22:00,L8,No issue,0.0,5146,4894,Chen,Day
2024-01-03 14:10:00,L8,No issue,0.0,3698,3478,Diya,Day
2024-07-08 16:02:00,L9,Breakdown,0.0,4438,4265,Unknown,Day
2024-08-22 11:29:00,P1,PM,0.0,95,86,Ben,Day
2024-11-25 22:57:00,T2,No issue,0.0,7318,6733,Chen,Day
2024-08-26 04:12:00,T2,Quality stop,1.0,11227,10340,Ben,Day
2024-04-26 05:15:00,P1,No issue,0.0,2061,1980,Evan,Day
2024-11-25 09:16:00,T2,No issue,0.0,8051,7258,Chen,Night
2024-10-25 22:43:00,T2,Breakdown,0.0,11839,10967,Chen,Day
2024-11-26 09:57:00,P1,Breakdown,0.0,5518,5021,Ben,Night
2024-09-02 07:05:00,T2,Breakdown,2.0,11147,10137,Asha,Night
2024-02-06 02:50:00,L9,Changeover,0.0,5127,4435,Evan,Night
2024-08-26 02:26:00,T2,Breakdown,2.0,6801,6080,Ben,Night
2024-10-10 11:48:00,T1,Breakdown,2.0,4033,3920,Diya,Day
2024-08-31 22:03:00,T1,PM,1.0,9703,9271,Unknown,Day
2024-11-04 07:43:00,P1,Changeover,0.0,4453,4416,Ben,Night
2024-06-19 01:32:00,P1,Breakdown,1.0,6206,5827,Chen,Night
2024-05-17 04:11:00,L8,Changeover,1.0,2565,2453,Chen,Day
2024-06-09 15:23:00,L8,Quality stop,0.0,6941,6366,Evan,Night
2024-12-11 08:04:00,T1,PM,0.0,1400,1323,Unknown,Day
2024-11-15 08:33:00,T2,PM,1.0,10026,8755,Asha,Night
2024-04-23 23:34:00,P1,Quality stop,1.0,6256,6209,Evan,Night
2024-08-21 16:32:00,P1,Quality stop,1.0,2839,2599,Diya,Day
2024-03-01 05:34:00,T2,Changeover,0.0,9305,8656,Ben,Day
2024-03-05 11:31:00,P1,No issue,0.0,3642,3494,Ben,Day
2024-05-30 00:36:00,T1,PM,2.0,9537,8550,Evan,Day
2024-05-22 16:50:00,T1,No issue,0.0,9525,8722,Evan,Day
2024-08-23 08:54:00,T1,No issue,0.0,11629,10934,Diya,Day
2024-06-22 01:09:00,T2,No issue,0.0,5195,5073,Chen,Day
2024-08-04 03:10:00,L9,Breakdown,1.0,10927,9641,Chen,Night
2024-09-18 01:08:00,T1,No issue,0.0,915,900,Diya,Day
2024-12-08 02:03:00,L9,Breakdown,4.0,8949,8382,Ben,Day
2024-12-27 14:34:00,L9,No issue,0.0,4509,4001,Evan,Night
2024-12-03 05:56:00,L8,No issue,0.0,8901,8247,Chen,Day
2024-05-01 06:49:00,L8,Breakdown,0.0,4493,4473,Evan,Day
2024-09-11 01:59:00,L9,No issue,0.0,11450,10877,Ben,Night
2024-04-29 11:47:00,P1,Breakdown,0.0,5366,5224,Asha,Night
2024-03-01 22:31:00,P1,Breakdown,0.0,11,10,Evan,Day
2024-04-20 20:53:00,T1,Breakdown,0.0,8839,8014,Chen,Day
2024-09-17 06:48:00,T2,PM,1.0,457,415,Chen,Day
2024-10-13 19:11:00,L9,Quality stop,1.0,494,430,Evan,Night
2024-05-14 04:12:00,P1,Breakdown,2.0,9349,8560,Chen,Night
2024-04-28 01:30:00,L9,No issue,0.0,2827,2568,Ben,Night
2024-09-25 17:13:00,P1,Quality stop,0.0,3567,3396,Chen,Night
2024-07-03 04:03:00,P1,PM,0.0,6210,5853,Asha,Night
2024-09-09 12:47:00,L9,Changeover,0.0,5218,5054,Ben,Day
2024-02-21 16:45:00,T2,Changeover,2.0,1024,964,Chen,Day
2024-03-31 10:40:00,T2,No issue,0.0,5314,4794,Evan,Day
2024-12-13 21:15:00,L8,Quality stop,3.0,1107,1073,Diya,Night
2024-10-13 08:28:00,L8,Changeover,1.0,132,122,Diya,Night
2024-03-14 05:50:00,L8,Quality stop,0.0,3741,3210,Ben,Day
2024-12-18 14:31:00,L9,Breakdown,1.0,4591,4127,Asha,Night
2024-04-22 14:27:00,T2,Breakdown,1.0,10290,9878,Asha,Day
2024-11-20 12:26:00,T1,No issue,0.0,1305,1274,Evan,Night
2024-12-28 00:54:00,L9,No issue,0.0,3023,3019,Chen,Day
2024-04-30 07:15:00,P1,PM,1.0,7791,7014,Ben,Day
2024-01-02 03:31:00,T1,PM,1.0,2164,2147,Evan,Day
2024-06-08 16:43:00,P1,Breakdown,0.0,1613,1525,Evan,Night
2024-04-07 15:46:00,L8,No issue,0.0,9580,8875,Asha,Day
2024-05-12 12:11:00,L8,Breakdown,0.0,8970,8310,Asha,Day
2024-06-08 22:35:00,T1,PM,1.0,9850,8946,Unknown,Day
2024-08-30 04:49:00,P1,No issue,0.0,7472,6725,Chen,Night
2024-09-10 03:57:00,L8,Breakdown,0.0,4296,3966,Evan,Night
2024-04-25 10:48:00,L8,PM,0.0,5727,5485,Evan,Night
2024-08-25 14:47:00,L9,No issue,0.0,8960,8313,Chen,Day
2024-12-07 09:39:00,T1,No issue,0.0,9416,9299,Evan,Night
2024-02-11 15:54:00,L8,PM,0.0,843,771,Chen,Night
2024-05-20 18:52:00,L8,No issue,0.0,2390,2099,Evan,Night
2024-08-15 07:10:00,T2,No issue,0.0,9800,9465,Diya,Day
2024-11-03 09:19:00,P1,No issue,0.0,10800,10353,Chen,Day
2024-08-04 03:40:00,T2,Quality stop,1.0,1758,1536,Chen,Night
2024-05-21 19:02:00,L9,No issue,0.0,11324,10385,Diya,Day
2024-05-11 19:14:00,P1,PM,0.0,11920,11904,Chen,Night
2024-03-03 04:56:00,T1,No issue,0.0,624,607,Diya,Day
2024-04-29 07:23:00,P1,Quality stop,0.0,10315,9945,Unknown,Night
2024-12-18 16:20:00,T1,No issue,0.0,1489,1347,Diya,Night
2024-10-09 02:10:00,P1,Changeover,0.0,2909,2735,Ben,Day
2024-02-29 13:15:00,T1,No issue,0.0,5950,5353,Ben,Day
2024-03-04 18:45:00,T1,No issue,0.0,2356,2333,Ben,Day
2024-12-02 14:12:00,L9,No issue,0.0,6018,5254,Asha,Night
2024-02-08 10:29:00,T1,No issue,0.0,7319,7145,Chen,Day
2024-06-20 09:25:00,P1,No issue,0.0,11444,11334,Ben,Day
2024-01-21 20:38:00,T1,Breakdown,0.0,2725,2359,Evan,Night
2024-01-22 20:55:00,T1,No issue,0.0,10087,10002,Chen,Day
2024-02-16 02:22:00,L8,No issue,0.0,6131,5350,Ben,Day
2024-03-27 21:40:00,T1,No issue,0.0,123,116,Asha,Night
2024-02-23 13:42:00,L9,Quality stop,3.0,1852,1681,Ben,Night
2024-03-29 18:59:00,T2,PM,1.0,10005,9289,Evan,Night
2024-03-13 13:20:00,P1,Breakdown,1.0,2486,2349,Asha,Night
2024-10-01 09:40:00,L8,No issue,0.0,1704,1575,Ben,Day
2024-10-16 21:14:00,T2,PM,1.0,8806,7821,Ben,Day
2024-08-14 14:04:00,L8,Breakdown,0.0,585,576,Diya,Night
2024-10-19 22:39:00,T1,No issue,0.0,8707,7746,Asha,Night
2024-06-10 16:50:00,L9,Breakdown,1.0,9940,9340,Asha,Day
2024-09-13 11:04:00,T1,PM,4.0,7111,6584,Ben,Night
2024-05-08 02:40:00,L8,No issue,0.0,369,368,Chen,Night
2024-12-06 06:00:00,T2,No issue,0.0,5780,5755,Unknown,Day
2024-02-23 15:29:00,T1,No issue,0.0,2002,1849,Diya,Night
2024-03-21 04:19:00,T1,Breakdown,1.0,1667,1456,Chen,Day
2024-12-01 21:58:00,L9,Changeover,1.0,10977,10327,Evan,Day
2024-03-26 19:52:00,T1,Changeover,1.0,1601,1498,Diya,Day
2024-03-17 18:54:00,L8,Breakdown,0.0,6464,6414,Chen,Day
2024-04-10 07:26:00,L8,No issue,0.0,5295,4958,Evan,Day
2024-01-07 00:47:00,T2,Breakdown,0.0,6396,5999,Asha,Day
2024-05-18 13:29:00,P1,No issue,0.0,10755,9415,Diya,Night
2024-08-15 18:22:00,T2,PM,0.0,5219,5204,Asha,Day
2024-12-13 04:33:00,T1,PM,0.0,3330,3230,Ben,Day
2024-05-22 15:22:00,L8,Breakdown,0.0,11610,11607,Evan,Day
2024-06-09 19:07:00,T1,No issue,0.0,8749,7506,Evan,Day
2024-03-10 04:04:00,T2,No issue,0.0,7072,6472,Ben,Night
2024-08-02 16:37:00,L9,PM,0.0,6140,6118,Asha,Day
2024-09-30 14:56:00,L9,No issue,0.0,2911,2751,Evan,Day
2024-11-03 08:01:00,T1,PM,2.0,8027,7529,Chen,Night
2024-10-15 05:37:00,T1,PM,1.0,9417,8350,Diya,Night
2024-06-04 05:00:00,P1,Breakdown,0.0,2601,2514,Evan,Night
2024-07-09 13:00:00,L8,Changeover,2.0,11410,10881,Asha,Night
2024-05-27 15:09:00,T2,Breakdown,1.0,10801,9542,Diya,Day
2024-06-24 03:04:00,L8,No issue,0.0,3650,3334,Diya,Day
2024-01-03 05:20:00,L9,PM,0.0,1369,1337,Asha,Day
2024-06-24 11:21:00,T1,No issue,0.0,9686,8991,Ben,Day
2024-04-16 01:36:00,T1,PM,4.0,2188,2021,Diya,Night
2024-06-01 22:02:00,P1,No issue,0.0,8312,7349,Evan,Day
2024-01-27 03:12:00,L9,PM,1.0,3925,3339,Chen,Day
2024-03-31 12:49:00,L9,No issue,0.0,4700,4465,Evan,Night
2024-11-05 12:08:00,L9,No issue,0.0,3376,3109,Asha,Day
2024-01-27 15:41:00,T1,No issue,0.0,9215,8421,Chen,Day
2024-02-28 07:32:00,T1,Breakdown,0.0,1547,1385,Unknown,Day
2024-12-05 00:19:00,T1,Breakdown,1.0,10089,9684,Asha,Day
2024-07-21 22:16:00,L8,Breakdown,3.0,11659,11421,Chen,Night
2024-08-06 18:58:00,L9,Breakdown,1.0,6176,6045,Ben,Day
2024-06-30 06:00:00,L8,Breakdown,2.0,1835,1747,Evan,Night
2024-02-26 18:02:00,L9,PM,1.0,1034,932,Unknown,Day
2024-05-02 01:24:00,L8,PM,0.0,11945,10872,Chen,Day
2024-01-15 05:45:00,T2,No issue,0.0,8224,7828,Evan,Day
2024-03-15 12:35:00,L9,Breakdown,4.0,4699,4407,Diya,Night
2024-12-01 23:08:00,T1,PM,2.0,2621,2258,Evan,Day
2024-10-13 11:58:00,L8,Changeover,0.0,3406,3354,Ben,Day
2024-08-25 08:40:00,T2,No issue,0.0,3594,3176,Evan,Day
2024-12-15 15:30:00,L9,Breakdown,0.0,2715,2485,Asha,Night
2024-12-23 15:38:00,L9,Breakdown,0.0,9776,8940,Ben,Day
2024-08-21 16:30:00,T2,No issue,0.0,4778,4747,Evan,Day
2024-04-19 08:53:00,L9,No issue,0.0,3431,3020,Chen,Day
2024-03-14 10:36:00,T1,PM,1.0,2282,2069,Evan,Night
2024-04-09 05:04:00,T1,PM,1.0,1951,1907,Evan,Day
2024-01-11 10:21:00,T1,Breakdown,4.0,11552,11298,Diya,Day
2024-04-04 03:05:00,T1,Breakdown,0.0,6755,6081,Chen,Day
2024-08-06 14:48:00,L9,Quality stop,4.0,5892,5485,Evan,Day
2024-02-11 08:57:00,L9,No issue,0.0,10373,10014,Asha,Day
2024-12-12 10:18:00,T2,No issue,0.0,6993,5972,Evan,Night
2024-10-30 06:37:00,L9,No issue,0.0,3435,3367,Diya,Night
2024-05-03 05:33:00,T2,No issue,0.0,677,628,Chen,Day
2024-01-14 08:54:00,T2,PM,2.0,9023,8844,Asha,Day
2024-04-23 09:43:00,T1,PM,0.0,11123,9652,Asha,Night
2024-05-28 08:52:00,T2,PM,1.0,11983,11451,Chen,Night
2024-05-07 22:33:00,T1,PM,0.0,11422,10642,Chen,Day
2024-03-21 22:37:00,T1,No issue,0.0,5308,4764,Ben,Day
2024-08-22 19:25:00,L8,No issue,0.0,11614,10190,Diya,Day
2024-08-06 23:19:00,T2,PM,4.0,10968,10834,Ben,Night
2024-01-15 19:49:00,L9,No issue,0.0,5021,5017,Asha,Day
2024-03-13 17:30:00,P1,PM,1.0,10454,9305,Evan,Night
2024-03-07 22:04:00,L8,PM,1.0,3503,2989,Chen,Day
2024-01-13 03:08:00,P1,No issue,0.0,6525,6076,Chen,Night
2024-06-28 17:32:00,P1,Breakdown,2.0,6844,6226,Diya,Day
2024-10-07 13:09:00,T1,No issue,0.0,11657,10265,Chen,Day
2024-05-29 06:26:00,L9,Breakdown,1.0,9353,8023,Ben,Day
2024-01-06 21:37:00,T2,Breakdown,0.0,7219,6768,Ben,Day
2024-04-09 19:15:00,T1,No issue,0.0,10427,10409,Diya,Day
2024-12-07 08:13:00,T2,Changeover,0.0,8600,7831,Evan,Day
2024-10-07 05:42:00,T2,No issue,0.0,11665,10874,Unknown,Night
2024-11-13 20:06:00,T1,PM,2.0,11974,10857,Asha,Night
2024-10-21 19:53:00,P1,Breakdown,1.0,11329,10507,Diya,Day
2024-08-13 10:17:00,T1,Quality stop,1.0,1163,1121,Ben,Day
2024-07-03 03:25:00,P1,Changeover,2.0,8959,8413,Chen,Day
2024-07-24 15:43:00,T1,PM,1.0,10110,10048,Ben,Day
2024-05-31 22:58:00,L8,No issue,0.0,6096,5329,Evan,Night
2024-07-21 12:31:00,P1,No issue,0.0,7076,6059,Asha,Day
2024-10-29 12:46:00,T1,No issue,0.0,7809,6824,Diya,Night
2024-06-12 21:37:00,T1,No issue,0.0,3806,3495,Ben,Day
2024-10-18 06:45:00,P1,PM,0.0,3688,3145,Chen,Day
2024-10-25 03:17:00,T1,Changeover,1.0,6840,6299,Asha,Night
2024-05-17 23:14:00,T1,No issue,0.0,8220,7119,Evan,Day
2024-09-07 22:54:00,L8,PM,0.0,1916,1748,Diya,Day
2024-04-01 12:37:00,T2,Breakdown,2.0,5317,4570,Chen,Day
2024-09-04 01:00:00,P1,Breakdown,0.0,7366,7342,Ben,Night
2024-12-25 22:42:00,T2,No issue,0.0,3350,3294,Asha,Night
2024-03-04 03:06:00,L8,PM,1.0,5374,5175,Diya,Day
2024-06-26 18:51:00,T2,Breakdown,0.0,6048,5334,Chen,Day
2024-05-22 19:37:00,P1,No issue,0.0,11907,10364,Asha,Day
2024-03-09 06:41:00,L8,Breakdown,1.0,3443,2939,Evan,Day
2024-03-11 00:52:00,T2,PM,1.0,3353,2865,Asha,Day
2024-06-04 18:45:00,L9,Breakdown,0.0,7454,7073,Asha,Day
2024-04-08 12:02:00,L8,No issue,0.0,9943,9431,Asha,Day
2024-11-26 20:48:00,P1,No issue,0.0,2360,2028,Diya,Day
2024-10-23 19:33:00,L9,No issue,0.0,5990,5852,Diya,Night
2024-10-08 19:03:00,T1,Quality stop,1.0,9519,8469,Ben,Day
2024-01-16 13:36:00,T2,PM,0.0,6521,6312,Ben,Day
2024-09-13 20:44:00,L8,PM,0.0,1267,1186,Ben,Night
2024-03-06 21:14:00,P1,No issue,0.0,4526,4461,Evan,Night
2024-02-08 04:26:00,L8,PM,0.0,3144,2708,Chen,Night
2024-01-08 02:54:00,P1,PM,0.0,5049,4717,Ben,Night
2024-06-07 19:20:00,P1,No issue,0.0,11077,9658,Evan,Night
2024-04-22 06:04:00,P1,Breakdown,0.0,11000,10856,Evan,Night
2024-03-29 10:35:00,L8,No issue,0.0,3137,2727,Unknown,Day
2024-11-02 08:13:00,L9,PM,1.0,7955,7725,Chen,Day
2024-02-17 00:01:00,L9,No issue,0.0,347,306,Diya,Day
2024-08-17 07:11:00,P1,Breakdown,1.0,3244,3095,Ben,Day
2024-09-30 21:08:00,P1,Breakdown,2.0,2050,1784,Ben,Night
2024-01-16 15:23:00,L9,Breakdown,2.0,3363,2913,Unknown,Day
2024-04-13 21:57:00,L9,No issue,0.0,8825,8380,Chen,Day
2024-01-26 13:31:00,L8,No issue,0.0,9809,9705,Asha,Day
2024-07-04 18:19:00,P1,No issue,0.0,8940,8187,Chen,Day
2024-07-06 03:02:00,T1,No issue,0.0,9891,9580,Diya,Day
2024-01-20 16:30:00,P1,No issue,0.0,11003,10755,Diya,Day
2024-10-13 09:59:00,T2,Changeover,1.0,3789,3393,Chen,Night
2024-10-01 18:52:00,L8,Changeover,0.0,5645,4818,Chen,Day
2024-06-29 17:09:00,L8,No issue,0.0,1500,1400,Diya,Day
2024-07-18 14:53:00,L9,Quality stop,1.0,3594,3390,Asha,Night
2024-12-28 03:23:00,T2,No issue,0.0,7564,7533,Evan,Night
2024-12-10 11:11:00,T1,Breakdown,1.0,11638,11371,Chen,Night
2024-12-04 19:01:00,P1,Breakdown,2.0,4733,4519,Ben,Night
2024-01-06 05:08:00,P1,Quality stop,1.0,3974,3498,Evan,Day
2024-08-13 11:58:00,T1,Breakdown,0.0,5330,4725,Chen,Day
2024-03-20 00:08:00,L9,Breakdown,0.0,3448,3280,Ben,Night
2024-08-12 16:53:00,P1,No issue,0.0,7463,7430,Ben,Day
2024-09-21 05:54:00,T2,Changeover,1.0,10074,9759,Evan,Night
2024-07-26 07:36:00,T1,Breakdown,3.0,10010,8691,Diya,Night
2024-02-22 16:44:00,T1,Breakdown,1.0,9623,8344,Ben,Night
2024-01-25 01:30:00,T1,No issue,0.0,11337,10565,Chen,Day
2024-03-30 04:21:00,L9,Breakdown,0.0,1462,1266,Unknown,Day
2024-01-06 16:49:00,T2,Breakdown,1.0,9019,8918,Ben,Day
2024-02-01 22:59:00,L9,PM,0.0,4575,4264,Ben,Day
2024-02-13 21:16:00,P1,No issue,0.0,6954,6894,Ben,Day
2024-11-17 14:43:00,P1,No issue,0.0,7332,6497,Asha,Day
2024-02-15 14:50:00,L8,No issue,0.0,2473,2173,Unknown,Night
2024-07-09 22:39:00,L9,PM,0.0,378,339,Diya,Day
2024-03-02 22:55:00,L8,No issue,0.0,10923,9477,Diya,Day
2024-04-18 10:05:00,T1,Quality stop,4.0,6970,6191,Evan,Night
2024-04-20 15:51:00,P1,No issue,0.0,6578,6134,Unknown,Night
2024-12-19 16:13:00,L8,Breakdown,0.0,5374,4611,Unknown,Night
2024-07-25 03:27:00,L9,Breakdown,0.0,10545,9670,Diya,Night
2024-04-09 12:33:00,P1,Breakdown,4.0,99,93,Diya,Day
2024-06-23 11:42:00,T2,No issue,0.0,5674,5656,Ben,Day
2024-08-18 16:57:00,L8,No issue,0.0,9868,9397,Chen,Day
2024-10-24 17:20:00,P1,No issue,0.0,10701,10122,Ben,Day
2024-02-25 18:10:00,L9,Quality stop,0.0,5180,5036,Evan,Day
2024-11-06 08:47:00,T2,Changeover,2.0,10764,9151,Asha,Day
2024-10-24 10:27:00,T1,Quality stop,3.0,10645,9366,Unknown,Day
2024-05-04 22:46:00,L8,Breakdown,1.0,10147,8946,Diya,Night
2024-07-25 18:52:00,L8,PM,1.0,9277,9266,Asha,Day
2024-09-28 02:32:00,L8,PM,4.0,9782,9207,Ben,Night
2024-06-22 04:08:00,P1,No issue,0.0,8946,7861,Chen,Night
2024-06-02 23:17:00,T2,Changeover,1.0,10603,9718,Asha,Night
2024-03-11 19:04:00,L9,Breakdown,3.0,4968,4879,Unknown,Day
2024-11-23 09:09:00,L8,PM,0.0,7158,6688,Evan,Day
2024-03-26 04:41:00,T1,No issue,0.0,7029,6709,Ben,Day
2024-08-25 00:30:00,P1,No issue,0.0,10872,9384,Evan,Day
2024-10-20 16:06:00,L8,PM,1.0,1398,1258,Ben,Night
2024-11-16 02:46:00,T1,PM,0.0,351,344,Diya,Day
2024-09-26 10:27:00,T1,Breakdown,2.0,10502,9152,Chen,Night
2024-10-06 05:37:00,L8,Changeover,1.0,4735,4563,Ben,Night
2024-02-22 02:57:00,P1,No issue,0.0,7339,6275,Ben,Night
2024-03-28 20:18:00,L9,Changeover,3.0,5927,5054,Diya,Day
2024-02-26 16:09:00,P1,No issue,0.0,10620,9277,Evan,Night
2024-07-18 11:36:00,L8,PM,0.0,5998,5953,Asha,Night
2024-09-24 03:10:00,T2,Breakdown,1.0,7786,7285,Ben,Night
2024-05-01 00:01:00,P1,No issue,0.0,8381,7247,Evan,Day
2024-04-02 22:36:00,P1,Breakdown,2.0,4752,4305,Unknown,Night
2024-10-01 13:06:00,L8,Changeover,0.0,9078,7968,Ben,Night
2024-10-18 20:35:00,P1,PM,1.0,1427,1277,Evan,Day
2024-08-30 13:50:00,T1,No issue,0.0,7884,6801,Ben,Day
2024-05-05 22:28:00,L9,No issue,0.0,6393,5580,Chen,Day
2024-02-19 01:59:00,L8,No issue,0.0,11502,11019,Ben,Day
2024-09-18 16:57:00,P1,No issue,0.0,8983,8231,Unknown,Day
2024-07-03 00:12:00,L9,Quality stop,2.0,5290,4974,Diya,Night
2024-03-29 05:46:00,L9,Breakdown,0.0,8104,8080,Chen,Day
2024-01-23 12:54:00,T1,Breakdown,3.0,7031,6968,Diya,Day
2024-03-08 14:37:00,P1,Quality stop,1.0,8634,8371,Asha,Night
2024-05-11 16:20:00,L9,Breakdown,1.0,1588,1526,Chen,Night
2024-06-28 21:46:00,P1,No issue,0.0,3851,3663,Diya,Day
2024-01-14 09:42:00,L8,No issue,0.0,2067,1848,Chen,Night
2024-07-11 04:21:00,T2,Breakdown,0.0,8938,8808,Ben,Day
2024-03-09 21:06:00,L8,Breakdown,2.0,6919,6112,Chen,Night
2024-09-04 08:02:00,L9,No issue,0.0,5079,4934,Ben,Day
2024-03-14 04:06:00,T2,Breakdown,0.0,10378,8944,Ben,Day
2024-07-24 17:44:00,P1,No issue,0.0,5389,4858,Chen,Night
2024-10-11 11:34:00,P1,No issue,0.0,93,85,Diya,Day
2024-07-13 00:23:00,L8,PM,1.0,6902,6769,Evan,Night
2024-06-07 15:41:00,L8,No issue,0.0,11562,9831,Chen,Day
2024-11-05 04:12:00,L9,No issue,0.0,2705,2470,Diya,Night
2024-11-12 22:40:00,P1,PM,4.0,6338,5675,Evan,Day
2024-05-13 01:30:00,P1,No issue,0.0,8973,8887,Asha,Day
2024-02-26 04:34:00,T1,No issue,0.0,5046,4498,Ben,Day
2024-02-05 17:38:00,P1,Breakdown,0.0,7835,7475,Unknown,Night
2024-01-21 18:19:00,P1,Breakdown,1.0,1651,1472,Evan,Night
2024-10-27 14:24:00,L8,No issue,0.0,8627,8257,Ben,Night
2024-05-05 08:17:00,L8,Changeover,1.0,1497,1357,Diya,Day
2024-01-26 18:09:00,L8,No issue,0.0,2963,2538,Ben,Day
2024-07-29 02:25:00,L8,No issue,0.0,3485,3115,Asha,Day
2024-07-21 01:09:00,T1,No issue,0.0,4103,4086,Diya,Night
2024-02-29 21:30:00,P1,Changeover,2.0,7014,6476,Asha,Day
2024-06-11 04:38:00,L8,Quality stop,0.0,3993,3539,Chen,Day
2024-02-09 11:08:00,P1,PM,0.0,4894,4273,Chen,Day
2024-02-09 08:54:00,L8,No issue,0.0,4118,3923,Ben,Night
2024-10-29 08:14:00,T2,Quality stop,1.0,9687,9213,Ben,Night
2024-06-10 18:33:00,L8,Breakdown,2.0,3094,2921,Unknown,Day
2024-06-03 04:19:00,L9,Breakdown,0.0,181,175,Asha,Day
2024-08-25 06:56:00,L8,No issue,0.0,7035,6839,Evan,Night
2024-07-05 04:41:00,T2,Quality stop,4.0,8727,8073,Ben,Night
2024-02-09 03:22:00,L9,PM,1.0,474,471,Chen,Day
2024-12-27 14:38:00,T2,Quality stop,0.0,9779,8400,Ben,Night
2024-08-18 13:23:00,P1,Breakdown,1.0,9328,8077,Diya,Night
2024-09-03 10:49:00,T1,Changeover,0.0,5510,5255,Diya,Day
2024-05-27 18:58:00,L8,PM,4.0,7663,7248,Diya,Day
2024-06-14 16:48:00,P1,No issue,0.0,7049,6696,Unknown,Day
2024-10-03 03:59:00,T1,Changeover,4.0,8313,7090,Evan,Day
2024-07-08 02:56:00,P1,PM,0.0,11582,10012,Asha,Night
2024-01-18 01:43:00,T2,PM,4.0,11085,10144,Ben,Night
2024-10-05 03:53:00,L9,PM,1.0,7905,6767,Diya,Day
2024-05-11 14:00:00,P1,PM,1.0,7561,7005,Evan,Night
2024-12-26 04:22:00,L8,Quality stop,1.0,8903,8432,Ben,Day
2024-09-21 21:38:00,L8,No issue,0.0,10892,10873,Chen,Night
2024-10-27 11:39:00,L9,Breakdown,1.0,10583,10545,Diya,Night
2024-05-12 16:58:00,T1,Changeover,0.0,11936,11490,Diya,Night
2024-04-25 19:50:00,T2,No issue,0.0,11792,11570,Ben,Night
2024-05-15 21:43:00,L9,Quality stop,0.0,11167,10637,Chen,Day
2024-10-02 08:57:00,L9,Breakdown,0.0,9775,9708,Asha,Day
2024-02-21 14:45:00,T2,No issue,0.0,8299,7939,Ben,Night
2024-05-28 23:24:00,T2,PM,1.0,9479,8374,Asha,Night
2024-08-20 04:01:00,T1,No issue,0.0,2008,1897,Diya,Night
2024-04-13 10:16:00,P1,No issue,0.0,7265,7034,Ben,Day
2024-07-19 18:42:00,P1,No issue,0.0,8957,8452,Diya,Night
2024-04-13 16:55:00,T1,No issue,0.0,3467,3128,Unknown,Night
2024-04-30 18:48:00,T1,PM,0.0,1111,1065,Evan,Day
2024-06-07 20:18:00,L9,Breakdown,0.0,918,848,Diya,Night
2024-04-25 16:29:00,L8,No issue,0.0,5614,4834,Chen,Day
2024-03-20 09:51:00,T2,Breakdown,2.0,6539,6121,Chen,Day
2024-02-14 07:29:00,P1,No issue,0.0,7118,6548,Diya,Day
2024-01-14 23:28:00,P1,Changeover,0.0,7517,7402,Ben,Night
2024-08-28 05:43:00,L8,Changeover,3.0,10537,10377,Asha,Day
2024-04-13 13:46:00,P1,No issue,0.0,9389,9020,Diya,Day
2024-07-03 03:02:00,P1,Breakdown,1.0,1478,1385,Ben,Night
2024-02-04 16:20:00,T1,Changeover,0.0,5830,5370,Chen,Day
2024-06-09 08:52:00,T2,Breakdown,3.0,2716,2434,Ben,Day
2024-11-29 17:26:00,T1,Breakdown,1.0,3955,3866,Diya,Day
2024-07-02 10:52:00,T2,No issue,0.0,3469,3162,Unknown,Day
2024-02-23 03:54:00,T2,PM,2.0,3550,3387,Chen,Night
2024-02-03 04:36:00,T2,Changeover,2.0,5397,4861,Ben,Day
2024-01-10 09:33:00,T2,No issue,0.0,4203,3874,Ben,Day
2024-10-29 11:15:00,T1,PM,0.0,2257,2126,Asha,Night
2024-03-05 19:09:00,P1,No issue,0.0,9234,8085,Unknown,Day
2024-07-10 19:05:00,T2,Changeover,2.0,5399,5366,Diya,Day
2024-06-02 16:26:00,P1,Breakdown,2.0,4366,4120,Unknown,Day
2024-04-19 22:47:00,P1,No issue,0.0,7430,6862,Ben,Day
2024-06-22 21:16:00,P1,No issue,0.0,6021,5556,Ben,Day
2024-12-01 14:45:00,P1,No issue,0.0,914,838,Evan,Day
2024-12-13 10:41:00,T2,Breakdown,1.0,8120,6999,Asha,Day
2024-05-05 04:53:00,L8,No issue,0.0,7917,7470,Asha,Day
2024-02-01 20:38:00,T1,Quality stop,0.0,8274,7064,Diya,Day
2024-12-08 00:05:00,T1,PM,2.0,6153,5566,Diya,Day
2024-05-10 01:12:00,T2,Breakdown,0.0,11305,9881,Asha,Day
2024-08-08 04:31:00,T1,No issue,0.0,2776,2632,Ben,Night
2024-11-29 02:07:00,T1,PM,0.0,6021,5565,Ben,Night
2024-04-07 10:04:00,T1,Quality stop,1.0,7112,6892,Unknown,Night
2024-12-16 12:59:00,T2,Breakdown,4.0,9238,8611,Diya,Day
2024-01-26 02:29:00,P1,No issue,0.0,2638,2588,Evan,Day
2024-09-02 22:04:00,L8,PM,1.0,3175,2731,Asha,Night
2024-06-21 12:12:00,L8,PM,0.0,3832,3447,Chen,Day
2024-10-20 17:10:00,P1,Quality stop,0.0,1716,1573,Diya,Day
2024-06-23 14:40:00,L9,Changeover,1.0,1658,1641,Unknown,Day
2024-05-25 09:49:00,P1,Changeover,0.0,1263,1218,Asha,Night
2024-04-29 09:30:00,L8,No issue,0.0,1463,1266,Evan,Night
2024-01-29 03:24:00,T2,No issue,0.0,9911,9398,Evan,Day
2024-09-18 11:37:00,L8,Quality stop,0.0,11505,10694,Ben,Day
2024-04-23 08:10:00,P1,No issue,0.0,3983,3780,Asha,Day
2024-09-01 11:59:00,P1,Breakdown,0.0,1483,1471,Asha,Day
2024-08-10 04:30:00,P1,No issue,0.0,7408,7322,Ben,Night
2024-03-03 06:00:00,L8,Breakdown,2.0,6658,6379,Evan,Day
2024-07-03 05:55:00,T1,No issue,0.0,4124,3603,Chen,Day
2024-12-11 04:18:00,T2,Breakdown,0.0,7359,7046,Asha,Day
2024-04-04 17:46:00,L9,PM,2.0,1404,1357,Evan,Day
2024-02-02 08:41:00,L8,No issue,0.0,7379,6764,Ben,Night
2024-03-29 16:39:00,T1,Breakdown,2.0,1973,1679,Diya,Night
2024-08-14 20:56:00,T1,No issue,0.0,11499,10578,Asha,Day
2024-08-18 19:13:00,T2,PM,0.0,3473,3007,Ben,Day
2024-05-26 21:50:00,L8,PM,1.0,7088,6243,Asha,Day
2024-08-21 06:12:00,L9,Breakdown,0.0,11064,10305,Chen,Day
2024-06-14 19:22:00,L8,PM,1.0,2418,2117,Chen,Day
2024-11-16 05:12:00,P1,No issue,0.0,5728,5207,Asha,Night
2024-03-18 10:16:00,T1,No issue,0.0,4375,4372,Chen,Night
2024-07-14 04:53:00,L8,Breakdown,0.0,6944,6833,Ben,Day
2024-11-16 14:35:00,T1,PM,1.0,9145,8532,Evan,Day
2024-05-21 00:38:00,L8,No issue,0.0,9121,8012,Ben,Night
2024-09-18 12:52:00,T2,No issue,0.0,9615,8880,Evan,Day
2024-08-14 23:42:00,L8,PM,0.0,4319,4022,Diya,Day
2024-05-21 23:16:00,P1,Changeover,1.0,2909,2654,Diya,Night
2024-09-03 02:25:00,T2,No issue,0.0,27,24,Evan,Day
2024-07-11 14:05:00,P1,Breakdown,3.0,4496,4342,Ben,Day
2024-04-04 01:24:00,L8,Breakdown,1.0,5472,4747,Chen,Night
2024-02-01 16:03:00,T2,No issue,0.0,2898,2826,Diya,Day
2024-06-27 08:06:00,P1,Quality stop,0.0,7177,7126,Diya,Day
2024-06-08 09:02:00,T1,No issue,0.0,11182,11156,Asha,Night
2024-12-13 03:57:00,L9,Breakdown,0.0,529,523,Chen,Night
2024-06-12 04:13:00,T1,Quality stop,0.0,9424,8235,Ben,Night
2024-12-01 19:15:00,T2,Breakdown,0.0,10686,9316,Evan,Day
2024-01-21 02:28:00,P1,Quality stop,0.0,9741,9341,Asha,Day
2024-02-07 15:18:00,P1,Changeover,1.0,10198,9371,Chen,Day
2024-06-01 11:41:00,T2,No issue,0.0,6559,6277,Chen,Night
2024-02-25 21:33:00,T1,No issue,0.0,280,257,Chen,Day
2024-07-30 15:01:00,T2,No issue,0.0,6720,6112,Evan,Day
2024-07-30 12:14:00,L8,No issue,0.0,4483,4360,Asha,Night
2024-05-27 14:51:00,T1,No issue,0.0,631,544,Diya,Night
2024-07-16 19:16:00,L9,Quality stop,3.0,3273,2959,Diya,Day
2024-07-31 16:59:00,P1,Breakdown,1.0,2580,2220,Chen,Day
2024-06-01 20:00:00,L9,PM,2.0,7521,7258,Diya,Night
2024-02-20 07:40:00,T2,PM,0.0,5380,5328,Ben,Night
2024-07-29 10:35:00,T2,Changeover,3.0,10887,9731,Ben,Night
2024-08-31 14:41:00,P1,No issue,0.0,10365,10222,Diya,Night
2024-03-19 23:58:00,L8,No issue,0.0,5383,4947,Ben,Day
2024-03-04 16:05:00,L8,No issue,0.0,4640,4335,Chen,Night
2024-06-12 01:21:00,T1,No issue,0.0,5884,5724,Unknown,Day
2024-02-10 00:17:00,P1,PM,0.0,3162,3144,Asha,Day
2024-01-17 22:17:00,T2,Changeover,2.0,3175,3127,Ben,Day
2024-06-06 14:43:00,L9,No issue,0.0,981,960,Asha,Night
2024-12-08 00:07:00,T2,PM,0.0,4857,4352,Ben,Day
2024-12-29 00:53:00,T2,Breakdown,1.0,1761,1708,Chen,Night
2024-08-02 19:57:00,L8,Breakdown,3.0,1149,1131,Asha,Day
2024-03-19 18:52:00,T2,No issue,0.0,8482,8298,Diya,Night
2024-03-27 16:34:00,L8,Breakdown,1.0,9325,9156,Diya,Night
2024-06-09 22:43:00,L9,No issue,0.0,11976,11443,Asha,Night
2024-07-02 08:40:00,L8,Breakdown,4.0,2182,2060,Asha,Day
2024-12-19 09:40:00,L8,PM,4.0,7031,6256,Chen,Night
2024-10-08 00:09:00,T1,No issue,0.0,2109,1898,Asha,Day
2024-07-02 05:07:00,L9,Breakdown,2.0,10550,9108,Chen,Night
2024-06-22 22:46:00,T2,PM,0.0,5868,5193,Asha,Day
2024-04-08 00:16:00,T1,No issue,0.0,273,268,Asha,Night
2024-09-05 17:56:00,T1,PM,1.0,8830,8277,Chen,Day
2024-06-25 09:55:00,L9,PM,0.0,2319,2105,Unknown,Night
2024-11-19 00:34:00,P1,Breakdown,1.0,4570,4378,Diya,Night
2024-08-22 05:44:00,T2,Changeover,0.0,5363,4743,Asha,Day
2024-08-23 02:31:00,P1,No issue,0.0,5590,4944,Ben,Day
2024-04-14 14:11:00,T1,No issue,0.0,3954,3567,Chen,Night
2024-10-04 22:24:00,T2,Breakdown,4.0,9548,8138,Diya,Day
2024-08-12 20:06:00,L8,Changeover,0.0,7075,6197,Ben,Day
2024-12-22 01:23:00,T2,Changeover,0.0,8552,7692,Diya,Day
2024-06-22 04:25:00,T2,Breakdown,0.0,10463,9017,Chen,Night
2024-07-06 07:45:00,L9,Breakdown,0.0,1053,1044,Chen,Day
2024-07-26 12:29:00,L9,Breakdown,2.0,9421,9085,Diya,Day
2024-12-26 05:04:00,P1,Breakdown,1.0,8771,7606,Diya,Night
2024-12-26 21:32:00,L8,No issue,0.0,11020,10431,Asha,Night
2024-02-13 19:51:00,L9,No issue,0.0,6795,6264,Ben,Day
2024-06-24 18:04:00,P1,Changeover,2.0,9119,8837,Evan,Day
2024-04-03 06:59:00,T2,PM,0.0,1540,1533,Unknown,Night
2024-12-25 22:44:00,T2,No issue,0.0,8960,7807,Ben,Day
2024-12-08 04:51:00,L9,Breakdown,4.0,6680,6179,Evan,Day
2024-03-11 18:02:00,P1,Breakdown,1.0,7664,7571,Chen,Day
2024-12-22 14:26:00,L8,Quality stop,1.0,2569,2543,Asha,Night
2024-10-25 19:52:00,P1,Changeover,0.0,157,153,Chen,Night
2024-03-29 15:29:00,T2,Breakdown,2.0,1785,1674,Ben,Day
2024-10-25 03:09:00,L8,No issue,0.0,9626,9564,Ben,Day
2024-06-27 23:52:00,P1,No issue,0.0,2870,2627,Chen,Day
2024-07-11 23:25:00,L8,PM,3.0,1600,1496,Diya,Night
2024-10-03 06:30:00,P1,No issue,0.0,10520,9287,Evan,Day
2024-12-28 16:11:00,L8,No issue,0.0,3691,3150,Chen,Day
2024-04-21 15:25:00,T1,PM,0.0,8680,8645,Asha,Night
2024-05-29 22:20:00,T2,Quality stop,0.0,2544,2214,Ben,Night
2024-10-26 10:31:00,P1,Breakdown,1.0,9542,8748,Diya,Night
2024-04-27 23:24:00,L9,No issue,0.0,3782,3402,Chen,Day
2024-04-22 10:18:00,P1,No issue,0.0,1626,1421,Asha,Night
2024-09-23 19:14:00,P1,Breakdown,0.0,8850,7872,Asha,Night
2024-07-19 23:27:00,P1,Changeover,2.0,9371,8372,Diya,Night
2024-05-22 15:05:00,P1,Breakdown,1.0,10279,10175,Evan,Day
2024-10-05 09:19:00,T1,No issue,0.0,5839,5818,Evan,Night
2024-04-13 05:38:00,T2,Breakdown,2.0,6795,6105,Asha,Day
2024-10-09 08:28:00,P1,Quality stop,1.0,8394,7322,Asha,Day
2024-02-27 18:00:00,T1,PM,4.0,8798,8144,Chen,Day
2024-03-02 11:55:00,L8,PM,1.0,10043,9237,Evan,Night
2024-09-03 15:33:00,L8,Breakdown,1.0,8464,7354,Chen,Day
2024-08-02 12:44:00,L9,Changeover,1.0,2037,2035,Asha,Night
2024-06-07 15:14:00,L9,No issue,0.0,2289,2187,Ben,Night
2024-01-10 21:01:00,L9,No issue,0.0,8940,8859,Diya,Day
2024-05-11 13:02:00,L9,No issue,0.0,673,616,Ben,Night
2024-12-05 18:33:00,T1,PM,1.0,11566,10676,Evan,Day
2024-09-16 05:32:00,T1,No issue,0.0,2493,2433,Ben,Night
2024-03-05 15:48:00,P1,Breakdown,0.0,9343,9084,Chen,Night
2024-03-21 01:36:00,L9,Quality stop,0.0,166,146,Evan,Night
2024-08-23 19:40:00,T1,PM,1.0,8166,8113,Unknown,Night
2024-04-20 16:38:00,T1,PM,1.0,7373,7121,Chen,Day
2024-01-10 07:52:00,T1,No issue,0.0,2129,1879,Ben,Night
2024-03-02 11:29:00,T2,Changeover,1.0,5684,5254,Evan,Day
2024-10-15 15:07:00,L9,Breakdown,0.0,8350,7327,Diya,Day
2024-03-21 19:49:00,P1,No issue,0.0,9640,8243,Evan,Night
2024-03-03 18:36:00,L9,No issue,0.0,784,673,Diya,Day
2024-11-13 15:57:00,L9,No issue,0.0,9531,9251,Chen,Night
2024-12-29 00:37:00,T1,No issue,0.0,11049,10121,Asha,Day
2024-09-06 01:39:00,T1,No issue,0.0,10204,9817,Asha,Night
2024-02-08 07:46:00,P1,Quality stop,1.0,3573,3268,Chen,Night
2024-07-14 17:42:00,T1,PM,0.0,8780,8647,Chen,Night
2024-10-28 21:32:00,T1,No issue,0.0,8996,8822,Ben,Night
2024-11-11 19:26:00,L9,Breakdown,0.0,11165,10061,Evan,Night
2024-02-26 11:53:00,T1,Breakdown,1.0,10453,9666,Chen,Day
2024-12-19 23:42:00,P1,Changeover,1.0,8408,7551,Diya,Day
2024-08-05 21:54:00,L9,No issue,0.0,7359,6710,Diya,Day
2024-09-05 02:40:00,P1,Breakdown,4.0,10311,10185,Diya,Day
2024-01-09 01:48:00,L9,Breakdown,1.0,4915,4825,Diya,Day
2024-06-08 15:11:00,P1,No issue,0.0,9275,8694,Chen,Night
2024-10-29 10:00:00,L9,Changeover,0.0,9370,8779,Evan,Day
2024-10-30 23:41:00,T1,No issue,0.0,5131,4723,Asha,Day
2024-05-03 04:04:00,T1,Breakdown,0.0,2926,2865,Diya,Day
2024-07-04 13:29:00,P1,PM,1.0,10101,9038,Evan,Night
2024-01-25 11:16:00,P1,Breakdown,0.0,8040,7778,Evan,Night
2024-03-22 15:55:00,L9,No issue,0.0,3459,2958,Evan,Day
2024-01-29 14:02:00,L9,Quality stop,0.0,8427,8383,Chen,Day
2024-11-25 16:58:00,L8,Breakdown,0.0,3821,3455,Unknown,Day
2024-07-20 01:01:00,P1,Breakdown,1.0,4643,4417,Asha,Day
2024-07-25 09:40:00,P1,Quality stop,0.0,1005,937,Diya,Day
2024-07-29 07:07:00,P1,No issue,0.0,4832,4645,Diya,Day
2024-02-16 01:18:00,T2,Quality stop,0.0,2106,1887,Ben,Day
2024-06-13 12:01:00,L9,Breakdown,1.0,384,383,Ben,Night
2024-04-01 19:09:00,T2,Quality stop,1.0,10610,10412,Diya,Night
2024-02-18 16:54:00,P1,No issue,0.0,7343,7294,Chen,Day
2024-09-07 06:25:00,P1,Breakdown,0.0,9977,9594,Ben,Night
2024-01-06 21:33:00,T1,Changeover,1.0,2007,1789,Ben,Day
2024-08-27 18:39:00,T1,No issue,0.0,7189,6929,Evan,Day
2024-05-28 11:16:00,L8,Breakdown,0.0,627,621,Asha,Day
2024-08-12 23:46:00,L9,PM,1.0,8853,8601,Asha,Night
2024-03-02 22:00:00,L8,No issue,0.0,7492,6791,Asha,Night
2024-06-20 05:45:00,P1,PM,1.0,3312,2952,Ben,Day
2024-11-22 22:26:00,T1,No issue,0.0,517,506,Evan,Night
2024-03-01 00:02:00,T1,PM,4.0,7625,7538,Ben,Day
2024-10-28 10:26:00,P1,Breakdown,0.0,5520,4899,Diya,Day
2024-01-15 10:02:00,T1,PM,1.0,8528,8228,Chen,Night
2024-11-09 08:08:00,T1,Breakdown,1.0,1707,1580,Unknown,Night
2024-12-27 05:23:00,L9,PM,3.0,819,696,Ben,Night
2024-05-25 05:16:00,P1,No issue,0.0,4847,4421,Ben,Day
2024-11-17 08:02:00,P1,Breakdown,1.0,4357,3761,Diya,Night
2024-10-10 17:21:00,L8,Breakdown,4.0,2891,2567,Asha,Day
2024-02-06 22:40:00,P1,No issue,0.0,2985,2690,Ben,Night
2024-03-07 12:03:00,T2,Breakdown,3.0,1836,1810,Chen,Night
2024-08-10 14:46:00,L8,Changeover,0.0,11775,11114,Diya,Night
2024-12-27 01:02:00,L8,Breakdown,0.0,8937,7695,Ben,Day
2024-02-26 14:51:00,T1,No issue,0.0,10691,9653,Asha,Day
2024-02-26 22:37:00,P1,PM,0.0,7786,6918,Ben,Night
2024-03-08 06:59:00,L8,No issue,0.0,4761,4105,Asha,Day
2024-01-09 20:17:00,T1,PM,4.0,3596,3410,Ben,Day
2024-04-26 23:09:00,L9,Quality stop,0.0,8897,8102,Diya,Night
2024-06-08 00:07:00,T1,Changeover,4.0,730,726,Asha,Night
2024-04-07 19:24:00,T2,No issue,0.0,1150,1088,Chen,Night
2024-11-26 23:50:00,L8,Changeover,0.0,11126,10090,Diya,Night
2024-08-25 02:01:00,T2,Quality stop,4.0,7547,7535,Ben,Day
2024-06-08 17:23:00,L8,Breakdown,2.0,5452,4893,Asha,Day
2024-01-09 09:55:00,P1,No issue,0.0,10386,9296,Ben,Day
2024-10-03 06:10:00,L9,Breakdown,0.0,3261,3209,Ben,Day
2024-03-03 22:19:00,T2,PM,0.0,11715,11076,Evan,Night
2024-02-05 21:23:00,T1,Changeover,0.0,9702,8725,Asha,Night
2024-01-23 23:06:00,T1,Quality stop,2.0,11311,10868,Asha,Night
2024-08-14 13:00:00,P1,No issue,0.0,5237,5177,Evan,Night
2024-05-05 11:46:00,T2,Breakdown,2.0,11374,10645,Chen,Night
2024-06-27 00:59:00,L8,Changeover,2.0,9855,8506,Asha,Day
2024-08-12 23:21:00,P1,No issue,0.0,11923,11435,Evan,Night
2024-12-07 01:03:00,T1,No issue,0.0,3887,3813,Ben,Day
2024-02-06 18:21:00,L8,PM,1.0,11839,11622,Ben,Night
2024-02-19 06:43:00,P1,Breakdown,3.0,4904,4457,Ben,Day
2024-09-14 22:37:00,T2,PM,2.0,2969,2844,Ben,Day
2024-06-04 18:41:00,L8,Breakdown,0.0,2060,1790,Diya,Day
2024-10-16 15:32:00,T2,PM,1.0,6477,6129,Asha,Day
2024-08-21 11:40:00,T2,No issue,0.0,1739,1617,Unknown,Night
2024-08-04 06:14:00,T1,PM,1.0,2776,2375,Evan,Night
2024-01-03 08:40:00,P1,Quality stop,0.0,4482,3977,Evan,Day
2024-03-17 22:26:00,T1,No issue,0.0,10702,10377,Ben,Night
2024-01-28 12:43:00,L9,PM,3.0,11937,11848,Diya,Day
2024-10-10 18:22:00,L9,Breakdown,1.0,10463,8990,Ben,Day
2024-11-22 00:34:00,L9,No issue,0.0,11447,10191,Diya,Night
2024-12-04 13:04:00,P1,Quality stop,1.0,1388,1224,Diya,Night
2024-09-21 12:58:00,P1,No issue,0.0,8907,8141,Chen,Night
2024-01-27 04:07:00,T2,Breakdown,0.0,2425,2177,Chen,Day
2024-05-10 16:46:00,T1,No issue,0.0,2284,2038,Chen,Day
2024-09-04 08:13:00,L8,Changeover,0.0,10544,8993,Evan,Day
2024-04-01 00:58:00,L9,Changeover,0.0,92,79,Asha,Day
2024-11-06 23:06:00,T1,No issue,0.0,9239,9222,Ben,Night
2024-05-04 21:52:00,L9,Breakdown,0.0,11274,10032,Unknown,Day
2024-01-18 08:28:00,T2,No issue,0.0,10950,10100,Evan,Day
2024-03-01 07:05:00,T2,Breakdown,1.0,6272,5675,Chen,Night
2024-10-11 03:38:00,P1,Breakdown,4.0,5502,5496,Asha,Day
2024-04-10 03:40:00,P1,No issue,0.0,5265,5116,Asha,Day
2024-06-06 04:07:00,P1,Breakdown,1.0,8744,7548,Ben,Night
2024-05-10 19:14:00,P1,PM,1.0,11036,9650,Asha,Day
2024-04-24 18:29:00,L9,PM,0.0,2074,1853,Diya,Day
2024-06-22 15:38:00,T2,Breakdown,0.0,53,50,Ben,Night
2024-02-01 23:46:00,P1,Breakdown,0.0,8921,7687,Evan,Day
2024-01-26 23:56:00,P1,Breakdown,2.0,944,831,Ben,Day
2024-08-23 06:47:00,P1,Quality stop,2.0,2840,2634,Ben,Day
2024-02-20 13:27:00,L8,Breakdown,1.0,7435,7386,Ben,Night
2024-11-21 13:23:00,T2,Breakdown,0.0,5664,5442,Chen,Day
2024-09-02 00:14:00,T2,Changeover,0.0,8978,8966,Evan,Night
2024-09-15 22:50:00,L9,Breakdown,0.0,6098,5947,Evan,Night
2024-11-02 17:49:00,T2,Breakdown,0.0,11888,10709,Diya,Day
2024-02-21 08:30:00,T1,Breakdown,0.0,3115,3078,Ben,Day
2024-04-29 02:33:00,P1,Breakdown,0.0,7555,6502,Asha,Day
2024-10-07 11:46:00,T2,Quality stop,3.0,1711,1527,Asha,Night
2024-12-24 00:47:00,P1,No issue,0.0,5093,4986,Asha,Day
2024-07-05 15:05:00,T2,Quality stop,0.0,11417,10040,Chen,Day
2024-09-05 15:50:00,L9,Breakdown,1.0,5072,4428,Asha,Night
2024-05-28 19:22:00,T1,No issue,0.0,8636,8462,Asha,Day
2024-10-20 02:13:00,L8,Breakdown,1.0,6123,6072,Ben,Night
2024-08-11 01:58:00,L8,No issue,0.0,8171,7205,Evan,Day
2024-10-18 23:01:00,P1,No issue,0.0,7323,6335,Asha,Day
2024-01-15 10:50:00,L9,No issue,0.0,7405,6708,Ben,Day
2024-01-24 01:22:00,T2,Breakdown,4.0,5731,4959,Unknown,Night
2024-11-24 07:05:00,T1,No issue,0.0,1671,1653,Chen,Day
2024-10-16 17:35:00,P1,Breakdown,1.0,11496,11100,Ben,Day
2024-01-11 12:24:00,T2,PM,0.0,10218,9884,Evan,Night
2024-10-01 07:54:00,P1,Quality stop,2.0,5398,5084,Chen,Night
2024-10-21 20:35:00,T1,Changeover,2.0,7752,7727,Diya,Night
2024-01-08 03:20:00,L9,No issue,0.0,6468,6293,Chen,Night
2024-02-21 05:20:00,L8,No issue,0.0,709,681,Ben,Night
2024-10-03 17:27:00,L9,Changeover,1.0,1358,1155,Ben,Day
2024-04-09 22:54:00,T2,No issue,0.0,1499,1399,Asha,Night
2024-12-23 03:51:00,T2,Breakdown,4.0,5487,5219,Diya,Day
2024-06-15 00:15:00,L8,No issue,0.0,643,563,Diya,Day
2024-10-04 18:59:00,L8,No issue,0.0,1494,1484,Diya,Night
2024-07-30 15:37:00,T1,No issue,0.0,6053,5711,Chen,Day
2024-04-21 13:20:00,T1,Breakdown,1.0,7353,7028,Diya,Day
2024-07-10 09:37:00,P1,No issue,0.0,941,805,Ben,Day
2024-05-15 16:17:00,L8,Changeover,1.0,10800,10066,Diya,Night
2024-10-31 21:14:00,L9,No issue,0.0,3839,3565,Asha,Night
2024-04-15 18:39:00,P1,No issue,0.0,2161,2138,Chen,Day
2024-03-05 12:10:00,L9,No issue,0.0,5521,5347,Asha,Night
2024-04-04 13:08:00,P1,No issue,0.0,8451,8384,Asha,Day
2024-10-08 11:34:00,T1,Breakdown,0.0,2245,2050,Ben,Night
2024-04-10 16:51:00,T1,No issue,0.0,2426,2272,Chen,Night
2024-06-22 15:38:00,L9,No issue,0.0,5947,5549,Ben,Day
2024-05-21 21:14:00,P1,No issue,0.0,9269,9256,Chen,Day
2024-11-04 10:16:00,L8,No issue,0.0,9638,8284,Diya,Night
2024-01-12 01:31:00,L8,Breakdown,0.0,7982,7274,Diya,Day
2024-06-22 08:23:00,P1,Quality stop,2.0,1008,949,Asha,Day
2024-05-24 20:13:00,L8,PM,2.0,11389,10175,Diya,Day
2024-08-29 00:50:00,L8,No issue,0.0,2258,2053,Chen,Day
2024-07-05 08:29:00,T2,Breakdown,1.0,7256,6531,Ben,Day
2024-09-20 20:43:00,T1,Breakdown,0.0,7704,7251,Unknown,Day
2024-07-09 18:44:00,T1,Quality stop,2.0,3551,3159,Diya,Day
2024-07-13 09:20:00,L9,No issue,0.0,10156,8918,Asha,Night
2024-12-05 15:09:00,P1,PM,3.0,3286,3283,Diya,Night
2024-08-11 13:56:00,T1,Breakdown,1.0,853,772,Asha,Night
2024-11-10 13:21:00,P1,Breakdown,1.0,4034,3728,Diya,Night
2024-03-04 04:55:00,L8,No issue,0.0,185,162,Evan,Night
2024-04-28 08:30:00,L8,No issue,0.0,8208,8191,Ben,Night
2024-06-20 19:05:00,L8,PM,3.0,10762,9703,Chen,Day
2024-01-22 01:16:00,L8,Breakdown,0.0,472,418,Chen,Night
2024-05-09 01:50:00,T1,Breakdown,1.0,4449,4089,Chen,Night
2024-10-22 17:26:00,P1,Breakdown,0.0,1562,1470,Diya,Night
2024-08-05 06:46:00,T1,PM,1.0,4845,4553,Asha,Day
2024-05-26 03:07:00,P1,No issue,0.0,11753,10410,Diya,Night
2024-05-01 03:22:00,T1,Breakdown,1.0,2082,1935,Chen,Day
2024-01-15 20:25:00,P1,No issue,0.0,3134,3036,Chen,Day
2024-01-28 10:54:00,T1,Breakdown,1.0,2481,2452,Ben,Night
2024-05-07 03:31:00,L9,PM,2.0,3201,3185,Ben,Night
2024-10-11 03:16:00,P1,Breakdown,0.0,230,226,Evan,Day
2024-01-22 18:27:00,T1,Changeover,1.0,6614,6073,Diya,Day
2024-07-06 00:04:00,T1,Quality stop,0.0,9052,9045,Ben,Night
2024-06-13 05:33:00,P1,Breakdown,4.0,4382,4018,Asha,Day
2024-07-07 20:28:00,T1,No issue,0.0,5562,4780,Unknown,Night
2024-09-06 00:18:00,T1,PM,1.0,7772,6872,Ben,Day
2024-09-26 11:56:00,T2,Quality stop,0.0,2935,2677,Diya,Day
2024-10-08 22:03:00,L8,PM,0.0,11665,11311,Chen,Day
2024-03-06 13:42:00,P1,No issue,0.0,6361,5532,Chen,Day
2024-04-18 08:49:00,L9,Quality stop,3.0,10453,10315,Unknown,Night
2024-11-13 20:40:00,L9,Changeover,0.0,10373,9601,Ben,Day
2024-08-26 02:51:00,P1,PM,1.0,4054,3642,Diya,Night
2024-08-26 14:39:00,L8,No issue,0.0,2321,2135,Asha,Day
2024-09-06 21:53:00,T2,PM,4.0,5849,5330,Ben,Day
2024-04-29 03:19:00,P1,Breakdown,0.0,10736,9666,Ben,Day
2024-01-09 11:20:00,T1,Breakdown,2.0,5095,4795,Diya,Day
2024-06-30 06:47:00,L8,No issue,0.0,2013,1800,Chen,Night
2024-07-08 09:56:00,L8,No issue,0.0,8689,7917,Diya,Day
2024-02-22 20:31:00,P1,No issue,0.0,6713,6470,Evan,Night
2024-05-28 22:57:00,L8,Breakdown,1.0,5972,5566,Diya,Night
2024-06-12 06:37:00,T1,No issue,0.0,7546,6971,Evan,Night
2024-04-17 08:01:00,L8,Changeover,1.0,3290,3231,Ben,Night
2024-08-01 07:39:00,L9,No issue,0.0,10716,9654,Chen,Night
2024-01-10 15:46:00,T2,No issue,0.0,11559,10984,Asha,Day
2024-11-13 22:07:00,T1,No issue,0.0,4546,4080,Diya,Night
2024-07-17 19:40:00,L8,PM,0.0,5635,5357,Ben,Day
2024-01-20 02:52:00,T2,No issue,0.0,1376,1345,Asha,Day
2024-05-12 02:02:00,T2,Quality stop,1.0,3143,3129,Ben,Day
2024-12-02 13:41:00,L8,Changeover,1.0,5889,5090,Diya,Night
2024-09-15 18:13:00,P1,Changeover,1.0,1841,1802,Evan,Night
2024-12-14 18:44:00,P1,No issue,0.0,5843,5095,Ben,Day
2024-09-17 21:25:00,L9,PM,1.0,4900,4261,Chen,Day
2024-10-24 02:24:00,L8,Changeover,1.0,2696,2489,Chen,Day
2024-02-13 18:20:00,T2,Breakdown,0.0,1746,1574,Evan,Day
2024-07-29 20:01:00,L8,Quality stop,3.0,10780,10775,Ben,Day
2024-03-13 04:39:00,P1,Breakdown,2.0,8296,7330,Unknown,Day
2024-05-25 00:57:00,L9,PM,1.0,1898,1833,Chen,Day
2024-08-26 05:45:00,T2,Breakdown,0.0,7530,6968,Evan,Day
2024-01-17 01:49:00,P1,Changeover,2.0,2825,2616,Chen,Day
2024-01-23 03:44:00,L8,Changeover,4.0,1462,1288,Diya,Day
2024-11-19 07:11:00,T2,Breakdown,0.0,3039,2873,Diya,Day
2024-08-21 04:30:00,L9,PM,0.0,7059,6296,Asha,Day
2024-02-18 01:26:00,T2,Breakdown,0.0,11260,9949,Evan,Night
2024-02-18 07:57:00,T2,PM,0.0,6637,6185,Evan,Day
2024-12-15 05:10:00,L9,No issue,0.0,8226,7981,Ben,Day
2024-01-15 22:13:00,T1,No issue,0.0,3727,3236,Diya,Day
2024-07-26 18:15:00,T1,No issue,0.0,2796,2702,Diya,Day
2024-08-24 07:21:00,L9,No issue,0.0,888,800,Diya,Day
2024-03-17 04:11:00,L8,No issue,0.0,10041,8945,Asha,Day
2024-06-25 04:51:00,P1,PM,0.0,1047,996,Diya,Night
2024-10-27 05:01:00,P1,No issue,0.0,7092,6957,Asha,Day
2024-03-04 16:01:00,L8,No issue,0.0,8946,8776,Diya,Day
2024-07-31 02:31:00,P1,Breakdown,0.0,7122,6753,Ben,Day
2024-07-06 15:18:00,L9,No issue,0.0,7248,6818,Evan,Day
2024-02-01 03:38:00,T2,Breakdown,0.0,11194,10332,Evan,Night
2024-06-27 02:44:00,T1,No issue,0.0,8790,7554,Chen,Day
2024-11-09 12:53:00,T2,No issue,0.0,8508,7911,Asha,Night
2024-08-09 13:36:00,L8,PM,1.0,9049,8492,Asha,Night
2024-05-17 13:33:00,T2,Quality stop,2.0,748,672,Evan,Day
2024-06-21 04:03:00,L8,No issue,0.0,1297,1160,Evan,Day
2024-03-09 22:48:00,P1,Breakdown,0.0,10930,9741,Diya,Day
2024-07-24 12:07:00,L8,Breakdown,2.0,4889,4882,Diya,Day
2024-05-30 10:03:00,T2,Breakdown,0.0,8224,7887,Diya,Night
2024-08-31 09:31:00,P1,Quality stop,0.0,2370,2191,Diya,Night
2024-04-03 15:14:00,P1,PM,0.0,826,704,Chen,Night
2024-07-25 21:01:00,T1,Quality stop,2.0,7982,7046,Evan,Night
2024-08-15 02:11:00,T1,No issue,0.0,3680,3244,Evan,Night
2024-03-18 11:15:00,T2,No issue,0.0,7407,6336,Unknown,Day
2024-04-26 09:22:00,P1,Breakdown,1.0,8429,8079,Evan,Day
2024-10-02 21:30:00,L8,PM,1.0,8410,8027,Asha,Day
2024-09-07 06:25:00,L9,Breakdown,1.0,7083,6585,Ben,Day
2024-09-13 23:36:00,L8,No issue,0.0,9042,8225,Ben,Day
2024-09-13 01:56:00,P1,PM,1.0,1797,1612,Evan,Day
2024-05-23 06:21:00,T1,No issue,0.0,11881,11020,Evan,Night
2024-07-18 19:51:00,T1,Breakdown,4.0,3709,3152,Chen,Day
2024-10-07 17:42:00,T1,Breakdown,3.0,1342,1227,Diya,Day
2024-09-29 05:46:00,T2,No issue,0.0,755,647,Diya,Night
2024-07-31 06:37:00,L8,No issue,0.0,1852,1844,Ben,Night
2024-12-26 10:01:00,T1,No issue,0.0,1393,1279,Chen,Night
2024-02-01 06:12:00,P1,No issue,0.0,9244,7878,Chen,Night
2024-04-27 05:21:00,L9,No issue,0.0,5037,4401,Ben,Day
2024-07-04 23:09:00,P1,Breakdown,0.0,4566,4123,Diya,Night
2024-12-27 06:33:00,T1,No issue,0.0,10438,10319,Ben,Day
2024-02-25 20:51:00,L9,Quality stop,0.0,8060,7422,Evan,Day
2024-12-06 23:08:00,P1,No issue,0.0,5665,5455,Asha,Day
2024-01-08 16:12:00,P1,PM,1.0,4533,4347,Chen,Day
2024-08-21 08:10:00,L9,No issue,0.0,10263,9045,Ben,Day
2024-07-03 16:59:00,T1,No issue,0.0,11655,10211,Evan,Night
2024-10-26 22:10:00,L9,No issue,0.0,10518,10094,Ben,Day
2024-04-13 22:12:00,L8,PM,3.0,6378,5942,Asha,Day
2024-12-27 22:03:00,T2,Breakdown,1.0,3664,3495,Ben,Day
2024-12-10 00:09:00,L9,PM,3.0,3090,2964,Evan,Day
2024-10-01 03:11:00,P1,No issue,0.0,4616,4341,Asha,Day
2024-05-18 06:12:00,L9,PM,0.0,3380,2961,Asha,Night
2024-02-14 01:58:00,T2,Quality stop,4.0,7084,6203,Diya,Day
2024-03-14 23:34:00,L9,No issue,0.0,5686,5307,Evan,Day
2024-07-22 14:09:00,T2,No issue,0.0,11753,11649,Evan,Day
2024-12-16 11:01:00,L8,Changeover,0.0,9032,8502,Asha,Day
2024-01-23 18:42:00,L9,PM,1.0,5519,4728,Chen,Night
2024-03-14 22:43:00,T2,Breakdown,4.0,2425,2344,Chen,Night
2024-05-19 22:00:00,P1,Breakdown,1.0,9834,9103,Chen,Night
2024-12-15 20:42:00,P1,Breakdown,0.0,9206,8483,Ben,Day
2024-01-12 20:18:00,T1,Breakdown,2.0,11020,10371,Ben,Day
2024-04-13 20:21:00,L9,Changeover,0.0,2394,2327,Unknown,Day
2024-06-17 22:10:00,L8,PM,2.0,11907,10558,Chen,Day
2024-02-21 21:41:00,L9,Breakdown,0.0,7544,6627,Ben,Night
2024-08-19 08:35:00,P1,Breakdown,1.0,11877,10575,Diya,Day
2024-10-17 06:33:00,L8,No issue,0.0,8986,8918,Ben,Night
2024-03-23 19:57:00,L8,PM,1.0,6506,6328,Evan,Day
2024-11-15 19:07:00,P1,No issue,0.0,10123,10115,Chen,Night
2024-04-29 20:00:00,T2,PM,0.0,1254,1239,Diya,Day
2024-01-25 01:04:00,L9,No issue,0.0,7914,7722,Chen,Night
2024-06-16 16:41:00,L9,PM,0.0,8464,7646,Chen,Night
2024-07-04 12:32:00,T1,Breakdown,2.0,5451,4672,Asha,Day
2024-10-24 00:20:00,L8,Breakdown,1.0,8527,8474,Evan,Day
2024-01-03 13:34:00,P1,Changeover,1.0,1622,1523,Asha,Night
2024-03-01 14:39:00,L9,Breakdown,1.0,1794,1539,Diya,Night
2024-05-07 01:40:00,T2,PM,0.0,9739,9737,Chen,Day
2024-12-29 01:22:00,T1,No issue,0.0,5849,5654,Evan,Night
2024-01-18 21:04:00,T2,No issue,0.0,5865,5595,Asha,Day
2024-07-14 02:23:00,L9,Breakdown,2.0,9675,8837,Evan,Night
2024-05-03 18:11:00,L8,Breakdown,3.0,5412,5210,Asha,Day
2024-10-11 14:24:00,L9,No issue,0.0,6164,5591,Asha,Day
2024-10-08 08:00:00,L9,Changeover,1.0,4254,4064,Evan,Day
2024-04-26 14:30:00,L8,No issue,0.0,9904,8978,Chen,Day
2024-03-12 04:33:00,L9,Breakdown,0.0,11903,11399,Evan,Night
2024-06-14 20:42:00,P1,PM,1.0,5611,5538,Asha,Day
2024-04-30 05:04:00,P1,No issue,0.0,1390,1342,Asha,Day
2024-06-23 09:37:00,T2,Changeover,0.0,11531,10567,Asha,Day
2024-03-31 15:15:00,P1,No issue,0.0,10294,9972,Evan,Day
2024-03-29 02:50:00,T2,No issue,0.0,7653,6732,Ben,Night
2024-09-30 07:48:00,T1,No issue,0.0,8383,7206,Diya,Night
2024-12-16 01:23:00,T1,Breakdown,4.0,4859,4490,Diya,Day
2024-02-07 11:33:00,L8,Breakdown,0.0,6815,5906,Chen,Night
2024-03-01 03:10:00,T1,No issue,0.0,9598,8246,Asha,Day
2024-12-07 08:25:00,T2,No issue,0.0,5889,5077,Ben,Day
2024-01-10 12:26:00,L8,No issue,0.0,11467,10666,Evan,Day
2024-02-14 03:22:00,L9,PM,1.0,5236,4772,Chen,Day
2024-05-06 01:06:00,L8,No issue,0.0,6719,5894,Ben,Night
2024-01-16 14:44:00,L8,Quality stop,0.0,8922,8309,Diya,Day
2024-07-15 15:39:00,P1,PM,0.0,3741,3337,Chen,Day
2024-03-13 10:15:00,T1,No issue,0.0,10939,10872,Evan,Day
2024-07-22 16:41:00,L8,Changeover,0.0,11417,9945,Unknown,Day
2024-09-17 23:48:00,T2,No issue,0.0,2437,2243,Ben,Night
2024-08-11 16:22:00,L8,Changeover,0.0,10031,8545,Diya,Day
2024-12-01 09:23:00,T2,PM,0.0,1153,1045,Chen,Night
2024-04-25 00:15:00,L9,No issue,0.0,6652,6268,Ben,Night
2024-06-29 05:39:00,T2,No issue,0.0,11290,9883,Asha,Day
2024-05-03 15:06:00,L9,No issue,0.0,11498,10176,Evan,Day
2024-01-18 00:33:00,T1,Breakdown,0.0,2281,2076,Diya,Night
2024-12-11 22:56:00,P1,Breakdown,0.0,9690,8623,Evan,Day
2024-10-27 05:22:00,T1,No issue,0.0,573,550,Evan,Night
2024-07-28 23:48:00,T2,No issue,0.0,684,649,Ben,Night
2024-12-02 12:24:00,T2,No issue,0.0,11488,10384,Unknown,Night
2024-02-12 06:02:00,T1,Breakdown,1.0,2387,2107,Asha,Day
2024-07-28 00:04:00,L9,Changeover,0.0,537,531,Asha,Night
2024-06-26 23:57:00,T1,Changeover,1.0,1898,1838,Asha,Day
2024-12-01 08:31:00,T2,Breakdown,2.0,7666,6834,Unknown,Day
2024-12-25 20:02:00,L8,Breakdown,1.0,3482,2996,Ben,Day
2024-01-16 11:28:00,L9,No issue,0.0,5440,5427,Ben,Night
2024-02-26 00:26:00,T1,Breakdown,0.0,968,882,Ben,Night
2024-02-15 00:19:00,L9,No issue,0.0,7959,7569,Asha,Day
2024-04-19 13:04:00,P1,No issue,0.0,4995,4565,Asha,Night
2024-02-16 20:05:00,L8,No issue,0.0,1884,1806,Unknown,Day
2024-08-08 21:40:00,L8,Breakdown,1.0,5059,5041,Asha,Day
2024-12-07 22:52:00,L8,No issue,0.0,6398,6156,Diya,Day
2024-02-25 21:45:00,L9,No issue,0.0,9907,9002,Evan,Day
2024-12-08 00:33:00,L8,Quality stop,0.0,2428,2256,Diya,Night
2024-07-18 08:36:00,L8,Breakdown,0.0,11862,11159,Asha,Night
2024-05-10 00:46:00,P1,No issue,0.0,2944,2762,Evan,Night
2024-10-06 07:49:00,T1,Breakdown,0.0,3954,3570,Unknown,Day
2024-06-20 20:15:00,L8,Breakdown,2.0,10352,8877,Diya,Night
2024-05-21 00:30:00,P1,No issue,0.0,10800,9486,Evan,Night
2024-12-21 11:47:00,L9,PM,1.0,5882,5145,Diya,Day
2024-02-29 00:03:00,L8,No issue,0.0,4049,3863,Chen,Night
2024-10-17 11:45:00,L8,Breakdown,4.0,8649,8161,Evan,Day
2024-07-22 23:19:00,P1,No issue,0.0,3986,3876,Unknown,Day
2024-07-14 18:21:00,T1,Breakdown,2.0,6980,6465,Asha,Night
2024-10-18 19:24:00,L9,No issue,0.0,4655,4082,Unknown,Day
2024-08-23 21:52:00,L9,Breakdown,0.0,9768,9611,Ben,Day
2024-01-17 12:40:00,L8,PM,0.0,7653,7470,Asha,Day
2024-12-28 21:54:00,T1,No issue,0.0,7708,6880,Evan,Night
2024-02-13 21:10:00,L8,PM,0.0,10514,9214,Ben,Day
2024-09-14 03:44:00,P1,No issue,0.0,4402,4388,Diya,Night
2024-04-26 19:52:00,P1,Changeover,0.0,9901,9535,Chen,Day
2024-05-02 11:57:00,L9,PM,0.0,4911,4887,Asha,Day
2024-03-30 04:47:00,L9,Breakdown,1.0,9776,8845,Diya,Night
2024-08-01 21:51:00,P1,Changeover,0.0,3260,2809,Ben,Day
2024-08-18 22:36:00,T2,Breakdown,1.0,11064,9757,Asha,Night
2024-01-27 19:48:00,T1,No issue,0.0,2707,2664,Asha,Day
2024-12-06 21:09:00,L9,Quality stop,0.0,8347,8227,Asha,Night
2024-09-23 01:06:00,L9,Breakdown,1.0,6897,6053,Unknown,Day
2024-06-25 03:03:00,T2,No issue,0.0,10819,9988,Ben,Day
2024-11-03 23:37:00,L9,Breakdown,1.0,7429,7361,Diya,Night
2024-10-03 14:49:00,L8,No issue,0.0,3000,2833,Ben,Night
2024-05-02 08:30:00,L9,No issue,0.0,11313,10875,Evan,Day
2024-01-04 23:00:00,L9,Breakdown,1.0,11614,10333,Chen,Day
2024-09-22 16:14:00,L8,No issue,0.0,704,659,Chen,Night
2024-06-15 16:00:00,L8,Breakdown,0.0,10100,8995,Diya,Day
2024-04-25 21:13:00,T1,No issue,0.0,255,244,Asha,Night
2024-07-13 17:18:00,T2,No issue,0.0,4695,4561,Chen,Day
2024-08-13 06:12:00,L9,No issue,0.0,377,344,Chen,Day
2024-04-04 22:18:00,P1,No issue,0.0,175,160,Chen,Night
2024-03-27 07:45:00,T1,No issue,0.0,8231,7837,Ben,Night
2024-07-06 16:43:00,L9,Breakdown,0.0,5731,5590,Asha,Night
2024-02-16 23:51:00,L8,Quality stop,0.0,1048,1034,Diya,Day
2024-03-11 13:14:00,T1,No issue,0.0,4935,4576,Ben,Day
2024-11-01 07:58:00,T1,No issue,0.0,5981,5940,Evan,Day
2024-05-23 04:27:00,L8,Quality stop,3.0,2117,2039,Unknown,Night
2024-07-12 03:30:00,T1,Breakdown,1.0,9901,9004,Ben,Night
2024-03-08 19:03:00,P1,No issue,0.0,7579,6907,Chen,Day
2024-06-18 01:44:00,T2,No issue,0.0,11690,11090,Asha,Night
2024-07-21 05:28:00,L9,Breakdown,0.0,6303,5484,Asha,Night
2024-04-13 10:20:00,T1,Breakdown,0.0,9694,8715,Diya,Night
2024-08-08 06:28:00,L9,PM,3.0,998,948,Unknown,Day
2024-07-09 19:19:00,T2,Changeover,1.0,253,251,Diya,Night
2024-08-23 02:49:00,L8,Breakdown,0.0,7681,7624,Ben,Night
2024-05-01 08:43:00,L9,Breakdown,0.0,11667,11395,Asha,Night
2024-05-15 04:56:00,L9,No issue,0.0,9715,8681,Diya,Night
2024-01-31 13:52:00,T2,PM,0.0,7818,7481,Unknown,Day
2024-10-08 14:32:00,T2,Breakdown,0.0,7214,7099,Chen,Day
2024-08-31 22:12:00,L9,Breakdown,0.0,2505,2501,Chen,Night
2024-07-01 12:11:00,T2,Breakdown,1.0,5078,4567,Diya,Day
2024-09-19 03:59:00,L8,Breakdown,3.0,8478,7338,Ben,Night
2024-05-16 18:41:00,L8,Breakdown,2.0,4324,3913,Diya,Night
2024-02-20 04:40:00,T2,Quality stop,2.0,7503,7043,Evan,Day
2024-06-19 15:57:00,P1,Quality stop,2.0,11855,11259,Ben,Day
2024-08-30 15:04:00,L9,Quality stop,2.0,3566,3084,Unknown,Night
2024-07-03 16:20:00,T2,Breakdown,3.0,2336,2183,Asha,Night
2024-04-29 03:13:00,P1,No issue,0.0,6397,6282,Chen,Day
2024-10-03 08:07:00,T2,No issue,0.0,3665,3259,Ben,Night
2024-03-16 09:12:00,P1,No issue,0.0,9556,8598,Ben,Day
2024-04-28 19:42:00,L8,Quality stop,1.0,1173,1137,Ben,Day
2024-06-28 10:41:00,P1,No issue,0.0,2530,2333,Diya,Night
2024-06-18 11:29:00,P1,Breakdown,2.0,10831,10096,Asha,Day
2024-03-26 08:52:00,T1,Changeover,0.0,5323,5184,Chen,Night
2024-08-23 03:50:00,L8,Breakdown,0.0,4382,3999,Chen,Day
2024-12-04 19:05:00,T1,PM,3.0,4251,4243,Unknown,Day
2024-03-09 10:06:00,P1,Breakdown,1.0,9923,8632,Asha,Day
2024-11-16 10:17:00,T2,Breakdown,0.0,83,74,Ben,Day
2024-10-08 15:24:00,L8,Quality stop,2.0,2078,2057,Unknown,Night
2024-10-03 21:06:00,L9,No issue,0.0,9977,9754,Chen,Day
2024-02-26 10:15:00,T2,Breakdown,0.0,1092,1049,Diya,Night
2024-09-18 19:09:00,P1,No issue,0.0,1038,1008,Evan,Day
2024-10-11 15:13:00,T1,No issue,0.0,7428,6589,Unknown,Night
2024-02-18 03:37:00,T1,No issue,0.0,6529,5843,Unknown,Night
2024-06-17 13:34:00,P1,Breakdown,1.0,885,858,Diya,Night
2024-11-24 22:16:00,L9,PM,1.0,7894,7757,Ben,Day
2024-07-24 09:09:00,P1,Changeover,4.0,1049,895,Diya,Day
2024-12-12 02:26:00,T1,Breakdown,2.0,7397,6557,Diya,Night
2024-05-27 17:23:00,P1,Breakdown,0.0,7009,6341,Chen,Day
2024-03-05 18:14:00,P1,Quality stop,1.0,2668,2494,Diya,Day
2024-08-29 01:36:00,L8,No issue,0.0,3321,3153,Evan,Day
2024-04-19 23:08:00,T1,PM,1.0,6768,5913,Evan,Day
2024-11-23 15:36:00,L9,PM,1.0,9173,8684,Evan,Day
2024-04-17 23:56:00,T2,Quality stop,0.0,4530,4242,Chen,Night
2024-10-04 19:53:00,L8,Breakdown,4.0,3702,3485,Chen,Night
2024-04-20 08:20:00,L8,Breakdown,4.0,8812,8003,Asha,Day
2024-09-30 21:12:00,P1,Breakdown,1.0,9417,8597,Asha,Night
2024-05-08 00:33:00,T2,No issue,0.0,401,355,Asha,Day
2024-02-08 15:38:00,T1,PM,3.0,6410,5949,Asha,Night
2024-10-05 19:26:00,T1,Quality stop,1.0,3066,2943,Ben,Day
2024-05-07 05:07:00,L9,No issue,0.0,50,48,Asha,Day
2024-09-14 22:09:00,P1,Breakdown,1.0,7654,7422,Evan,Day
2024-09-23 05:19:00,T1,No issue,0.0,8907,7724,Evan,Night
2024-05-28 21:32:00,P1,Changeover,4.0,8775,8561,Diya,Day
2024-12-07 21:10:00,P1,No issue,0.0,7367,7337,Chen,Night
2024-01-15 15:48:00,L9,No issue,0.0,2323,2173,Chen,Day
2024-07-10 21:12:00,L9,Breakdown,0.0,8758,7728,Chen,Night
2024-02-15 23:21:00,T2,Breakdown,0.0,5359,5115,Evan,Night
2024-12-07 08:12:00,P1,No issue,0.0,10915,10355,Evan,Day
2024-11-11 19:50:00,L8,No issue,0.0,3541,3115,Asha,Night
2024-10-14 06:21:00,T1,Breakdown,0.0,57,53,Evan,Night
2024-08-20 21:39:00,T2,Quality stop,3.0,8073,7769,Chen,Day
2024-12-19 10:47:00,T2,PM,4.0,3446,3123,Diya,Day
2024-09-24 10:31:00,P1,No issue,0.0,11552,11179,Evan,Day
2024-11-18 08:09:00,P1,Changeover,0.0,6404,6119,Diya,Day
2024-11-05 15:29:00,T1,PM,4.0,9319,9181,Asha,Night
2024-12-27 13:34:00,L8,Changeover,4.0,1164,1129,Unknown,Day
2024-03-26 12:26:00,T1,Changeover,0.0,9866,9180,Diya,Night
2024-10-19 17:23:00,T1,No issue,0.0,8816,8738,Diya,Day
2024-04-06 07:01:00,P1,Breakdown,4.0,10731,9790,Asha,Day
2024-08-21 17:13:00,T1,No issue,0.0,8193,7270,Chen,Day
2024-11-07 11:15:00,L8,Quality stop,1.0,4844,4153,Chen,Night
2024-09-01 20:03:00,P1,PM,1.0,1372,1236,Chen,Day
2024-01-01 06:09:00,L9,No issue,0.0,11333,10865,Diya,Night
2024-11-14 17:07:00,L9,No issue,0.0,9921,8801,Chen,Night
2024-12-12 18:33:00,L8,Breakdown,0.0,4561,4062,Asha,Day
2024-03-22 00:46:00,L8,Quality stop,1.0,1295,1294,Diya,Day
2024-10-06 20:34:00,T2,PM,3.0,2678,2607,Evan,Day
2024-11-07 19:23:00,P1,Breakdown,0.0,3445,3286,Ben,Night
2024-02-23 14:17:00,T2,No issue,0.0,8212,8166,Diya,Day
2024-10-30 19:32:00,L8,No issue,0.0,702,648,Ben,Night
2024-02-26 09:45:00,L8,Changeover,0.0,3008,2692,Diya,Day
2024-08-26 05:01:00,T2,Quality stop,1.0,10528,9632,Asha,Day
2024-07-24 15:37:00,T2,No issue,0.0,8967,8805,Asha,Day
2024-01-16 07:21:00,T1,Breakdown,0.0,4950,4428,Diya,Day
2024-12-07 04:21:00,T2,No issue,0.0,9320,8958,Evan,Day
2024-11-15 18:08:00,L8,No issue,0.0,10208,9066,Ben,Day
2024-05-26 20:53:00,T2,No issue,0.0,1124,1071,Ben,Day
2024-03-25 10:27:00,P1,No issue,0.0,1168,1056,Asha,Night
2024-08-18 03:28:00,L8,No issue,0.0,11274,11061,Evan,Day
2024-03-27 15:40:00,T2,PM,1.0,10562,9456,Asha,Night
2024-10-27 23:44:00,L8,Breakdown,2.0,11998,11740,Diya,Day
2024-02-11 22:01:00,P1,No issue,0.0,9578,8552,Chen,Day
2024-03-14 17:43:00,P1,PM,1.0,646,624,Diya,Day
2024-07-30 16:04:00,T1,Changeover,1.0,8632,8254,Diya,Day
2024-07-15 17:06:00,L8,Quality stop,0.0,1259,1112,Chen,Day
2024-05-26 21:06:00,T1,Changeover,1.0,1409,1240,Diya,Day
2024-03-25 19:35:00,T2,PM,1.0,10005,9622,Diya,Day
2024-03-03 23:37:00,P1,No issue,0.0,1441,1267,Ben,Day
2024-12-02 00:48:00,T2,Breakdown,0.0,8883,7620,Chen,Night
2024-12-08 12:35:00,L8,Quality stop,1.0,1271,1214,Ben,Day
2024-05-18 03:13:00,T2,Breakdown,1.0,9502,9036,Chen,Night
2024-08-03 22:54:00,L8,Breakdown,0.0,2822,2496,Diya,Day
2024-11-05 02:13:00,T1,Breakdown,0.0,8689,7627,Asha,Day
2024-08-15 14:32:00,T1,No issue,0.0,6284,6142,Ben,Night
2024-07-09 06:38:00,T1,PM,1.0,3471,2981,Chen,Day
2024-03-10 03:05:00,T2,Breakdown,2.0,596,558,Ben,Night
2024-04-01 06:50:00,P1,No issue,0.0,4126,3685,Chen,Day
2024-07-06 06:23:00,P1,No issue,0.0,3416,3220,Evan,Night
2024-07-10 07:03:00,T2,Breakdown,1.0,2875,2820,Unknown,Day
2024-09-24 08:33:00,T1,Quality stop,2.0,2893,2724,Ben,Day
2024-09-19 13:17:00,T2,No issue,0.0,10808,9985,Asha,Day
2024-07-02 12:21:00,L9,No issue,0.0,4473,4353,Unknown,Night
2024-12-04 15:53:00,T1,No issue,0.0,2168,1899,Asha,Night
2024-04-03 23:43:00,L8,Breakdown,3.0,3442,3096,Diya,Day
2024-08-02 22:06:00,T2,Changeover,0.0,4095,3969,Diya,Night
2024-08-14 13:51:00,P1,PM,0.0,9855,9825,Asha,Day
2024-06-10 13:17:00,T2,No issue,0.0,6845,6176,Evan,Night
2024-06-20 09:34:00,P1,No issue,0.0,6400,6269,Ben,Day
2024-04-10 22:06:00,P1,No issue,0.0,753,680,Diya,Day
2024-10-31 19:04:00,T1,Changeover,0.0,1811,1600,Ben,Day
2024-12-17 21:12:00,T2,PM,4.0,1328,1323,Ben,Day
2024-10-28 07:30:00,P1,Changeover,2.0,9250,8238,Evan,Day
2024-03-04 17:51:00,T2,Breakdown,4.0,5792,5707,Asha,Night
2024-10-14 12:20:00,L8,Breakdown,2.0,11780,11158,Diya,Night
2024-08-16 04:14:00,T1,Breakdown,3.0,7116,6432,Asha,Day
2024-01-12 15:24:00,P1,No issue,0.0,11474,10627,Chen,Night
2024-04-30 21:22:00,L8,No issue,0.0,6227,5793,Unknown,Day
2024-01-24 20:58:00,T1,Changeover,1.0,6421,5546,Ben,Night
2024-11-02 23:08:00,L8,Breakdown,0.0,9595,8695,Evan,Night
2024-08-14 06:45:00,P1,No issue,0.0,1862,1642,Chen,Day
2024-02-05 23:07:00,L9,Quality stop,3.0,4595,4435,Diya,Day
2024-03-17 15:13:00,P1,Quality stop,3.0,1873,1763,Ben,Day
2024-07-18 15:34:00,T1,Breakdown,1.0,7769,7268,Ben,Day
2024-07-25 19:15:00,L8,No issue,0.0,9532,8419,Diya,Night
2024-10-14 01:35:00,L9,No issue,0.0,9385,8293,Ben,Night
2024-01-14 12:50:00,T2,No issue,0.0,8104,7815,Unknown,Day
2024-10-07 23:23:00,L8,No issue,0.0,10845,9828,Evan,Day
2024-11-05 12:10:00,L9,Breakdown,0.0,8545,8475,Diya,Night
2024-09-04 14:42:00,L9,No issue,0.0,8673,8561,Evan,Night
2024-09-25 11:18:00,P1,Changeover,0.0,1469,1393,Asha,Day
2024-05-03 10:47:00,T2,Changeover,0.0,7610,7094,Diya,Day
2024-12-20 09:06:00,L9,PM,0.0,9787,9736,Asha,Night
2024-09-29 10:25:00,T2,PM,0.0,297,271,Chen,Night
2024-05-28 12:52:00,T1,Breakdown,0.0,11252,10638,Asha,Day
2024-09-09 09:11:00,T2,No issue,0.0,5392,4788,Evan,Night
2024-03-17 22:41:00,T1,No issue,0.0,5291,4923,Chen,Day
2024-07-17 10:33:00,L8,Quality stop,2.0,11777,11026,Ben,Day
2024-12-13 07:14:00,T1,Breakdown,2.0,5481,5080,Chen,Night
2024-12-13 20:46:00,L9,No issue,0.0,338,311,Diya,Night
2024-01-27 20:13:00,L9,No issue,0.0,9991,8956,Chen,Day
2024-05-21 00:24:00,T1,PM,0.0,4528,4191,Ben,Day
2024-06-11 07:54:00,L8,PM,0.0,740,729,Diya,Day
2024-03-21 16:38:00,P1,No issue,0.0,1724,1531,Diya,Night
2024-06-10 17:34:00,P1,Changeover,4.0,3431,2936,Asha,Night
2024-07-18 10:06:00,T1,No issue,0.0,564,529,Ben,Day
2024-01-01 14:30:00,P1,No issue,0.0,3257,3234,Chen,Night
2024-09-02 22:50:00,L9,Changeover,1.0,8991,8879,Diya,Night
2024-02-23 17:43:00,T2,No issue,0.0,2102,2102,Diya,Day
2024-11-01 18:22:00,T2,Quality stop,0.0,10891,9593,Ben,Day
2024-11-26 04:56:00,P1,Quality stop,2.0,2912,2524,Unknown,Night
2024-08-14 04:05:00,T2,Breakdown,0.0,1719,1615,Ben,Night
2024-06-02 13:53:00,P1,No issue,0.0,6003,5504,Chen,Night
2024-02-27 23:49:00,L9,Breakdown,1.0,3766,3623,Asha,Day
2024-12-13 04:06:00,T1,No issue,0.0,878,765,Ben,Day
2024-11-18 17:49:00,P1,Quality stop,2.0,9174,8218,Chen,Night
2024-03-25 05:52:00,T2,No issue,0.0,11709,11555,Unknown,Day
2024-12-12 04:22:00,P1,Breakdown,1.0,6147,5771,Diya,Day
2024-05-01 11:18:00,L9,No issue,0.0,7138,6509,Chen,Night
2024-03-09 20:42:00,T1,No issue,0.0,2711,2619,Asha,Night
2024-01-22 18:55:00,T1,PM,1.0,11128,9973,Ben,Day
2024-11-19 20:46:00,T2,Changeover,0.0,11590,10044,Chen,Day
2024-05-04 07:30:00,P1,PM,0.0,2157,2098,Diya,Night
2024-03-09 12:09:00,T2,Breakdown,3.0,4478,3808,Unknown,Night
2024-02-16 03:48:00,L9,No issue,0.0,3283,3084,Asha,Day
2024-03-07 16:01:00,L8,PM,4.0,9552,8879,Asha,Night
2024-07-26 13:25:00,T1,No issue,0.0,8168,8035,Ben,Day
2024-10-01 19:44:00,L8,Breakdown,0.0,10188,9012,Ben,Night
2024-07-14 17:17:00,T2,Quality stop,0.0,7264,6719,Asha,Day
2024-09-22 07:02:00,T2,Breakdown,0.0,6789,6438,Asha,Day
2024-11-03 03:23:00,L8,Quality stop,1.0,7469,7153,Evan,Night
2024-10-13 00:03:00,T1,PM,1.0,9809,9541,Asha,Day
2024-07-16 23:10:00,L9,Changeover,1.0,1843,1695,Diya,Night
2024-05-22 18:32:00,T2,Breakdown,2.0,10952,10807,Chen,Night
2024-05-19 21:45:00,L8,Quality stop,1.0,611,600,Chen,Night
2024-11-14 09:44:00,T2,PM,2.0,10968,10630,Diya,Night
2024-10-12 05:43:00,T1,No issue,0.0,6966,6831,Evan,Day
2024-07-24 15:26:00,L8,No issue,0.0,1894,1713,Evan,Day
2024-07-30 16:42:00,T1,No issue,0.0,1583,1412,Evan,Night
2024-10-28 05:21:00,P1,PM,4.0,8642,7994,Evan,Day
2024-08-04 16:19:00,T2,PM,1.0,11531,10372,Chen,Day
2024-08-28 19:07:00,L8,PM,0.0,1318,1185,Ben,Day
2024-10-27 13:04:00,L8,No issue,0.0,11693,10385,Chen,Night
2024-07-27 14:20:00,T1,PM,0.0,8797,7833,Asha,Night
2024-04-17 06:17:00,P1,Quality stop,0.0,5827,5647,Evan,Night
2024-01-19 20:31:00,T1,No issue,0.0,2235,2210,Ben,Day
2024-10-08 07:13:00,T1,Changeover,1.0,10503,10276,Asha,Night
2024-07-15 22:21:00,L8,Changeover,0.0,5397,5302,Diya,Night
2024-11-18 14:35:00,L8,No issue,0.0,10572,9317,Evan,Day
2024-07-24 00:38:00,P1,Breakdown,1.0,8699,7862,Evan,Night
2024-10-19 21:51:00,L8,Quality stop,2.0,8342,7217,Asha,Day
2024-03-15 03:19:00,P1,Changeover,0.0,6802,6250,Diya,Night
2024-07-25 08:20:00,T1,Breakdown,1.0,4865,4777,Chen,Night
2024-12-11 14:14:00,T2,Quality stop,0.0,984,916,Diya,Night
2024-09-29 13:59:00,T2,Quality stop,0.0,10852,10437,Asha,Day
2024-08-27 18:23:00,L8,No issue,0.0,6400,5836,Chen,Night
2024-02-16 16:58:00,L8,No issue,0.0,11697,10521,Ben,Day
2024-12-22 00:41:00,T2,No issue,0.0,1379,1198,Ben,Day
2024-11-10 22:15:00,L8,PM,3.0,9547,8959,Diya,Night
2024-10-28 20:03:00,T1,No issue,0.0,10540,9657,Chen,Day
2024-01-06 15:13:00,T1,No issue,0.0,1215,1151,Asha,Day
2024-03-13 04:05:00,L9,No issue,0.0,3991,3954,Asha,Day
2024-02-10 21:17:00,L9,Breakdown,0.0,10716,9385,Ben,Day
2024-04-15 13:20:00,T1,No issue,0.0,11130,10819,Asha,Day
2024-05-02 15:24:00,P1,Quality stop,0.0,9793,9281,Asha,Day
2024-06-07 15:58:00,T2,Quality stop,1.0,7857,7262,Asha,Day
2024-12-29 23:30:00,L8,Quality stop,2.0,3588,3336,Diya,Night
2024-08-07 22:32:00,T2,PM,1.0,5122,4362,Evan,Day
2024-10-22 22:24:00,L9,Breakdown,0.0,8017,7969,Evan,Day
2024-08-18 12:02:00,P1,Quality stop,4.0,2733,2403,Chen,Day
2024-11-14 15:21:00,P1,Breakdown,1.0,408,401,Asha,Day
2024-10-13 15:45:00,L8,PM,1.0,1661,1544,Diya,Day
2024-06-08 07:49:00,L9,Quality stop,2.0,8348,8279,Diya,Day
2024-01-16 20:13:00,L9,Changeover,1.0,10697,9889,Evan,Night
2024-12-18 22:15:00,L9,No issue,0.0,4742,4502,Chen,Night
2024-06-04 22:19:00,P1,PM,3.0,10243,8917,Asha,Day
2024-04-30 11:53:00,L9,No issue,0.0,454,389,Diya,Day
2024-08-04 13:40:00,L8,PM,1.0,2174,2003,Ben,Day
2024-04-14 02:10:00,L8,Breakdown,3.0,5838,5042,Asha,Day
2024-12-10 03:39:00,T2,No issue,0.0,9187,8879,Diya,Night
2024-10-23 04:16:00,L8,Breakdown,1.0,10834,9225,Chen,Day
2024-02-22 18:15:00,L8,Changeover,1.0,1243,1146,Evan,Day
2024-02-24 06:13:00,L9,PM,4.0,152,135,Chen,Day
2024-03-31 16:16:00,P1,No issue,0.0,6014,5354,Asha,Night
2024-03-28 15:16:00,P1,Breakdown,0.0,6226,5357,Chen,Day
2024-03-24 02:43:00,L9,No issue,0.0,9842,9745,Evan,Night
2024-02-02 18:33:00,L9,Changeover,0.0,11063,10659,Diya,Day
2024-11-07 19:15:00,T2,PM,0.0,8741,8368,Diya,Day
2024-02-18 20:01:00,T2,Changeover,1.0,4116,3971,Chen,Night
2024-01-11 19:09:00,L9,Breakdown,0.0,2682,2593,Diya,Night
2024-05-01 23:00:00,T2,Quality stop,1.0,5593,4982,Chen,Night
2024-06-04 13:05:00,T1,Breakdown,1.0,3413,3336,Evan,Day
2024-02-25 15:12:00,T1,Breakdown,1.0,282,251,Evan,Night
2024-09-17 08:57:00,P1,Quality stop,0.0,4434,4207,Chen,Day
2024-01-04 15:44:00,P1,Quality stop,0.0,10816,10771,Chen,Day
2024-07-23 20:14:00,L8,Breakdown,2.0,2495,2381,Ben,Day
2024-01-16 20:50:00,L8,PM,2.0,1889,1834,Evan,Day
2024-07-04 00:05:00,L8,Breakdown,0.0,1819,1679,Asha,Night
2024-08-21 20:49:00,T1,No issue,0.0,4847,4211,Chen,Day
2024-09-16 15:54:00,T1,No issue,0.0,3110,2873,Diya,Day
2024-11-05 04:21:00,P1,Breakdown,0.0,1809,1631,Asha,Day
2024-06-21 14:16:00,L8,Quality stop,4.0,10135,9059,Asha,Night
2024-10-27 16:47:00,P1,No issue,0.0,7383,6880,Ben,Night
2024-05-16 22:54:00,T2,No issue,0.0,11154,10307,Asha,Night
2024-02-21 13:12:00,L9,No issue,0.0,11434,11327,Ben,Night
2024-05-15 12:10:00,T1,Breakdown,0.0,3830,3585,Evan,Day
2024-07-09 03:18:00,T1,No issue,0.0,11258,11032,Unknown,Night
2024-07-06 08:23:00,T1,Quality stop,1.0,8543,7735,Chen,Day
2024-06-05 15:57:00,T2,Quality stop,2.0,8461,7372,Diya,Day
2024-06-17 07:24:00,P1,Breakdown,1.0,3810,3588,Asha,Night
2024-10-26 16:08:00,L9,Breakdown,0.0,1085,922,Diya,Night
2024-06-08 13:42:00,L8,PM,0.0,11506,9912,Ben,Day
2024-02-25 04:23:00,T2,No issue,0.0,8486,7409,Asha,Night
2024-04-05 19:35:00,T1,No issue,0.0,781,780,Asha,Night
2024-06-15 04:49:00,P1,Breakdown,0.0,11184,9981,Evan,Day
2024-01-29 10:22:00,T1,Breakdown,4.0,11243,9850,Ben,Day
2024-08-15 19:06:00,L9,No issue,0.0,9712,9218,Chen,Night
2024-07-21 21:51:00,L9,No issue,0.0,7616,6935,Asha,Day
2024-06-19 07:58:00,T1,No issue,0.0,6554,6359,Diya,Night
2024-09-19 14:59:00,L9,PM,3.0,3500,3311,Ben,Day
2024-11-19 03:12:00,L8,Quality stop,1.0,1435,1287,Chen,Night
2024-08-12 14:01:00,T2,Quality stop,4.0,1079,950,Asha,Day
2024-03-21 08:20:00,L9,Breakdown,0.0,2261,2248,Evan,Night
2024-12-30 10:29:00,T2,No issue,0.0,1327,1147,Chen,Day
2024-10-22 05:59:00,T1,Breakdown,1.0,1635,1553,Chen,Day
2024-05-14 22:27:00,P1,PM,0.0,8604,7830,Asha,Day
2024-03-09 10:00:00,L8,Breakdown,4.0,6116,5278,Evan,Night
2024-08-16 00:31:00,P1,No issue,0.0,11496,10439,Asha,Day
2024-12-04 00:50:00,L9,Breakdown,1.0,6702,6170,Ben,Night
2024-01-01 07:05:00,T1,No issue,0.0,3143,2957,Diya,Day
2024-01-06 10:09:00,L8,Breakdown,1.0,8764,7596,Evan,Day
2024-09-09 12:16:00,T2,Breakdown,0.0,7532,6911,Asha,Night
2024-05-30 09:45:00,P1,No issue,0.0,1909,1820,Chen,Day
2024-12-20 14:39:00,T1,PM,2.0,8517,8508,Ben,Night
2024-05-01 14:23:00,L8,Breakdown,0.0,5059,4423,Chen,Day
2024-01-23 09:59:00,T1,Changeover,2.0,6355,6317,Diya,Day
2024-02-05 09:27:00,L8,No issue,0.0,8414,8003,Chen,Day
2024-07-25 09:16:00,P1,Quality stop,1.0,8928,8613,Diya,Day
2024-03-09 20:05:00,T1,No issue,0.0,11238,10873,Asha,Night
2024-09-05 16:13:00,P1,Quality stop,0.0,6149,5446,Ben,Day
2024-12-18 04:14:00,T2,Breakdown,1.0,3579,3109,Diya,Day
2024-04-11 02:12:00,L8,No issue,0.0,9424,8030,Evan,Day
2024-08-13 07:17:00,P1,PM,2.0,1281,1200,Diya,Day
2024-12-03 12:24:00,L8,PM,0.0,5458,5434,Unknown,Day
2024-02-28 08:19:00,T1,No issue,0.0,2668,2291,Chen,Day
2024-10-24 03:14:00,P1,No issue,0.0,11805,11621,Asha,Day
2024-08-16 19:52:00,T2,No issue,0.0,9048,8250,Ben,Day
2024-01-13 17:52:00,P1,No issue,0.0,5573,5473,Ben,Night
2024-02-22 22:52:00,L9,Breakdown,3.0,10310,10110,Evan,Day
2024-02-08 14:29:00,L9,Quality stop,1.0,7991,7060,Asha,Night
2024-10-08 05:14:00,L8,PM,0.0,2991,2702,Diya,Night
2024-07-23 10:38:00,L9,Changeover,0.0,5040,4640,Ben,Night
2024-06-21 01:43:00,L9,Quality stop,0.0,349,310,Asha,Night
2024-11-18 02:46:00,L8,Breakdown,0.0,11762,10473,Asha,Night
2024-02-11 01:07:00,L9,PM,0.0,8530,8344,Asha,Day
2024-08-17 00:48:00,T1,No issue,0.0,8751,8714,Asha,Night
2024-12-21 22:24:00,T1,Breakdown,1.0,1362,1328,Evan,Night
2024-10-04 10:54:00,L8,No issue,0.0,6246,5727,Diya,Day
2024-01-19 18:17:00,L9,No issue,0.0,6985,6216,Ben,Day
2024-06-14 06:42:00,L8,Breakdown,0.0,9637,9514,Chen,Night
2024-06-03 02:34:00,L8,Breakdown,2.0,4732,4648,Evan,Day
2024-10-26 22:27:00,P1,No issue,0.0,7855,7770,Diya,Night
2024-09-14 04:16:00,P1,Breakdown,2.0,8002,7021,Evan,Day
2024-05-05 10:29:00,T1,PM,1.0,5476,5391,Diya,Night
2024-04-29 03:31:00,L8,Breakdown,0.0,9444,8977,Ben,Day
2024-03-16 13:20:00,P1,No issue,0.0,3132,2809,Diya,Day
2024-04-25 21:50:00,L8,Changeover,2.0,7135,6839,Diya,Day
2024-04-27 20:52:00,T2,PM,0.0,7797,6659,Chen,Day
2024-01-08 08:14:00,P1,Quality stop,1.0,387,375,Diya,Day
2024-02-10 23:13:00,L8,No issue,0.0,7100,6793,Asha,Day
2024-08-27 16:24:00,T2,Quality stop,3.0,7396,6477,Diya,Day
2024-09-18 09:22:00,L9,Breakdown,0.0,6949,6398,Ben,Day
2024-06-18 17:20:00,P1,No issue,0.0,7483,7171,Chen,Day
2024-03-15 18:37:00,T2,Changeover,0.0,10169,10123,Asha,Day
2024-10-23 18:48:00,T1,PM,1.0,955,860,Evan,Night
2024-10-17 20:49:00,T2,PM,1.0,5670,5073,Diya,Day
2024-04-28 06:02:00,T1,PM,1.0,8545,7263,Chen,Night
2024-07-06 13:25:00,L8,No issue,0.0,8125,6939,Asha,Day
2024-09-01 15:38:00,L8,Quality stop,1.0,4189,3874,Diya,Day
2024-11-18 07:29:00,T2,PM,1.0,4833,4831,Diya,Day
2024-01-05 11:59:00,P1,Breakdown,1.0,4633,4343,Evan,Night
2024-06-28 22:15:00,L8,PM,0.0,8598,7928,Diya,Night
2024-02-17 12:06:00,T1,Quality stop,1.0,8190,8083,Asha,Night
2024-05-05 09:23:00,T2,PM,1.0,4148,3788,Chen,Day
2024-08-01 22:27:00,T2,No issue,0.0,2128,1827,Chen,Night
2024-10-26 13:44:00,L9,No issue,0.0,9530,9492,Ben,Night
2024-08-11 18:35:00,T1,Breakdown,3.0,8054,6946,Chen,Day
2024-06-01 23:03:00,P1,Breakdown,1.0,10897,10668,Asha,Day
2024-06-28 21:09:00,L8,No issue,0.0,10794,9609,Diya,Night
2024-06-01 13:38:00,P1,Changeover,1.0,7927,7808,Asha,Night
2024-04-06 00:41:00,L9,No issue,0.0,10363,9825,Chen,Day
2024-01-12 05:12:00,T1,No issue,0.0,1403,1325,Ben,Day
2024-09-09 01:33:00,T2,Breakdown,0.0,10523,9965,Diya,Day
2024-10-08 21:14:00,P1,PM,0.0,10481,9356,Ben,Night
2024-03-11 06:24:00,L9,Changeover,1.0,276,275,Diya,Night
2024-09-26 15:18:00,P1,Breakdown,0.0,8867,7614,Evan,Night
2024-01-31 04:10:00,T2,Changeover,0.0,9258,8832,Asha,Day
2024-07-04 09:16:00,L9,Quality stop,0.0,1552,1484,Asha,Day
2024-02-26 00:49:00,P1,Breakdown,0.0,3835,3500,Ben,Day
2024-10-28 04:46:00,L8,Quality stop,0.0,5632,5374,Asha,Night
2024-05-13 16:50:00,P1,No issue,0.0,7353,6972,Ben,Day
2024-12-17 09:13:00,L8,No issue,0.0,5162,4390,Ben,Day
2024-05-28 07:07:00,T1,PM,0.0,10606,10433,Chen,Night
2024-06-23 17:40:00,P1,No issue,0.0,1294,1124,Asha,Day
2024-04-20 19:36:00,L8,No issue,0.0,2372,2250,Chen,Day
2024-11-15 16:21:00,L9,Breakdown,3.0,6086,5222,Asha,Night
2024-11-20 17:42:00,T1,No issue,0.0,3301,2936,Evan,Day
2024-07-04 08:13:00,T2,Breakdown,0.0,4071,3982,Asha,Day
2024-12-13 20:54:00,P1,Breakdown,2.0,9574,8474,Asha,Night
2024-11-06 12:38:00,T1,Breakdown,1.0,5711,5471,Asha,Night
2024-05-03 16:22:00,L8,No issue,0.0,378,339,Diya,Day
2024-04-26 15:40:00,L8,Changeover,0.0,7146,6436,Chen,Night
2024-09-20 12:58:00,L9,No issue,0.0,10790,9965,Chen,Night
2024-02-24 22:15:00,L8,Quality stop,0.0,288,264,Asha,Night
2024-11-20 19:39:00,T1,Breakdown,0.0,8738,8627,Asha,Night
2024-01-11 13:22:00,L8,No issue,0.0,10702,10654,Ben,Night
2024-11-11 08:26:00,T2,Breakdown,0.0,7717,7572,Asha,Day
2024-02-22 03:01:00,T1,No issue,0.0,1784,1779,Evan,Night
2024-02-27 18:24:00,L8,Breakdown,2.0,11948,11851,Evan,Day
2024-06-22 04:13:00,L9,Quality stop,0.0,10376,10373,Chen,Night
2024-09-14 23:53:00,L8,No issue,0.0,1164,999,Diya,Day
2024-06-23 19:45:00,P1,Quality stop,0.0,9196,8741,Diya,Day
2024-03-28 03:31:00,T2,No issue,0.0,3042,2878,Evan,Night
2024-12-26 12:30:00,P1,Quality stop,2.0,5914,5555,Unknown,Day
2024-12-13 08:20:00,T2,Changeover,0.0,4637,4071,Chen,Day
2024-03-29 20:20:00,P1,No issue,0.0,9698,8493,Diya,Day
2024-09-07 11:11:00,T2,No issue,0.0,10471,10165,Chen,Day
2024-07-28 23:35:00,P1,Quality stop,0.0,9673,9222,Chen,Day
2024-09-27 22:08:00,L9,No issue,0.0,5660,5550,Diya,Day
2024-04-15 15:44:00,L8,Breakdown,0.0,7166,6555,Ben,Day
2024-07-24 04:08:00,L8,Breakdown,2.0,1485,1356,Asha,Day
2024-11-01 20:09:00,L8,PM,2.0,6946,5965,Ben,Night
2024-02-20 04:17:00,T2,Changeover,1.0,1327,1244,Chen,Day
2024-05-22 13:19:00,T2,No issue,0.0,10554,9599,Chen,Night
2024-07-09 04:07:00,L8,No issue,0.0,4916,4639,Diya,Night
2024-05-27 05:02:00,T2,Breakdown,1.0,9290,8500,Evan,Day
2024-01-10 14:34:00,T1,PM,0.0,5371,5067,Asha,Day
2024-02-02 18:06:00,P1,Breakdown,1.0,3775,3751,Asha,Night
2024-10-24 07:10:00,L8,PM,1.0,10268,9944,Ben,Day
2024-07-24 06:40:00,L8,Breakdown,0.0,5660,5151,Chen,Day
2024-02-11 15:17:00,P1,No issue,0.0,5372,5055,Asha,Night
2024-01-19 14:35:00,T2,Changeover,0.0,8497,7834,Diya,Day
2024-12-24 09:47:00,T2,Breakdown,1.0,45,39,Asha,Night
2024-04-17 03:15:00,T1,Changeover,1.0,1845,1754,Evan,Day
2024-09-13 22:44:00,T1,No issue,0.0,3611,3233,Ben,Night
2024-02-09 23:08:00,L9,PM,0.0,11804,11230,Asha,Day
2024-04-10 15:26:00,L8,Changeover,0.0,10273,9836,Chen,Night
2024-11-04 10:58:00,P1,No issue,0.0,10027,8994,Chen,Night
2024-01-10 14:23:00,L9,No issue,0.0,8782,8207,Ben,Day
2024-04-25 16:52:00,T1,No issue,0.0,3135,2938,Asha,Day
2024-03-21 22:27:00,L8,Breakdown,2.0,5942,5063,Chen,Night
2024-07-20 12:30:00,L9,Breakdown,1.0,5508,4915,Asha,Day
2024-09-10 00:39:00,L8,Quality stop,1.0,37,35,Ben,Night
2024-08-05 21:39:00,T1,PM,1.0,4307,3676,Evan,Day
2024-08-27 10:54:00,L8,Quality stop,0.0,6554,5779,Chen,Night
2024-10-26 12:45:00,T1,No issue,0.0,2407,2209,Asha,Day
2024-12-28 21:29:00,T2,No issue,0.0,10405,9151,Unknown,Day
2024-05-24 22:06:00,T1,No issue,0.0,5657,5340,Evan,Day
2024-11-09 18:45:00,T1,Breakdown,2.0,11549,9828,Chen,Day
2024-01-19 09:45:00,L8,Changeover,0.0,3888,3674,Chen,Day
2024-01-05 14:14:00,P1,Changeover,1.0,1459,1433,Diya,Day
2024-06-16 15:36:00,T1,Changeover,2.0,7255,6694,Asha,Day
2024-06-19 22:16:00,L9,Breakdown,0.0,6510,5605,Asha,Day
2024-12-04 12:16:00,L8,Breakdown,0.0,3312,3217,Chen,Night
2024-08-30 01:04:00,L8,PM,1.0,1734,1666,Chen,Day
2024-03-05 21:06:00,P1,Quality stop,2.0,10550,10024,Evan,Day
2024-06-06 10:02:00,L8,No issue,0.0,7165,6765,Diya,Day
2024-01-18 06:34:00,T1,No issue,0.0,7203,6497,Asha,Day
2024-09-18 14:25:00,L9,PM,1.0,6668,5884,Diya,Day
2024-06-05 22:51:00,L8,No issue,0.0,4234,3739,Ben,Day
2024-06-19 10:29:00,L9,No issue,0.0,2150,1974,Asha,Day
2024-07-30 08:46:00,P1,Changeover,2.0,57,56,Unknown,Night
2024-07-25 07:11:00,P1,No issue,0.0,801,701,Ben,Day
2024-01-30 03:56:00,L8,No issue,0.0,11462,10826,Diya,Night
2024-04-28 18:55:00,L8,No issue,0.0,7907,7323,Diya,Day
2024-11-25 17:37:00,T1,No issue,0.0,11392,11074,Ben,Night
2024-06-25 02:14:00,T1,Quality stop,0.0,2737,2731,Asha,Day
2024-12-26 09:44:00,T2,No issue,0.0,10528,9992,Diya,Day
2024-08-28 00:29:00,T2,No issue,0.0,7024,6685,Evan,Night
2024-09-24 03:40:00,P1,Quality stop,1.0,7437,6373,Diya,Day
2024-01-04 10:40:00,T1,No issue,0.0,4183,3820,Evan,Night
2024-08-25 12:35:00,L9,Quality stop,0.0,70,66,Diya,Day
2024-10-10 05:16:00,L9,Quality stop,0.0,97,84,Ben,Night
2024-04-05 06:36:00,T2,PM,1.0,6959,6289,Ben,Night
2024-03-17 02:22:00,T2,Breakdown,1.0,2616,2250,Asha,Day
2024-10-03 07:09:00,P1,Breakdown,2.0,11414,10320,Chen,Night
2024-09-22 04:23:00,L9,No issue,0.0,2466,2449,Ben,Day
2024-12-06 10:29:00,L8,Changeover,0.0,62,59,Evan,Day
2024-10-03 06:02:00,T1,Quality stop,0.0,9901,8917,Ben,Night
2024-10-23 22:40:00,L9,No issue,0.0,11486,9788,Chen,Night
2024-07-14 03:23:00,P1,No issue,0.0,6660,6328,Chen,Day
2024-01-03 18:32:00,L8,Breakdown,2.0,2189,2116,Chen,Day
2024-07-10 02:48:00,T1,Quality stop,1.0,3359,3142,Diya,Night
2024-10-25 08:45:00,T1,No issue,0.0,8676,7682,Diya,Day
2024-12-24 20:30:00,T2,Breakdown,2.0,11961,10723,Asha,Day
2024-02-19 23:37:00,T2,Breakdown,0.0,8208,7240,Asha,Day
2024-03-06 05:42:00,L8,Breakdown,0.0,1203,1151,Asha,Day
2024-05-11 17:37:00,T1,No issue,0.0,6935,6903,Diya,Night
2024-11-08 04:09:00,L9,Quality stop,0.0,1795,1738,Diya,Day
2024-07-09 08:04:00,L8,No issue,0.0,872,817,Ben,Day
2024-03-17 11:05:00,P1,Changeover,1.0,6278,5577,Ben,Day
2024-03-17 15:48:00,T2,PM,2.0,9469,8736,Asha,Day
2024-08-27 13:44:00,T1,No issue,0.0,7617,6765,Diya,Night
2024-07-11 08:22:00,T2,No issue,0.0,5530,5448,Chen,Night
2024-01-26 04:37:00,P1,Quality stop,0.0,6297,6075,Evan,Day
2024-10-18 23:03:00,L8,Breakdown,0.0,6737,5769,Chen,Day
2024-07-05 12:01:00,L8,Breakdown,0.0,6854,6660,Asha,Night
2024-04-12 07:48:00,P1,Quality stop,0.0,1612,1545,Diya,Night
2024-12-23 01:18:00,T1,Changeover,0.0,7109,6269,Chen,Day
2024-03-31 06:41:00,P1,Breakdown,0.0,7296,6276,Diya,Day
2024-04-16 13:25:00,P1,No issue,0.0,3551,3137,Ben,Night
2024-02-19 09:57:00,T1,Breakdown,0.0,8065,7106,Ben,Day
2024-05-08 22:52:00,P1,Breakdown,0.0,10957,10226,Chen,Day
2024-10-29 06:35:00,T2,Changeover,1.0,4813,4489,Asha,Day
2024-05-08 17:22:00,T2,No issue,0.0,1973,1897,Diya,Day
2024-01-11 02:19:00,T2,Quality stop,1.0,9827,8658,Evan,Day
2024-09-02 12:09:00,T1,No issue,0.0,8219,8051,Diya,Day
2024-05-27 09:28:00,T1,No issue,0.0,3650,3263,Ben,Night
2024-02-18 01:21:00,T2,Breakdown,2.0,3568,3087,Evan,Day
2024-03-30 02:28:00,P1,Quality stop,0.0,4929,4612,Chen,Night
2024-07-20 02:29:00,T2,No issue,0.0,432,431,Chen,Night
2024-08-19 19:22:00,P1,Breakdown,0.0,316,303,Diya,Night
2024-07-04 08:58:00,P1,Quality stop,0.0,6947,5925,Chen,Night
2024-10-14 14:26:00,P1,Changeover,1.0,7205,6414,Ben,Day
2024-02-26 23:23:00,T2,No issue,0.0,10878,9699,Diya,Night
2024-10-31 10:50:00,T1,Quality stop,1.0,5698,4920,Ben,Night
2024-04-22 23:06:00,T2,No issue,0.0,11586,10686,Asha,Day
2024-10-17 12:48:00,P1,Breakdown,0.0,9224,8482,Evan,Day
2024-01-03 23:54:00,L8,No issue,0.0,7440,6327,Asha,Day
2024-03-15 07:50:00,L8,Changeover,2.0,11061,10648,Chen,Night
2024-05-16 01:01:00,L9,Quality stop,2.0,8051,7131,Ben,Day
2024-12-01 08:32:00,L8,No issue,0.0,11692,11094,Evan,Night
2024-08-13 22:25:00,T1,Breakdown,0.0,11689,10284,Chen,Night
2024-12-30 04:09:00,L8,No issue,0.0,2983,2541,Chen,Day
2024-12-13 06:55:00,T1,PM,0.0,5936,5781,Ben,Night
2024-06-07 17:39:00,L8,Breakdown,0.0,10908,10823,Evan,Day
2024-10-02 22:05:00,P1,Changeover,1.0,10705,10278,Ben,Night
2024-05-13 00:52:00,P1,Breakdown,0.0,6053,5689,Chen,Night
2024-08-31 02:15:00,T2,Breakdown,1.0,2182,1918,Unknown,Night
2024-08-28 05:47:00,P1,Changeover,4.0,2522,2163,Asha,Day
2024-01-08 11:02:00,T1,No issue,0.0,2294,2049,Ben,Day
2024-02-27 06:59:00,T1,Breakdown,1.0,7614,6825,Asha,Day
2024-08-21 05:12:00,P1,No issue,0.0,2427,2075,Asha,Day
2024-04-18 09:41:00,T2,Breakdown,1.0,9504,9093,Asha,Day
2024-07-16 05:03:00,P1,No issue,0.0,6231,5994,Asha,Day
2024-01-28 00:35:00,L8,No issue,0.0,9846,8526,Diya,Night
2024-10-14 15:56:00,P1,No issue,0.0,3440,3245,Evan,Night
2024-11-08 03:20:00,T2,PM,3.0,1426,1352,Chen,Day
2024-10-04 17:00:00,T2,PM,3.0,5769,5140,Asha,Night
2024-11-30 03:29:00,P1,No issue,0.0,3712,3164,Chen,Day
2024-01-27 20:43:00,L8,PM,1.0,3736,3375,Asha,Day
2024-05-16 22:26:00,P1,PM,4.0,10370,10269,Evan,Day
2024-02-29 18:29:00,P1,Quality stop,1.0,4105,4016,Evan,Day
2024-03-30 23:28:00,L9,Breakdown,1.0,8439,7402,Asha,Night
2024-02-10 04:55:00,L9,Changeover,2.0,9769,9769,Asha,Day
2024-04-14 05:18:00,L8,Changeover,1.0,3575,3455,Evan,Day
2024-09-16 18:50:00,T2,No issue,0.0,11405,11121,Evan,Day
2024-09-13 03:25:00,T1,Changeover,2.0,2845,2473,Diya,Day
2024-02-26 04:55:00,P1,Breakdown,0.0,11576,10995,Diya,Day
2024-09-03 16:24:00,T2,Quality stop,1.0,1240,1129,Chen,Day
2024-12-08 16:55:00,L9,No issue,0.0,3871,3606,Diya,Day
2024-07-28 19:31:00,T2,Changeover,1.0,4969,4290,Diya,Day
2024-03-20 02:18:00,T2,Breakdown,4.0,3083,2689,Diya,Night
2024-06-30 05:10:00,L9,Breakdown,0.0,703,626,Diya,Night
2024-11-01 02:32:00,L9,No issue,0.0,6283,5471,Asha,Night
2024-04-03 19:53:00,L9,PM,0.0,9211,8611,Ben,Night
2024-05-10 11:21:00,T2,No issue,0.0,7730,7053,Diya,Day
2024-06-14 19:25:00,L9,Breakdown,0.0,4039,3825,Ben,Night
2024-10-15 04:41:00,L9,No issue,0.0,11420,10632,Chen,Day
2024-05-13 16:31:00,L9,Quality stop,2.0,6634,5937,Evan,Night
2024-12-08 17:09:00,T2,Breakdown,0.0,8668,7797,Unknown,Night
2024-03-10 01:27:00,T1,PM,3.0,3950,3585,Diya,Day
2024-05-02 03:25:00,P1,PM,0.0,7157,7005,Ben,Night
2024-11-20 11:33:00,P1,No issue,0.0,2846,2655,Diya,Day
2024-04-16 05:27:00,L8,No issue,0.0,2227,1935,Diya,Day
2024-12-29 10:55:00,L8,Changeover,3.0,4997,4333,Chen,Day
2024-04-22 00:43:00,T2,No issue,0.0,4756,4144,Chen,Day
2024-06-03 10:40:00,P1,Breakdown,2.0,5009,4554,Diya,Day
2024-01-21 03:50:00,L9,Changeover,3.0,6009,5603,Asha,Night
2024-03-25 01:04:00,T2,Changeover,0.0,10298,9400,Ben,Day
2024-05-18 05:22:00,T2,No issue,0.0,7797,7285,Chen,Day
2024-05-29 07:48:00,L8,No issue,0.0,8572,8345,Chen,Day
2024-05-16 23:09:00,T1,PM,0.0,7347,6845,Asha,Day
2024-11-07 01:04:00,T1,No issue,0.0,9768,9048,Diya,Day
2024-05-08 14:44:00,P1,No issue,0.0,561,477,Diya,Night
2024-08-01 19:46:00,L8,Breakdown,1.0,10241,9459,Asha,Night
2024-01-19 16:38:00,T2,No issue,0.0,11797,11600,Diya,Night
2024-08-14 05:22:00,L8,PM,1.0,7028,5973,Diya,Night
2024-05-25 21:02:00,L9,No issue,0.0,9096,8868,Diya,Day
2024-03-30 10:35:00,T1,No issue,0.0,2978,2618,Evan,Day
2024-08-10 19:24:00,L9,No issue,0.0,1240,1134,Chen,Day
2024-03-08 22:11:00,T2,No issue,0.0,9195,8118,Ben,Day
2024-01-06 06:36:00,T1,Quality stop,4.0,3037,2639,Ben,Day
2024-08-14 15:11:00,T2,PM,3.0,10854,10351,Chen,Night
2024-07-17 03:28:00,L8,Breakdown,0.0,10737,9275,Evan,Night
2024-09-27 12:44:00,L9,No issue,0.0,11463,10905,Ben,Day
2024-08-26 21:31:00,P1,Breakdown,4.0,5440,5260,Asha,Day
2024-04-23 09:19:00,T2,Breakdown,0.0,9302,7945,Diya,Night
2024-01-21 00:09:00,P1,No issue,0.0,11801,11125,Chen,Day
2024-12-17 00:18:00,P1,No issue,0.0,10614,9374,Unknown,Night
2024-03-12 16:37:00,T1,Breakdown,1.0,7424,7192,Diya,Day
2024-02-23 20:13:00,P1,No issue,0.0,7567,7241,Chen,Day
2024-09-07 00:36:00,T1,PM,1.0,9915,9310,Unknown,Day
2024-08-05 07:57:00,L9,No issue,0.0,7011,6043,Chen,Night
2024-03-19 10:16:00,L9,Breakdown,2.0,6233,5934,Asha,Day
2024-09-30 05:14:00,T2,No issue,0.0,10695,9985,Evan,Night
2024-08-06 00:25:00,T2,Quality stop,2.0,11234,10769,Ben,Night
2024-12-05 06:02:00,P1,No issue,0.0,4115,3669,Asha,Day
2024-08-28 03:05:00,P1,Breakdown,0.0,2587,2216,Chen,Day
2024-06-23 21:05:00,L9,No issue,0.0,10131,8690,Ben,Night
2024-06-20 12:35:00,T1,Changeover,4.0,5440,5221,Unknown,Day
2024-06-17 21:43:00,T1,Breakdown,1.0,5474,4829,Ben,Day
2024-01-01 07:01:00,P1,Breakdown,1.0,152,142,Chen,Night
2024-09-08 07:46:00,P1,PM,1.0,6652,6206,Ben,Day
2024-01-12 21:28:00,T1,No issue,0.0,4857,4685,Ben,Day
2024-12-23 09:58:00,T1,No issue,0.0,9382,9161,Ben,Day
2024-01-01 14:34:00,P1,PM,0.0,3755,3393,Ben,Day
2024-03-19 23:21:00,L9,Breakdown,1.0,8311,8123,Diya,Night
2024-11-16 07:26:00,T1,Quality stop,1.0,1329,1302,Evan,Day
2024-12-27 14:14:00,L9,Breakdown,3.0,11843,11010,Unknown,Day
2024-04-16 02:23:00,P1,Quality stop,0.0,1960,1781,Diya,Night
2024-09-10 08:26:00,T2,PM,0.0,7676,7134,Evan,Night
2024-03-04 19:52:00,T1,No issue,0.0,7865,7492,Chen,Day
2024-07-20 09:32:00,P1,PM,4.0,7621,7288,Asha,Day
2024-06-09 15:30:00,T2,Breakdown,1.0,6178,5651,Chen,Night
2024-12-26 11:39:00,T1,Quality stop,1.0,1410,1252,Asha,Night
2024-02-22 07:18:00,L9,No issue,0.0,11768,11577,Evan,Day
2024-10-17 10:07:00,P1,No issue,0.0,7365,6365,Evan,Day
2024-02-18 21:48:00,T1,No issue,0.0,6053,5248,Unknown,Day
2024-04-21 13:21:00,L8,No issue,0.0,5168,4828,Ben,Day
2024-08-26 18:13:00,T1,No issue,0.0,6214,5859,Asha,Night
2024-09-12 10:05:00,L8,Changeover,0.0,6988,6135,Asha,Day
2024-01-18 00:28:00,T1,No issue,0.0,869,854,Ben,Day
2024-08-29 09:46:00,P1,Changeover,1.0,6195,5468,Chen,Night
2024-02-20 03:10:00,L8,PM,4.0,5082,4794,Asha,Day
2024-10-09 02:37:00,P1,No issue,0.0,6692,6005,Diya,Day
2024-09-04 17:10:00,T2,No issue,0.0,1370,1210,Evan,Day
2024-06-20 06:15:00,L9,PM,1.0,11984,10448,Ben,Day
2024-02-27 19:29:00,L8,PM,1.0,5758,5037,Chen,Day
2024-06-04 00:52:00,T2,Quality stop,1.0,10354,9357,Asha,Day
2024-08-12 17:37:00,T2,Quality stop,0.0,9195,7963,Ben,Night
2024-06-22 06:27:00,L8,PM,0.0,4278,4098,Asha,Day
2024-01-18 10:13:00,T1,No issue,0.0,5925,5831,Asha,Day
2024-09-11 09:17:00,P1,PM,0.0,7055,6539,Ben,Day
2024-07-01 11:49:00,L9,Breakdown,2.0,2041,1846,Ben,Night
2024-03-14 02:23:00,T2,Quality stop,1.0,3205,2812,Asha,Day
2024-02-03 11:14:00,T2,Breakdown,2.0,4921,4858,Diya,Night
2024-10-19 20:06:00,L9,Breakdown,0.0,11770,10372,Diya,Day
2024-05-23 09:42:00,T2,PM,1.0,4772,4093,Evan,Day
2024-06-29 16:01:00,L8,No issue,0.0,7783,6949,Asha,Night
2024-01-05 13:16:00,T2,No issue,0.0,3627,3377,Diya,Day
2024-03-01 21:14:00,T1,No issue,0.0,1877,1791,Asha,Day
2024-09-20 03:02:00,P1,No issue,0.0,5321,5265,Diya,Day
2024-12-22 15:28:00,P1,No issue,0.0,9061,7921,Diya,Night
2024-06-20 23:27:00,T1,Breakdown,0.0,195,182,Chen,Night
2024-01-10 06:55:00,T2,Changeover,0.0,11241,9736,Evan,Night
2024-03-03 14:32:00,L9,No issue,0.0,4615,4369,Ben,Night
2024-06-02 18:53:00,L9,No issue,0.0,839,767,Asha,Day
2024-06-21 22:22:00,P1,No issue,0.0,6180,6171,Chen,Day
2024-01-05 01:16:00,P1,PM,2.0,5236,4482,Ben,Night
2024-04-19 06:15:00,L8,No issue,0.0,668,630,Evan,Day
2024-01-17 12:36:00,T2,No issue,0.0,6078,6043,Diya,Night
2024-10-06 13:35:00,P1,No issue,0.0,2724,2414,Ben,Night
2024-11-16 13:08:00,L9,No issue,0.0,5093,4729,Evan,Day
2024-02-06 18:05:00,L8,Changeover,0.0,7198,7148,Asha,Night
2024-03-21 12:52:00,L8,No issue,0.0,3231,2975,Unknown,Day
2024-10-17 21:13:00,T2,Changeover,3.0,6834,6819,Chen,Night
2024-11-25 21:38:00,T1,Quality stop,0.0,7494,7098,Evan,Day
2024-05-13 21:27:00,T1,Breakdown,0.0,1784,1624,Diya,Day
2024-04-05 17:23:00,T1,No issue,0.0,11857,11398,Asha,Day
2024-01-10 17:12:00,P1,No issue,0.0,9104,8401,Ben,Day
2024-09-17 13:43:00,L8,Breakdown,1.0,8127,7586,Diya,Day
2024-02-05 02:57:00,T1,Changeover,0.0,7310,6241,Ben,Day
2024-12-02 19:54:00,T2,PM,0.0,11009,10964,Chen,Day
2024-06-01 12:44:00,T1,No issue,0.0,8276,7696,Asha,Day
2024-08-26 08:45:00,L9,PM,3.0,8037,7446,Chen,Night
2024-04-15 08:16:00,T2,Quality stop,0.0,4811,4574,Ben,Day
2024-07-30 11:05:00,P1,PM,0.0,3427,3122,Diya,Day
2024-09-17 03:27:00,L8,No issue,0.0,10984,9457,Asha,Day
2024-08-10 20:12:00,L9,No issue,0.0,2027,2022,Ben,Day
2024-02-15 08:59:00,T2,PM,1.0,4710,4326,Evan,Night
2024-01-04 11:07:00,T2,Changeover,0.0,2757,2727,Asha,Night
2024-11-04 15:51:00,L8,Quality stop,0.0,3924,3897,Diya,Day
2024-04-25 04:05:00,P1,No issue,0.0,9534,9188,Diya,Day
2024-03-28 21:32:00,L8,No issue,0.0,7255,7136,Evan,Night
2024-04-06 11:31:00,P1,Changeover,1.0,9299,8098,Asha,Day
2024-06-18 05:38:00,L8,Changeover,1.0,6203,5277,Diya,Day
2024-04-21 04:49:00,L9,No issue,0.0,1542,1395,Chen,Night
2024-09-08 17:44:00,L8,Breakdown,1.0,6089,5508,Evan,Day
2024-06-19 18:53:00,L8,Quality stop,1.0,6139,5748,Unknown,Day
2024-01-20 15:41:00,L8,Changeover,1.0,3769,3330,Evan,Night
2024-10-24 18:14:00,L9,PM,1.0,10452,9023,Diya,Day
2024-09-20 10:33:00,T1,No issue,0.0,9173,9029,Diya,Day
2024-02-08 09:19:00,T1,Breakdown,0.0,4642,4457,Ben,Day
2024-02-27 15:15:00,L8,Breakdown,2.0,11319,10365,Diya,Night
2024-08-29 13:37:00,T1,Quality stop,0.0,6259,5463,Diya,Night
2024-02-20 21:51:00,P1,PM,1.0,10283,9145,Asha,Day
2024-04-21 17:00:00,T2,Breakdown,0.0,2327,2253,Asha,Night
2024-12-04 03:55:00,P1,Changeover,2.0,6050,5502,Chen,Night
2024-05-18 20:12:00,T1,Quality stop,0.0,4367,3819,Diya,Night
2024-02-09 15:58:00,L9,No issue,0.0,8501,7290,Asha,Night
2024-07-16 09:39:00,T1,Quality stop,1.0,347,336,Diya,Night
2024-09-29 23:38:00,P1,No issue,0.0,6062,5793,Asha,Night
2024-12-17 09:51:00,L9,Breakdown,0.0,1667,1616,Diya,Night
2024-02-27 06:14:00,P1,Changeover,1.0,8979,7660,Evan,Day
2024-04-22 21:27:00,L9,No issue,0.0,11562,11121,Ben,Day
2024-12-13 16:12:00,P1,No issue,0.0,5570,4983,Chen,Day
2024-02-08 16:15:00,L9,Breakdown,0.0,3660,3115,Diya,Night
2024-07-08 17:59:00,T1,No issue,0.0,7273,6261,Ben,Night
2024-08-27 21:48:00,T2,Breakdown,1.0,928,850,Asha,Night
2024-07-27 12:17:00,L9,Changeover,0.0,10161,9037,Evan,Day
2024-07-07 18:16:00,T1,No issue,0.0,1025,1002,Ben,Night
2024-12-20 23:32:00,L9,Breakdown,0.0,2468,2114,Asha,Day
2024-01-27 17:15:00,T2,No issue,0.0,3438,3425,Diya,Night
2024-05-04 00:35:00,T2,PM,3.0,11686,10458,Ben,Day
2024-01-17 20:23:00,P1,No issue,0.0,11373,10687,Evan,Night
2024-11-04 08:03:00,T2,Changeover,2.0,1984,1784,Asha,Night
2024-09-25 22:42:00,T2,No issue,0.0,3152,2735,Diya,Day
2024-05-31 02:26:00,L8,Breakdown,1.0,7254,6619,Evan,Night
2024-09-19 22:27:00,T1,PM,0.0,489,486,Ben,Day
2024-04-15 11:15:00,L8,PM,1.0,5026,4566,Diya,Day
2024-10-14 03:40:00,P1,Quality stop,0.0,5554,4741,Ben,Day
2024-04-14 23:44:00,P1,No issue,0.0,9685,9416,Diya,Night
2024-04-12 13:51:00,T1,No issue,0.0,2632,2298,Unknown,Day
2024-08-24 08:30:00,L9,Quality stop,0.0,3358,3045,Diya,Night
2024-04-16 18:39:00,T1,Quality stop,0.0,762,658,Chen,Night
2024-05-03 03:04:00,T1,PM,0.0,9416,8692,Diya,Night
2024-03-14 07:32:00,L9,Breakdown,1.0,604,599,Ben,Day
2024-12-19 21:19:00,L9,No issue,0.0,563,500,Diya,Night
2024-07-30 10:35:00,L8,PM,1.0,9810,9741,Ben,Day
2024-04-09 02:28:00,T2,No issue,0.0,8193,7761,Chen,Night
2024-01-30 08:07:00,L8,Breakdown,2.0,3263,3087,Diya,Night
2024-02-12 13:58:00,T2,Breakdown,2.0,9140,8717,Ben,Day
2024-02-23 08:36:00,T2,Quality stop,2.0,8625,7956,Chen,Day
2024-11-24 12:20:00,T1,No issue,0.0,11712,10369,Unknown,Night
2024-06-14 13:55:00,L9,PM,1.0,11609,9869,Diya,Night
2024-11-10 17:47:00,T2,No issue,0.0,7169,6207,Chen,Night
2024-01-29 10:18:00,T2,Changeover,0.0,4784,4076,Unknown,Day
2024-02-09 05:57:00,T1,No issue,0.0,4123,4024,Diya,Night
2024-10-01 06:04:00,T2,No issue,0.0,8342,7681,Ben,Day
2024-06-13 21:01:00,L9,No issue,0.0,9813,8838,Chen,Day
2024-02-24 00:01:00,T2,No issue,0.0,11513,10680,Ben,Day
2024-01-20 06:20:00,L8,Breakdown,0.0,4669,4296,Chen,Day
2024-10-28 05:23:00,P1,No issue,0.0,2390,2390,Evan,Night
2024-04-26 23:02:00,L9,Breakdown,2.0,5051,4810,Diya,Day
2024-12-07 12:21:00,T2,Changeover,1.0,5165,5132,Asha,Day
2024-01-11 14:43:00,T1,Quality stop,0.0,4577,4229,Diya,Day
2024-01-25 08:24:00,P1,Breakdown,1.0,11284,9643,Ben,Day
2024-04-21 15:34:00,L9,No issue,0.0,5328,5235,Chen,Day
2024-08-25 12:04:00,T1,No issue,0.0,9559,8877,Evan,Night
2024-12-28 22:55:00,P1,No issue,0.0,3316,2914,Ben,Night
2024-12-11 20:53:00,L8,PM,0.0,6356,6105,Asha,Day
2024-03-30 23:54:00,T2,PM,4.0,7420,7243,Diya,Day
2024-07-19 16:13:00,L9,Changeover,1.0,4106,4024,Ben,Night
2024-03-23 23:08:00,T1,Changeover,0.0,10712,9117,Ben,Day
2024-10-08 00:33:00,T2,PM,0.0,5922,5822,Chen,Day
2024-06-24 22:29:00,L9,No issue,0.0,1871,1690,Evan,Day
2024-07-21 18:09:00,T1,Breakdown,0.0,10855,10196,Ben,Day
2024-10-21 15:33:00,T1,No issue,0.0,7883,7627,Diya,Day
2024-02-13 02:21:00,T2,Breakdown,2.0,7356,6960,Asha,Day
2024-04-09 09:41:00,P1,Breakdown,0.0,4741,4268,Unknown,Night
2024-07-19 16:48:00,T2,No issue,0.0,8712,8636,Ben,Night
2024-05-16 17:22:00,T2,No issue,0.0,3711,3653,Chen,Day
2024-03-12 15:55:00,L9,No issue,0.0,9062,8853,Asha,Night
2024-09-11 07:19:00,L8,No issue,0.0,5950,5440,Ben,Day
2024-07-21 06:45:00,T2,PM,0.0,7882,7574,Diya,Day
2024-01-16 10:06:00,P1,Breakdown,3.0,7089,6221,Evan,Night
2024-01-16 15:39:00,T2,No issue,0.0,37,35,Ben,Night
2024-10-31 16:12:00,T2,No issue,0.0,11467,11234,Diya,Night
2024-02-29 20:32:00,P1,No issue,0.0,11140,11003,Ben,Night
2024-08-05 20:02:00,T1,Breakdown,0.0,8527,8243,Ben,Night
2024-11-04 18:10:00,L8,No issue,0.0,4491,4308,Chen,Day
2024-11-11 18:48:00,T2,Breakdown,0.0,934,918,Diya,Day
2024-11-05 17:52:00,T1,No issue,0.0,6463,6168,Ben,Day
2024-12-03 13:31:00,T1,PM,0.0,3566,3450,Asha,Night
2024-10-17 22:02:00,T2,Quality stop,2.0,7050,6464,Asha,Day
2024-03-25 02:43:00,L9,No issue,0.0,7035,6491,Diya,Night
2024-11-04 18:58:00,L8,PM,4.0,1126,984,Unknown,Day
2024-10-01 14:44:00,P1,No issue,0.0,11302,11297,Chen,Day
2024-12-17 15:45:00,T1,No issue,0.0,1271,1261,Evan,Day
2024-09-14 22:07:00,T2,Breakdown,2.0,400,380,Chen,Day
2024-09-05 16:31:00,L9,Breakdown,1.0,10496,9143,Ben,Night
2024-02-03 02:39:00,P1,Quality stop,1.0,8215,7028,Diya,Night
2024-04-08 02:32:00,T2,Changeover,1.0,9169,7990,Asha,Night
2024-03-20 06:59:00,T2,PM,0.0,9189,9113,Ben,Night
2024-08-23 12:27:00,T1,No issue,0.0,6631,6144,Ben,Night
2024-09-28 09:09:00,T1,Breakdown,0.0,1253,1157,Chen,Day
2024-01-22 03:21:00,L8,No issue,0.0,917,860,Diya,Day
2024-10-03 23:55:00,L8,No issue,0.0,1987,1825,Chen,Day
2024-11-02 04:27:00,T1,Breakdown,4.0,11008,10321,Evan,Night
2024-04-05 20:24:00,T2,No issue,0.0,7618,7583,Diya,Day
2024-01-13 07:45:00,T2,PM,1.0,1265,1221,Ben,Day
2024-04-07 09:41:00,L8,No issue,0.0,11865,10439,Ben,Night
2024-04-18 05:37:00,T1,PM,0.0,11949,11681,Ben,Day
2024-12-02 16:38:00,L8,Breakdown,1.0,4466,4102,Evan,Day
2024-02-20 02:18:00,T1,No issue,0.0,6179,5272,Evan,Day
2024-01-15 05:39:00,L9,Breakdown,0.0,10753,9661,Ben,Day
2024-03-21 18:25:00,L9,No issue,0.0,9379,8807,Asha,Day
2024-07-23 09:58:00,T2,Breakdown,1.0,3965,3650,Asha,Day
2024-04-30 03:54:00,L9,Breakdown,0.0,7124,6996,Ben,Night
2024-07-13 11:19:00,T1,No issue,0.0,1449,1379,Evan,Day
2024-11-25 03:52:00,P1,No issue,0.0,11367,10597,Diya,Day
2024-12-28 15:52:00,T1,Breakdown,0.0,6586,5778,Evan,Night
2024-03-11 14:12:00,P1,Quality stop,1.0,305,280,Chen,Night
2024-08-12 00:25:00,P1,PM,3.0,11989,11646,Chen,Day
2024-11-30 16:18:00,L8,No issue,0.0,4391,3733,Chen,Day
2024-02-08 09:46:00,T1,Quality stop,0.0,8400,8152,Diya,Night
2024-05-24 23:12:00,T1,No issue,0.0,1117,1071,Asha,Day
2024-12-21 16:28:00,T2,Quality stop,0.0,3737,3540,Asha,Night
2024-01-14 08:00:00,P1,Breakdown,0.0,2252,2197,Diya,Day
2024-10-16 13:28:00,T2,Quality stop,1.0,8468,7489,Diya,Day
2024-09-12 03:27:00,T2,Quality stop,2.0,1934,1805,Evan,Day
2024-07-27 22:54:00,L8,No issue,0.0,7816,6843,Diya,Day
2024-09-01 12:03:00,T2,No issue,0.0,9354,8783,Asha,Night
2024-10-25 15:06:00,L8,Breakdown,4.0,9796,9180,Evan,Day
2024-05-28 09:38:00,P1,Breakdown,0.0,4115,3844,Diya,Day
2024-02-05 10:52:00,T1,No issue,0.0,8723,7828,Asha,Night
2024-11-23 14:20:00,L8,PM,0.0,7515,6420,Diya,Day
2024-11-21 12:12:00,L9,No issue,0.0,7581,6882,Diya,Day
2024-02-22 11:10:00,L8,No issue,0.0,2100,2023,Ben,Day
2024-09-18 00:05:00,T1,Breakdown,1.0,3880,3821,Asha,Day
2024-08-07 23:03:00,L9,Breakdown,0.0,10565,10410,Diya,Day
2024-05-17 21:33:00,L9,No issue,0.0,5385,4755,Asha,Day
2024-09-26 08:10:00,T1,PM,4.0,9917,9532,Chen,Night
2024-06-28 02:33:00,T1,No issue,0.0,2385,2320,Asha,Day
2024-01-11 12:45:00,T2,No issue,0.0,7526,7374,Diya,Day
2024-08-15 22:33:00,P1,No issue,0.0,7916,7879,Asha,Day
2024-05-05 14:29:00,T2,Quality stop,0.0,2708,2346,Unknown,Day
2024-04-16 23:04:00,P1,No issue,0.0,9848,9450,Evan,Day
2024-04-02 00:45:00,P1,No issue,0.0,7416,6436,Diya,Night
2024-05-20 15:32:00,T2,No issue,0.0,1912,1886,Chen,Night
2024-06-01 23:36:00,L9,Changeover,0.0,3258,2973,Ben,Day
2024-11-13 03:21:00,T2,No issue,0.0,2653,2635,Asha,Day
2024-08-12 12:23:00,P1,Quality stop,0.0,8035,7678,Evan,Day
2024-07-18 22:50:00,L9,Changeover,0.0,3977,3558,Diya,Night
2024-05-07 10:53:00,L9,Breakdown,1.0,6660,6129,Diya,Night
2024-04-26 04:28:00,T2,No issue,0.0,9940,8677,Evan,Day
2024-04-06 11:05:00,L9,Changeover,1.0,1515,1411,Ben,Day
2024-09-03 00:29:00,T1,No issue,0.0,2362,2039,Evan,Day
2024-04-13 13:00:00,P1,Breakdown,1.0,6151,5589,Asha,Day
2024-07-13 02:52:00,L8,No issue,0.0,10253,9190,Asha,Night
2024-10-11 03:17:00,L9,No issue,0.0,9339,8742,Evan,Day
2024-03-13 18:53:00,L9,No issue,0.0,4470,3959,Asha,Day
2024-07-05 04:19:00,L9,PM,1.0,9433,8865,Ben,Day
2024-02-10 12:20:00,L9,Breakdown,1.0,3810,3649,Chen,Night
2024-08-08 04:18:00,T2,No issue,0.0,4277,4089,Chen,Night
2024-01-07 13:26:00,T2,No issue,0.0,6419,5530,Ben,Night
2024-03-27 10:14:00,T1,Changeover,1.0,647,617,Diya,Night
2024-01-15 12:21:00,P1,Breakdown,0.0,10644,9242,Evan,Day
2024-01-07 02:25:00,T1,Breakdown,3.0,4787,4137,Unknown,Day
2024-02-22 20:23:00,L9,No issue,0.0,6825,6471,Asha,Night
2024-08-09 03:27:00,L9,Changeover,4.0,5413,5012,Ben,Night
2024-10-29 11:50:00,L8,Breakdown,2.0,1011,955,Evan,Day
2024-03-20 16:39:00,L8,Breakdown,1.0,9419,8069,Asha,Night
2024-01-28 06:34:00,P1,Breakdown,1.0,3913,3913,Diya,Night
2024-09-02 07:57:00,P1,No issue,0.0,2978,2815,Evan,Day
2024-10-23 10:27:00,P1,No issue,0.0,10170,10078,Unknown,Night
2024-05-23 17:17:00,T2,Quality stop,1.0,8967,7998,Ben,Night
2024-07-16 04:40:00,T1,Changeover,0.0,6029,5539,Ben,Day
2024-03-11 05:31:00,T1,PM,0.0,5968,5957,Ben,Day
2024-04-04 04:59:00,T1,No issue,0.0,4743,4167,Asha,Day
2024-05-25 13:51:00,T1,No issue,0.0,10234,10036,Chen,Night
2024-08-27 16:19:00,L8,No issue,0.0,3984,3953,Ben,Day
2024-08-17 09:56:00,L8,PM,1.0,2748,2686,Chen,Day
2024-02-09 14:49:00,L8,Quality stop,0.0,4235,3664,Ben,Night
2024-04-03 02:05:00,T1,Breakdown,0.0,5108,4848,Chen,Night
2024-11-27 12:14:00,L9,Breakdown,3.0,2555,2274,Evan,Day
2024-12-23 10:58:00,T2,No issue,0.0,5991,5435,Ben,Day
2024-05-19 06:45:00,L8,No issue,0.0,3017,2993,Evan,Night
2024-12-01 18:21:00,L8,No issue,0.0,8722,8240,Ben,Day
2024-11-16 23:41:00,T2,No issue,0.0,11317,11003,Diya,Day
2024-04-19 23:51:00,L9,No issue,0.0,9672,8695,Evan,Night
2024-09-09 14:47:00,T1,No issue,0.0,6715,6003,Ben,Day
2024-05-19 14:12:00,T2,No issue,0.0,9744,8915,Ben,Night
2024-08-18 21:35:00,P1,No issue,0.0,1274,1193,Diya,Day
2024-04-22 23:27:00,P1,Quality stop,1.0,7376,6722,Chen,Day
2024-01-14 16:02:00,L9,No issue,0.0,4041,3984,Evan,Day
2024-12-17 07:03:00,L9,No issue,0.0,1939,1757,Diya,Day
2024-03-15 22:28:00,T1,PM,0.0,3554,3298,Evan,Day
2024-02-08 12:23:00,L9,Changeover,1.0,6657,6190,Asha,Day
2024-09-08 05:00:00,L9,PM,1.0,6784,6237,Asha,Night
2024-10-05 11:19:00,T1,No issue,0.0,11772,10527,Asha,Night
2024-04-03 17:33:00,L9,PM,1.0,4069,3764,Asha,Night
2024-06-10 12:24:00,T2,No issue,0.0,6412,6296,Diya,Day
2024-04-23 13:17:00,T2,Breakdown,0.0,2178,1910,Chen,Day
2024-06-14 05:16:00,T2,No issue,0.0,10436,10415,Diya,Day
2024-07-04 01:43:00,T2,No issue,0.0,8552,7279,Chen,Day
2024-04-04 18:04:00,T2,Breakdown,1.0,6165,5691,Asha,Day
2024-05-01 09:41:00,L8,No issue,0.0,11578,10991,Chen,Night
2024-06-16 16:15:00,L8,No issue,0.0,9879,9669,Asha,Day
2024-05-01 07:33:00,L9,PM,1.0,5228,4565,Unknown,Day
2024-07-27 20:08:00,L9,No issue,0.0,4842,4444,Ben,Day
2024-02-24 21:54:00,L8,PM,3.0,6415,5616,Asha,Day
2024-11-21 10:59:00,L9,No issue,0.0,6927,6439,Ben,Night
2024-10-22 01:50:00,T1,Changeover,0.0,923,845,Chen,Day
2024-12-29 00:18:00,T1,No issue,0.0,4515,4305,Chen,Night
2024-08-14 09:01:00,L8,No issue,0.0,4373,3950,Asha,Day
2024-12-27 23:32:00,T2,Breakdown,2.0,8290,8210,Evan,Night
2024-06-30 16:00:00,L9,No issue,0.0,357,323,Evan,Day
2024-02-07 09:52:00,T1,Breakdown,0.0,3275,3108,Diya,Day
2024-06-22 22:07:00,T1,Breakdown,0.0,4753,4553,Evan,Night
2024-05-28 07:16:00,T2,Breakdown,4.0,4428,4012,Chen,Day
2024-12-28 06:56:00,L8,No issue,0.0,4628,4087,Ben,Day
2024-03-19 21:30:00,L9,Breakdown,0.0,5530,5140,Evan,Day
2024-01-30 04:30:00,L9,PM,1.0,3092,2633,Evan,Day
2024-03-12 02:54:00,L8,Breakdown,0.0,10334,8796,Chen,Day
2024-05-26 09:43:00,L9,PM,4.0,5893,5509,Unknown,Night
2024-07-09 02:33:00,L8,No issue,0.0,7301,6257,Diya,Night
2024-08-22 20:55:00,L8,Breakdown,2.0,5039,4462,Asha,Day
2024-06-07 22:48:00,T1,Quality stop,1.0,7419,6727,Asha,Day
2024-04-24 23:32:00,T2,Breakdown,2.0,8449,7706,Diya,Night
2024-02-10 07:21:00,P1,PM,2.0,6755,6384,Unknown,Day
2024-08-22 19:32:00,T1,No issue,0.0,11320,11318,Evan,Day
2024-12-25 18:27:00,T1,PM,4.0,1552,1338,Asha,Day
2024-04-18 11:12:00,L9,No issue,0.0,1675,1544,Asha,Night
2024-02-03 16:10:00,L9,PM,0.0,6149,5423,Asha,Night
2024-04-02 15:59:00,L8,Breakdown,0.0,2402,2239,Chen,Night
2024-12-05 10:20:00,T2,Breakdown,2.0,4863,4154,Asha,Night
2024-04-19 19:15:00,T1,No issue,0.0,8072,7602,Asha,Day
2024-05-27 05:22:00,P1,No issue,0.0,7915,7523,Asha,Day
2024-03-03 22:04:00,L8,No issue,0.0,2728,2529,Ben,Day
2024-07-12 11:28:00,L9,Breakdown,3.0,2032,1802,Evan,Night
2024-07-24 17:18:00,T2,No issue,0.0,6594,6023,Asha,Night
2024-06-26 13:37:00,T2,No issue,0.0,4345,4012,Evan,Day
2024-05-10 20:39:00,T2,Quality stop,3.0,4803,4307,Asha,Night
2024-09-02 17:19:00,L9,Breakdown,0.0,5712,5596,Diya,Day
2024-10-29 02:15:00,L9,Breakdown,2.0,8762,8273,Asha,Night
2024-12-12 09:47:00,T1,Changeover,0.0,7762,6613,Ben,Day
2024-04-24 18:19:00,L8,PM,3.0,11059,10331,Asha,Night
2024-07-06 12:40:00,T2,Breakdown,1.0,1344,1229,Diya,Day
2024-12-01 14:38:00,T1,Breakdown,1.0,10033,9414,Evan,Day
2024-01-09 05:18:00,L9,No issue,0.0,5843,5686,Ben,Day
2024-05-29 05:04:00,T2,PM,0.0,78,70,Chen,Night
2024-03-14 15:25:00,T2,Breakdown,1.0,366,336,Ben,Night
2024-08-13 01:26:00,T2,Breakdown,0.0,1146,1012,Ben,Night
2024-01-26 22:42:00,L8,No issue,0.0,1322,1158,Chen,Night
2024-04-02 14:38:00,L9,No issue,0.0,6102,5869,Evan,Day
2024-09-14 14:52:00,P1,Quality stop,3.0,7257,6412,Chen,Night
2024-09-19 18:55:00,P1,Breakdown,2.0,7042,6265,Asha,Day
2024-11-25 09:59:00,L8,Changeover,0.0,7566,6612,Evan,Night
2024-07-08 23:10:00,T1,PM,0.0,4255,4205,Evan,Day
2024-12-13 06:30:00,L9,No issue,0.0,9079,8426,Diya,Night
2024-05-24 16:50:00,L8,Breakdown,0.0,11399,10025,Evan,Night
2024-11-05 16:48:00,T2,No issue,0.0,3775,3564,Ben,Day
2024-06-30 10:46:00,T1,No issue,0.0,356,337,Diya,Night
2024-04-02 14:25:00,T2,Quality stop,2.0,568,485,Chen,Day
2024-07-31 12:45:00,T2,Quality stop,1.0,8863,7756,Diya,Night
2024-05-18 21:55:00,P1,No issue,0.0,5740,4968,Asha,Night
2024-07-25 19:24:00,P1,Breakdown,0.0,5170,4623,Chen,Night
2024-02-26 11:26:00,T1,Breakdown,3.0,6615,6421,Ben,Day
2024-04-01 06:40:00,T1,No issue,0.0,1073,1054,Diya,Day
2024-05-29 07:06:00,T2,No issue,0.0,5186,4511,Diya,Day
2024-10-15 03:29:00,L8,No issue,0.0,10461,9244,Ben,Night
2024-01-25 23:40:00,P1,No issue,0.0,10725,10690,Diya,Day
2024-07-10 22:52:00,L9,PM,0.0,7993,7111,Unknown,Day
2024-03-29 18:57:00,T2,No issue,0.0,1433,1325,Evan,Day
2024-03-15 16:14:00,P1,Breakdown,0.0,7051,6494,Ben,Night
2024-10-27 23:02:00,T1,Changeover,0.0,10095,9866,Asha,Night
2024-06-15 13:57:00,L8,No issue,0.0,6056,5853,Evan,Day
2024-05-24 18:33:00,L9,PM,0.0,1735,1529,Evan,Day
2024-11-12 09:38:00,L8,Changeover,0.0,4620,4536,Ben,Day
2024-03-12 00:46:00,T2,No issue,0.0,8869,8510,Ben,Day
2024-06-16 16:57:00,L8,No issue,0.0,11694,10415,Evan,Day
2024-06-08 15:47:00,L8,Changeover,1.0,6943,5981,Chen,Day
2024-09-16 09:23:00,T2,Changeover,0.0,10782,10192,Unknown,Night
2024-07-11 23:54:00,L8,PM,1.0,10622,9398,Chen,Day
2024-05-27 16:43:00,L8,Breakdown,0.0,3294,2834,Chen,Night
2024-07-12 04:39:00,T1,No issue,0.0,3427,2964,Unknown,Day
2024-02-09 17:59:00,P1,No issue,0.0,3322,3163,Diya,Day
2024-10-17 18:14:00,L9,PM,4.0,6795,6373,Ben,Night
2024-04-03 01:22:00,L9,PM,4.0,4794,4359,Ben,Day
2024-07-20 20:07:00,L8,No issue,0.0,5821,5388,Ben,Day
2024-02-10 12:47:00,T1,PM,2.0,1348,1172,Evan,Day
2024-06-12 20:40:00,P1,PM,0.0,7180,6635,Asha,Night
2024-01-02 19:21:00,P1,No issue,0.0,11397,10221,Ben,Day
2024-07-24 14:49:00,L8,PM,3.0,11508,11426,Asha,Day
2024-01-20 00:55:00,L8,No issue,0.0,3903,3544,Unknown,Day
2024-04-19 09:24:00,T1,Quality stop,2.0,11477,9901,Asha,Day
2024-06-18 06:42:00,T1,Breakdown,1.0,11436,10064,Asha,Night
2024-01-03 02:32:00,L8,No issue,0.0,2647,2273,Chen,Day
2024-01-28 11:17:00,L9,PM,0.0,10951,9526,Chen,Day
2024-05-31 00:32:00,T1,PM,1.0,10615,9225,Diya,Day
2024-01-15 18:38:00,L9,No issue,0.0,2388,2191,Diya,Day
2024-12-29 10:58:00,L8,Breakdown,0.0,11383,10840,Evan,Day
2024-10-24 13:45:00,P1,Breakdown,0.0,2586,2549,Asha,Night
2024-02-29 01:39:00,P1,Changeover,1.0,7236,7036,Diya,Night
2024-02-05 08:01:00,T2,No issue,0.0,8162,7037,Evan,Night
2024-04-25 05:38:00,L8,PM,0.0,7390,7099,Chen,Night
2024-07-26 21:56:00,T1,Changeover,1.0,6679,6132,Chen,Night
2024-12-13 21:20:00,P1,Breakdown,0.0,1890,1708,Chen,Night
2024-09-29 17:32:00,P1,No issue,0.0,10452,9533,Asha,Day
2024-02-28 17:54:00,P1,No issue,0.0,2049,1867,Ben,Night
2024-01-27 00:04:00,T1,No issue,0.0,5860,5410,Evan,Day
2024-10-31 22:19:00,T2,No issue,0.0,10846,10681,Asha,Night
2024-11-08 22:54:00,T1,No issue,0.0,1130,1065,Diya,Night
2024-10-18 05:46:00,T2,No issue,0.0,2272,2021,Unknown,Day
2024-08-16 01:03:00,T1,No issue,0.0,9604,8720,Asha,Day
2024-12-13 16:10:00,L8,Changeover,0.0,1674,1638,Chen,Night
2024-09-27 23:58:00,L9,Changeover,1.0,3907,3631,Evan,Night
2024-08-04 16:34:00,T2,Breakdown,1.0,11805,10246,Diya,Day
2024-12-02 10:02:00,L8,PM,1.0,5294,4802,Asha,Night
2024-08-22 01:59:00,L9,No issue,0.0,6338,6289,Asha,Day
2024-03-26 16:36:00,P1,No issue,0.0,9632,8994,Chen,Night
2024-12-22 19:52:00,L9,Quality stop,2.0,2331,2312,Evan,Day
2024-11-29 13:18:00,L8,Changeover,1.0,6209,5427,Evan,Day
2024-07-05 15:12:00,T1,Changeover,2.0,3814,3469,Chen,Night
2024-01-14 14:19:00,P1,Breakdown,0.0,11323,9757,Asha,Day
2024-06-29 10:59:00,L8,Quality stop,1.0,2292,2061,Chen,Day
2024-10-20 14:37:00,L9,Breakdown,0.0,2663,2600,Chen,Day
2024-07-31 10:42:00,T2,Breakdown,2.0,8123,7029,Evan,Night
2024-06-26 07:26:00,L9,Changeover,0.0,5273,5054,Chen,Night
2024-11-10 05:15:00,P1,No issue,0.0,4015,3585,Ben,Night
2024-12-09 07:39:00,T2,No issue,0.0,11947,10589,Asha,Day
2024-06-13 20:55:00,P1,Breakdown,0.0,7275,6811,Ben,Night
2024-01-13 12:43:00,P1,Changeover,0.0,277,249,Ben,Night
2024-10-28 02:26:00,T2,No issue,0.0,2596,2503,Asha,Day
2024-11-30 11:42:00,T2,No issue,0.0,4099,4011,Ben,Night
2024-07-21 17:34:00,P1,Changeover,0.0,969,889,Chen,Night
2024-06-20 07:08:00,T2,Breakdown,0.0,8892,8342,Evan,Night
2024-07-25 02:00:00,T2,PM,0.0,1880,1782,Evan,Night
2024-04-06 00:06:00,T2,Breakdown,1.0,1064,956,Asha,Day
2024-06-05 08:44:00,L8,Changeover,1.0,603,520,Diya,Day
2024-05-15 13:53:00,T1,No issue,0.0,7570,6818,Chen,Day
2024-05-18 11:19:00,T1,No issue,0.0,7403,7014,Ben,Day
2024-11-08 16:31:00,L8,PM,0.0,2019,1973,Evan,Day
2024-08-01 05:15:00,P1,Quality stop,3.0,9680,8681,Evan,Day
2024-03-31 06:53:00,T1,No issue,0.0,1177,1110,Ben,Day
2024-11-24 23:06:00,L9,No issue,0.0,5658,5127,Asha,Day
2024-09-28 10:29:00,L9,No issue,0.0,464,426,Asha,Day
2024-03-11 02:05:00,P1,No issue,0.0,6642,6237,Diya,Day
2024-10-29 22:35:00,P1,Breakdown,0.0,1715,1550,Asha,Night
2024-10-27 16:08:00,L9,Breakdown,3.0,5586,4790,Diya,Day
2024-08-07 22:45:00,T2,No issue,0.0,163,143,Diya,Day
2024-09-28 09:25:00,P1,Changeover,0.0,9383,8858,Chen,Day
2024-07-07 03:23:00,L8,Breakdown,0.0,1004,970,Asha,Day
2024-05-16 19:51:00,T1,PM,0.0,3372,3082,Chen,Day
2024-01-13 19:57:00,T2,No issue,0.0,8518,7501,Diya,Day
2024-01-27 02:42:00,L8,PM,1.0,2433,2252,Ben,Day
2024-12-22 09:33:00,T1,No issue,0.0,6630,6278,Asha,Night
2024-10-01 22:02:00,P1,Changeover,0.0,5228,4812,Evan,Day
2024-05-22 19:38:00,L8,No issue,0.0,5776,5169,Diya,Night
2024-03-13 16:26:00,P1,PM,0.0,11947,11798,Ben,Day
2024-05-22 20:10:00,T1,No issue,0.0,4458,3985,Evan,Day
2024-06-09 04:04:00,L8,Quality stop,1.0,7896,6876,Asha,Day
2024-04-19 16:53:00,P1,Changeover,0.0,6878,6147,Diya,Day
2024-08-05 17:21:00,L9,Breakdown,0.0,753,724,Chen,Day
2024-10-05 23:37:00,P1,No issue,0.0,11024,9487,Ben,Day
2024-05-06 11:35:00,T2,No issue,0.0,9224,8467,Evan,Night
2024-03-08 20:00:00,L9,PM,1.0,1140,1137,Evan,Day
2024-02-16 19:38:00,T1,Quality stop,0.0,8756,7957,Asha,Night
2024-05-21 06:26:00,P1,No issue,0.0,4124,3911,Asha,Day
2024-07-28 04:46:00,L9,Changeover,1.0,1179,1020,Ben,Day
2024-11-17 03:54:00,L8,Breakdown,2.0,11325,11272,Ben,Night
2024-09-11 16:47:00,P1,PM,2.0,11430,11026,Asha,Night
2024-04-29 12:33:00,L9,Breakdown,1.0,8976,8338,Chen,Night
2024-01-03 16:55:00,T1,Quality stop,2.0,559,486,Ben,Day
2024-05-27 22:19:00,P1,No issue,0.0,2382,2082,Chen,Night
2024-05-19 00:49:00,T1,PM,0.0,9229,8988,Diya,Day
2024-02-01 05:41:00,L9,Breakdown,0.0,8809,8487,Asha,Day
2024-09-26 11:28:00,L9,Quality stop,2.0,2356,2227,Chen,Day
2024-10-16 22:39:00,L8,No issue,0.0,2512,2156,Ben,Day
2024-06-27 07:50:00,L9,No issue,0.0,6805,6185,Evan,Night
2024-02-14 01:56:00,T1,No issue,0.0,11373,10772,Diya,Day
2024-11-29 01:31:00,P1,No issue,0.0,7360,6897,Diya,Day
2024-07-19 20:59:00,T1,Breakdown,0.0,1733,1560,Evan,Night
2024-07-10 10:21:00,L9,Breakdown,1.0,751,662,Chen,Night
2024-06-16 02:34:00,T2,Breakdown,1.0,4595,4427,Ben,Night
2024-09-28 05:49:00,T1,No issue,0.0,11557,9975,Evan,Night
2024-03-05 03:30:00,L8,No issue,0.0,4572,4280,Chen,Day
2024-04-25 16:56:00,T2,Breakdown,1.0,1279,1114,Asha,Day
2024-12-16 11:47:00,T2,PM,4.0,11328,10321,Asha,Day
2024-01-18 22:53:00,T2,PM,0.0,7806,6865,Chen,Day
2024-11-20 05:52:00,P1,No issue,0.0,1374,1187,Chen,Night
2024-11-04 07:25:00,L9,PM,1.0,8084,7400,Evan,Day
2024-06-30 05:39:00,P1,No issue,0.0,2896,2512,Ben,Day
2024-07-26 00:51:00,L8,Breakdown,0.0,8654,8221,Chen,Day
2024-09-15 12:04:00,L8,No issue,0.0,2857,2492,Chen,Day
2024-11-08 14:28:00,P1,Quality stop,2.0,8890,8281,Evan,Night
2024-03-21 01:28:00,P1,Changeover,0.0,9338,8989,Evan,Day
2024-08-31 01:48:00,P1,Changeover,4.0,11470,10884,Ben,Day
2024-01-05 05:23:00,L9,No issue,0.0,3187,3148,Ben,Day
2024-05-12 15:50:00,T1,No issue,0.0,5691,5249,Evan,Night
2024-03-22 11:18:00,L8,No issue,0.0,11070,9771,Diya,Day
2024-08-19 03:59:00,P1,Quality stop,1.0,10130,8755,Ben,Day
2024-09-30 14:54:00,L8,PM,0.0,8251,7822,Unknown,Day
2024-05-18 11:55:00,L8,Changeover,2.0,8162,7483,Evan,Night
2024-07-04 11:45:00,T2,No issue,0.0,8909,8345,Evan,Day
2024-05-30 17:47:00,L8,Breakdown,1.0,2016,1789,Ben,Day
2024-01-16 04:36:00,T1,No issue,0.0,3017,2952,Chen,Night
2024-10-09 22:39:00,T1,No issue,0.0,2239,1939,Asha,Day
2024-07-12 09:30:00,P1,No issue,0.0,898,822,Ben,Night
2024-01-31 04:16:00,P1,No issue,0.0,8924,8620,Asha,Day
2024-06-11 20:59:00,T2,Changeover,0.0,5816,5476,Evan,Day
2024-05-15 00:16:00,P1,No issue,0.0,5063,4598,Ben,Night
2024-12-29 20:22:00,T2,PM,1.0,10409,9282,Unknown,Day
2024-01-31 21:23:00,T1,Breakdown,0.0,5021,4823,Asha,Day
2024-08-13 17:57:00,T1,Breakdown,2.0,5422,5393,Diya,Night
2024-12-02 10:49:00,T1,Breakdown,1.0,9327,9204,Chen,Day
2024-03-22 06:43:00,T2,Quality stop,0.0,8544,8010,Ben,Day
2024-10-12 12:12:00,P1,No issue,0.0,83,72,Ben,Night
2024-05-23 03:04:00,L9,No issue,0.0,2930,2870,Chen,Day
2024-03-04 09:09:00,T1,No issue,0.0,5413,5302,Evan,Day
2024-06-07 14:43:00,P1,No issue,0.0,8667,7919,Diya,Day
2024-10-01 07:20:00,T1,PM,2.0,3026,2965,Evan,Day
2024-11-24 11:33:00,T1,No issue,0.0,5704,5280,Chen,Day
2024-05-25 09:09:00,T2,No issue,0.0,1847,1757,Chen,Day
2024-07-21 17:03:00,T2,No issue,0.0,2575,2505,Chen,Night
2024-10-09 13:58:00,L8,PM,1.0,4353,4155,Evan,Day
2024-01-06 11:28:00,L8,Breakdown,1.0,7200,6912,Ben,Night
2024-11-22 20:41:00,T2,PM,2.0,10289,9519,Diya,Day
2024-12-05 16:24:00,L9,PM,1.0,7622,7184,Unknown,Night
2024-04-15 11:11:00,L8,No issue,0.0,10807,9269,Asha,Day
2024-10-01 08:58:00,P1,Quality stop,1.0,5589,5114,Asha,Day
2024-07-24 09:09:00,T2,Breakdown,3.0,5533,5042,Ben,Night
2024-12-25 18:00:00,P1,No issue,0.0,2624,2412,Diya,Day
2024-08-04 16:32:00,T1,Breakdown,4.0,680,655,Ben,Day
2024-03-24 04:54:00,L8,No issue,0.0,9413,8731,Asha,Day
2024-08-16 13:46:00,T1,Changeover,1.0,7415,6515,Diya,Night
2024-02-06 15:39:00,T1,No issue,0.0,1065,1005,Asha,Day
2024-06-17 22:45:00,T2,No issue,0.0,149,141,Diya,Night
2024-01-22 14:34:00,T1,Quality stop,2.0,8521,7516,Diya,Day
2024-05-09 10:28:00,P1,PM,2.0,10995,9720,Asha,Day
2024-04-13 06:38:00,L8,PM,2.0,6522,5627,Asha,Day
2024-11-06 00:43:00,L8,Breakdown,3.0,10259,9195,Ben,Day
2024-03-18 16:10:00,T1,Breakdown,0.0,10474,9044,Ben,Day
2024-05-12 12:29:00,L8,Breakdown,1.0,665,644,Chen,Night
2024-08-06 09:07:00,T1,No issue,0.0,11786,11786,Evan,Day
2024-01-30 09:30:00,T1,No issue,0.0,9465,8339,Diya,Day
2024-10-19 09:02:00,L8,Quality stop,1.0,11999,11823,Evan,Day
2024-02-19 03:28:00,L8,No issue,0.0,501,428,Diya,Day
2024-04-26 13:27:00,T2,Breakdown,1.0,5945,5477,Asha,Day
2024-09-16 01:38:00,L8,No issue,0.0,9949,8949,Evan,Night
2024-10-15 13:44:00,P1,PM,1.0,7446,6851,Unknown,Night
2024-10-31 13:03:00,T2,No issue,0.0,3582,3310,Ben,Day
2024-09-06 04:37:00,T1,PM,1.0,11814,10552,Evan,Night
2024-08-11 21:22:00,L9,No issue,0.0,7202,6230,Diya,Night
2024-12-11 01:38:00,T1,Breakdown,4.0,4323,4242,Chen,Day
2024-05-03 06:08:00,P1,PM,0.0,11632,11119,Chen,Day
2024-06-09 22:50:00,L8,No issue,0.0,6071,5989,Ben,Night
2024-05-08 13:52:00,T1,Changeover,2.0,7185,6190,Asha,Day
2024-12-03 22:56:00,T2,No issue,0.0,7827,6754,Ben,Day
2024-11-06 01:47:00,L9,Changeover,1.0,8299,7462,Asha,Day
2024-04-18 22:09:00,L9,PM,1.0,8302,8259,Diya,Day
2024-04-08 20:59:00,L9,Quality stop,0.0,4285,3973,Diya,Day
2024-01-01 21:58:00,T2,Breakdown,0.0,1931,1848,Diya,Day
2024-06-30 13:59:00,L9,No issue,0.0,9291,8989,Evan,Day
2024-11-17 08:29:00,T2,No issue,0.0,11989,10388,Diya,Day
2024-09-27 15:40:00,L9,No issue,0.0,2416,2234,Diya,Day
2024-06-07 08:23:00,L9,Quality stop,4.0,11905,10816,Evan,Day
2024-06-21 03:40:00,L8,Quality stop,0.0,8121,7676,Ben,Day
2024-12-15 18:15:00,P1,PM,2.0,3533,3288,Asha,Day
2024-09-27 15:30:00,L8,No issue,0.0,3036,2677,Evan,Day
2024-10-20 17:18:00,L9,Breakdown,1.0,48,42,Asha,Night
2024-10-26 10:35:00,T1,Breakdown,0.0,8326,7311,Asha,Night
2024-06-22 09:21:00,L9,Quality stop,1.0,7169,6468,Chen,Day
2024-10-08 05:54:00,T1,No issue,0.0,3446,3342,Ben,Day
2024-12-04 12:41:00,L8,No issue,0.0,7825,7619,Ben,Day
2024-04-16 23:39:00,P1,Changeover,0.0,5437,5185,Asha,Day
2024-01-18 05:28:00,T2,Breakdown,4.0,3749,3206,Unknown,Day
2024-07-13 07:42:00,P1,No issue,0.0,6200,5325,Ben,Day
2024-12-05 06:11:00,T2,No issue,0.0,4908,4404,Evan,Night
2024-01-09 23:33:00,T2,No issue,0.0,326,317,Ben,Night
2024-06-11 21:05:00,T2,No issue,0.0,10530,8955,Asha,Day
2024-05-15 22:07:00,L8,PM,0.0,644,557,Asha,Night
2024-02-28 00:35:00,T2,Breakdown,0.0,8105,7274,Diya,Day
2024-04-16 02:55:00,P1,Changeover,0.0,2760,2604,Asha,Day
2024-04-06 20:11:00,L8,Breakdown,4.0,7466,6498,Evan,Day
2024-02-07 08:58:00,L8,Changeover,0.0,3470,2989,Evan,Day
2024-10-14 03:30:00,T1,Breakdown,2.0,5639,5417,Ben,Day
2024-03-03 19:40:00,T1,PM,0.0,529,498,Ben,Day
2024-01-29 23:59:00,P1,No issue,0.0,2266,2178,Chen,Day
2024-10-25 00:32:00,P1,No issue,0.0,5936,5444,Unknown,Day
2024-04-04 08:13:00,L8,PM,0.0,2444,2397,Chen,Day
2024-06-21 03:21:00,T1,Quality stop,0.0,9432,8974,Diya,Night
2024-06-03 08:15:00,P1,Breakdown,0.0,2303,2016,Ben,Day
2024-12-18 20:22:00,L8,Quality stop,4.0,6870,6342,Diya,Day
2024-01-23 23:01:00,T2,No issue,0.0,11504,10316,Evan,Night
2024-09-16 23:37:00,T1,PM,0.0,9335,8553,Diya,Night
2024-09-13 14:34:00,L9,No issue,0.0,10977,9603,Chen,Night
2024-06-13 08:44:00,L9,PM,2.0,1394,1299,Chen,Night
2024-07-09 00:32:00,P1,No issue,0.0,7163,6345,Ben,Night
2024-05-22 23:18:00,T2,Changeover,0.0,5650,4871,Diya,Night
2024-06-04 20:02:00,T2,No issue,0.0,11200,10887,Ben,Night
2024-05-20 16:23:00,T2,PM,0.0,11220,10366,Chen,Day
2024-06-09 11:52:00,L9,No issue,0.0,6876,6472,Diya,Night
2024-09-15 07:53:00,T2,PM,2.0,9385,8745,Unknown,Night
2024-07-05 08:00:00,T2,Breakdown,1.0,8930,8705,Asha,Day
2024-05-16 19:36:00,L8,No issue,0.0,3639,3293,Chen,Night
2024-09-02 02:45:00,L8,No issue,0.0,9415,8967,Asha,Day
2024-11-07 10:31:00,T1,PM,0.0,419,389,Asha,Day
2024-12-26 13:22:00,L8,No issue,0.0,7871,6912,Evan,Day
2024-10-22 09:53:00,P1,Breakdown,1.0,7879,7334,Asha,Day
2024-01-14 02:16:00,P1,No issue,0.0,3319,3023,Asha,Day
2024-03-05 22:25:00,T1,Breakdown,1.0,3411,3180,Asha,Day
2024-03-16 06:18:00,T1,PM,0.0,10849,9549,Diya,Day
2024-02-23 13:32:00,L9,PM,4.0,2490,2165,Ben,Night
2024-10-23 16:15:00,L9,Breakdown,1.0,10914,10083,Asha,Day
2024-12-24 16:21:00,T2,No issue,0.0,6604,6039,Diya,Day
2024-11-06 19:09:00,L8,Breakdown,0.0,3731,3568,Diya,Day
2024-12-02 13:52:00,P1,No issue,0.0,7053,7053,Diya,Night
2024-02-10 15:14:00,T1,Changeover,1.0,5722,5323,Evan,Day
2024-01-15 20:47:00,P1,Changeover,1.0,3939,3673,Ben,Day
2024-12-24 18:43:00,P1,No issue,0.0,9107,7969,Chen,Day
2024-05-29 10:37:00,P1,No issue,0.0,9673,8644,Diya,Day
2024-11-02 04:48:00,L8,Changeover,1.0,10140,9801,Diya,Day
2024-03-10 21:39:00,P1,Breakdown,2.0,10215,9029,Ben,Day
2024-08-03 12:07:00,L8,No issue,0.0,524,507,Diya,Day
2024-06-15 14:35:00,L9,PM,0.0,6394,6351,Asha,Day
2024-06-13 00:13:00,L8,PM,0.0,7482,7133,Diya,Night
2024-04-28 12:06:00,P1,No issue,0.0,5960,5821,Unknown,Day
2024-12-10 10:43:00,T1,No issue,0.0,2045,1842,Asha,Day
2024-02-09 19:00:00,P1,PM,1.0,10284,9170,Diya,Night
2024-09-18 22:10:00,T1,No issue,0.0,9283,8229,Evan,Day
2024-02-23 01:49:00,L9,PM,2.0,7987,7348,Asha,Night
2024-02-04 12:16:00,L9,No issue,0.0,3706,3235,Diya,Day
2024-11-19 11:34:00,T2,Breakdown,2.0,5417,5036,Evan,Day
2024-09-20 03:21:00,T1,Breakdown,0.0,717,643,Diya,Day
2024-05-14 13:33:00,L9,Breakdown,1.0,11131,10448,Asha,Day
2024-02-29 18:17:00,L9,PM,1.0,3137,2832,Diya,Night
2024-03-16 01:46:00,P1,Breakdown,3.0,3748,3568,Evan,Day
2024-03-11 05:16:00,T2,Quality stop,3.0,10385,10325,Diya,Day
2024-03-02 15:58:00,P1,No issue,0.0,11402,9846,Evan,Day
2024-02-24 01:16:00,P1,Breakdown,0.0,973,903,Chen,Night
2024-12-08 19:17:00,P1,Changeover,1.0,6458,6006,Ben,Day
2024-07-27 16:23:00,P1,Breakdown,1.0,4008,3671,Ben,Night
2024-02-23 02:24:00,L9,No issue,0.0,1049,896,Evan,Day
2024-03-09 22:46:00,L8,Breakdown,2.0,9859,8604,Ben,Night
2024-04-18 04:50:00,T2,Breakdown,3.0,11513,10652,Chen,Day
2024-03-22 02:25:00,L9,PM,0.0,2134,2079,Chen,Day
2024-03-18 01:15:00,T1,No issue,0.0,2267,2215,Asha,Day
2024-04-11 09:43:00,P1,Breakdown,0.0,11572,11102,Ben,Day
2024-02-10 08:16:00,L9,Quality stop,4.0,9066,8971,Evan,Day
2024-01-23 02:46:00,T1,Changeover,2.0,4125,3638,Chen,Day
2024-05-07 06:10:00,L8,No issue,0.0,2137,1828,Chen,Day
2024-07-04 16:31:00,P1,Changeover,1.0,1596,1539,Ben,Day
2024-06-14 17:59:00,P1,PM,0.0,10556,10301,Ben,Night
2024-01-07 07:49:00,P1,PM,0.0,6754,5931,Chen,Day
2024-05-15 06:00:00,T1,Quality stop,3.0,4291,4156,Evan,Day
2024-11-20 04:00:00,T2,No issue,0.0,1603,1590,Diya,Day
2024-11-08 21:28:00,T2,Breakdown,1.0,9528,8625,Asha,Day
2024-08-08 16:39:00,P1,Breakdown,3.0,6009,5283,Unknown,Night
2024-06-23 22:45:00,T1,Breakdown,0.0,48,44,Ben,Day
2024-02-29 00:04:00,P1,No issue,0.0,246,238,Diya,Night
2024-08-21 19:46:00,T1,No issue,0.0,1049,908,Ben,Night
2024-09-25 20:58:00,L8,Breakdown,1.0,5872,5750,Diya,Night
2024-06-08 22:20:00,P1,PM,0.0,1989,1975,Diya,Day
2024-04-14 19:47:00,L8,No issue,0.0,8479,7751,Ben,Night
2024-08-25 07:18:00,T2,No issue,0.0,11648,10502,Ben,Day
2024-08-02 02:46:00,T2,PM,0.0,5612,5128,Ben,Day
2024-05-19 21:01:00,T2,No issue,0.0,4203,3741,Evan,Night
2024-06-23 12:03:00,T1,Changeover,0.0,3584,3166,Chen,Night
2024-01-10 20:24:00,T1,PM,0.0,6687,6432,Ben,Day
2024-03-06 01:22:00,P1,PM,1.0,7842,7714,Diya,Night
2024-10-03 07:57:00,P1,Changeover,0.0,9699,9430,Diya,Night
2024-07-30 15:39:00,T2,No issue,0.0,2705,2470,Asha,Night
2024-02-02 16:18:00,L9,No issue,0.0,7852,6840,Unknown,Day
2024-07-19 17:23:00,L9,Changeover,0.0,7160,6790,Chen,Day
2024-07-24 18:55:00,T1,Quality stop,3.0,3465,3315,Unknown,Day
2024-03-09 03:59:00,L9,Breakdown,0.0,2479,2479,Chen,Night
2024-12-27 05:28:00,T2,No issue,0.0,7935,7807,Ben,Day
2024-07-03 17:04:00,T1,Breakdown,0.0,8010,7468,Ben,Day
2024-07-30 15:53:00,L8,Changeover,1.0,4808,4356,Diya,Day
2024-12-20 12:51:00,T2,No issue,0.0,9888,9644,Chen,Day
2024-11-13 22:17:00,L8,No issue,0.0,2129,1904,Evan,Day
2024-01-02 13:54:00,P1,PM,0.0,7223,6253,Chen,Day
2024-05-15 20:43:00,P1,Quality stop,1.0,6115,5955,Asha,Night
2024-07-21 01:07:00,L8,No issue,0.0,6120,5714,Diya,Day
2024-05-01 19:34:00,L8,PM,0.0,11161,10925,Unknown,Night
2024-10-04 21:17:00,L9,No issue,0.0,3420,3026,Chen,Day
2024-08-05 22:45:00,L8,Breakdown,0.0,8364,8005,Diya,Day
2024-03-13 19:59:00,P1,Changeover,2.0,9508,8373,Ben,Night
2024-05-03 01:28:00,T1,No issue,0.0,5361,5326,Asha,Day
2024-06-03 15:07:00,L9,Changeover,1.0,3981,3577,Diya,Night
2024-09-01 01:22:00,L8,Changeover,1.0,7893,7161,Unknown,Day
2024-06-17 10:55:00,T2,No issue,0.0,8800,7975,Evan,Day
2024-05-30 11:32:00,L8,No issue,0.0,2293,2225,Diya,Day
2024-03-11 22:13:00,L9,PM,0.0,7676,6561,Diya,Night
2024-02-11 16:15:00,L9,PM,4.0,10271,10213,Chen,Night
2024-07-19 23:41:00,T2,PM,1.0,5126,4449,Asha,Night
2024-10-07 10:12:00,L9,Changeover,0.0,7728,6895,Chen,Day
2024-10-09 17:33:00,L8,No issue,0.0,1485,1334,Diya,Day
2024-10-30 01:41:00,P1,No issue,0.0,4702,4437,Chen,Day
2024-02-24 04:37:00,T2,Quality stop,1.0,9346,8193,Diya,Day
2024-05-21 14:19:00,P1,No issue,0.0,4211,4024,Asha,Night
2024-08-30 06:49:00,T1,Breakdown,1.0,7349,6697,Evan,Night
2024-02-15 18:55:00,T2,Quality stop,1.0,6690,6062,Unknown,Night
2024-08-16 07:42:00,L9,Changeover,3.0,192,175,Asha,Night
2024-10-06 05:33:00,T1,Changeover,1.0,9179,9150,Ben,Day
2024-06-29 11:28:00,T2,PM,1.0,11573,9949,Diya,Night
2024-10-19 18:38:00,L8,PM,1.0,379,376,Asha,Day
2024-05-23 09:15:00,L9,No issue,0.0,6061,5261,Ben,Night
2024-11-21 18:06:00,T2,Breakdown,0.0,6551,6182,Diya,Day
2024-01-27 17:17:00,L9,No issue,0.0,6428,5795,Diya,Day
2024-08-29 03:03:00,T2,PM,0.0,5219,5175,Asha,Night
2024-12-03 07:56:00,L9,No issue,0.0,4050,3765,Evan,Day
2024-12-02 11:00:00,L8,No issue,0.0,3007,2678,Unknown,Night
2024-12-12 23:44:00,T1,Changeover,0.0,2606,2288,Diya,Day
2024-09-23 20:08:00,T1,No issue,0.0,3414,3273,Diya,Day
2024-10-30 05:27:00,T1,No issue,0.0,6866,6173,Evan,Night
2024-04-30 17:49:00,P1,PM,0.0,10630,10602,Asha,Day
2024-01-25 15:13:00,T1,No issue,0.0,7543,6557,Unknown,Night
2024-03-06 06:51:00,L9,No issue,0.0,8822,8809,Unknown,Night
2024-12-20 21:16:00,T1,No issue,0.0,8469,8310,Diya,Day
2024-04-29 02:28:00,P1,No issue,0.0,11524,10942,Chen,Day
2024-02-29 14:27:00,L9,No issue,0.0,4576,4409,Asha,Night
2024-11-15 07:30:00,L8,Breakdown,1.0,6425,6418,Chen,Day
2024-02-09 00:23:00,T1,No issue,0.0,11001,9987,Asha,Day
2024-05-13 01:27:00,L9,PM,1.0,1440,1237,Ben,Day
2024-10-24 07:44:00,P1,PM,1.0,11474,10737,Evan,Day
2024-11-27 08:45:00,L8,No issue,0.0,1655,1443,Asha,Day
2024-06-16 01:55:00,L8,No issue,0.0,221,200,Ben,Night
2024-10-03 15:47:00,L8,No issue,0.0,2032,1911,Diya,Night
2024-02-28 07:48:00,T2,No issue,0.0,1056,1018,Chen,Night
2024-06-01 01:14:00,T2,No issue,0.0,8628,7726,Ben,Day
2024-02-04 06:09:00,L8,Quality stop,0.0,272,250,Diya,Night
2024-12-09 01:41:00,L8,Breakdown,1.0,1845,1617,Asha,Night
2024-05-14 23:55:00,P1,PM,0.0,3367,3022,Chen,Day
2024-07-19 17:56:00,P1,PM,4.0,167,159,Asha,Day
2024-01-08 08:09:00,L8,Breakdown,2.0,7407,7034,Ben,Day
2024-01-02 08:23:00,T2,No issue,0.0,9474,8149,Ben,Day
2024-03-31 18:34:00,T2,No issue,0.0,8118,7648,Chen,Day
2024-04-13 16:04:00,T1,No issue,0.0,4643,4121,Chen,Night
2024-03-27 13:23:00,L9,Quality stop,0.0,9648,9335,Ben,Day
2024-10-01 05:58:00,P1,PM,0.0,8075,7013,Chen,Night
2024-10-17 04:47:00,P1,No issue,0.0,2218,2155,Ben,Day
2024-07-11 03:33:00,T1,No issue,0.0,8565,7328,Ben,Night
2024-08-25 13:03:00,T2,No issue,0.0,2823,2800,Diya,Day
2024-12-27 02:44:00,L9,No issue,0.0,2021,1937,Chen,Night
2024-04-20 01:50:00,P1,No issue,0.0,8102,7400,Chen,Night
2024-03-30 13:51:00,P1,Breakdown,1.0,2269,2257,Asha,Day
2024-10-19 18:38:00,T2,Quality stop,1.0,4663,4432,Ben,Night
2024-05-12 17:59:00,L9,PM,1.0,2772,2537,Chen,Day
2024-08-08 17:53:00,T1,Breakdown,1.0,1234,1157,Unknown,Night
2024-08-17 12:20:00,L8,No issue,0.0,7763,7604,Diya,Night
2024-05-27 06:17:00,T1,Breakdown,1.0,10402,9967,Diya,Day
2024-11-23 23:40:00,T2,No issue,0.0,390,378,Unknown,Night
2024-06-03 15:18:00,L8,No issue,0.0,3902,3878,Asha,Day
2024-10-11 01:45:00,L8,Breakdown,0.0,5825,5538,Diya,Night
2024-12-11 03:07:00,T1,Breakdown,0.0,2355,2218,Diya,Day
2024-06-29 15:18:00,T2,Breakdown,3.0,8901,8744,Diya,Day
2024-11-27 00:07:00,L9,No issue,0.0,729,656,Evan,Night
2024-09-30 23:12:00,L8,Breakdown,0.0,3343,3019,Ben,Night
2024-03-19 14:55:00,L9,No issue,0.0,8178,7134,Ben,Night
2024-10-07 00:01:00,T2,Changeover,2.0,6498,6284,Ben,Day
2024-08-26 02:51:00,P1,PM,1.0,5553,4730,Ben,Night
2024-01-06 15:07:00,L8,No issue,0.0,395,361,Ben,Day
2024-02-24 20:34:00,L8,No issue,0.0,2959,2746,Diya,Day
2024-10-23 01:45:00,T1,No issue,0.0,4644,4333,Asha,Night
2024-06-22 17:58:00,T2,No issue,0.0,5699,4885,Diya,Day
2024-10-05 07:49:00,L8,No issue,0.0,8095,7245,Asha,Day
2024-08-14 20:14:00,T1,PM,4.0,9502,8357,Diya,Night
2024-05-15 21:29:00,T2,No issue,0.0,5093,4894,Unknown,Night
2024-03-28 21:15:00,L9,No issue,0.0,10144,9028,Ben,Night
2024-11-10 19:30:00,T2,PM,0.0,10453,9412,Asha,Day
2024-03-21 16:16:00,T2,No issue,0.0,4632,4175,Diya,Night
2024-01-23 22:02:00,L9,PM,0.0,1037,1004,Asha,Day
2024-09-05 06:40:00,L8,No issue,0.0,10301,9778,Chen,Day
2024-04-12 01:39:00,P1,PM,1.0,2440,2188,Asha,Day
2024-01-31 00:42:00,T1,No issue,0.0,142,141,Asha,Night
2024-01-18 09:24:00,L9,Breakdown,2.0,5146,4815,Chen,Night
2024-02-08 05:36:00,L8,No issue,0.0,8299,7090,Chen,Night
2024-11-23 03:54:00,T2,Changeover,3.0,10371,10078,Asha,Day
2024-08-15 04:02:00,L8,No issue,0.0,9474,8940,Asha,Night
2024-09-29 03:40:00,T1,Breakdown,0.0,81,76,Ben,Night
2024-04-01 08:59:00,T2,PM,2.0,45,41,Diya,Night
2024-03-08 12:11:00,T2,Breakdown,0.0,2108,2020,Diya,Night
2024-08-10 17:40:00,P1,No issue,0.0,11115,10460,Evan,Day
2024-02-03 10:05:00,L8,Breakdown,2.0,8707,7472,Evan,Day
2024-02-15 05:13:00,T2,PM,3.0,8069,7851,Asha,Night
2024-09-16 04:43:00,T1,No issue,0.0,10472,8908,Diya,Day
2024-11-25 11:31:00,T1,Breakdown,0.0,11806,10990,Asha,Day
2024-05-08 00:50:00,T2,PM,0.0,5925,5156,Ben,Day
2024-10-22 21:47:00,L9,Changeover,1.0,7090,6224,Asha,Night
2024-12-29 22:44:00,L8,Breakdown,1.0,6135,5906,Asha,Night
2024-12-21 03:02:00,L9,No issue,0.0,5904,5244,Asha,Day
2024-04-05 06:09:00,T1,No issue,0.0,6016,6009,Asha,Day
2024-03-26 09:16:00,L8,Changeover,1.0,641,599,Asha,Night
2024-04-14 03:30:00,T2,PM,2.0,3486,3469,Chen,Night
2024-11-22 16:46:00,L9,Breakdown,2.0,6430,5906,Diya,Day
2024-04-27 09:26:00,T2,Breakdown,0.0,11257,9812,Diya,Day
2024-10-11 16:44:00,T1,No issue,0.0,3343,3168,Diya,Day
2024-03-10 18:16:00,P1,No issue,0.0,8601,7670,Chen,Night
2024-08-31 07:37:00,P1,Breakdown,0.0,6374,5470,Asha,Day
2024-04-21 05:59:00,T2,Breakdown,1.0,7905,7357,Asha,Day
2024-11-06 19:05:00,T2,Breakdown,1.0,6049,5745,Ben,Night
2024-02-16 22:10:00,L9,Breakdown,0.0,487,455,Evan,Night
2024-08-12 13:07:00,P1,Changeover,1.0,1014,996,Asha,Night
2024-05-20 05:29:00,L9,Quality stop,0.0,3674,3536,Evan,Day
2024-06-28 07:28:00,L8,PM,2.0,3563,3269,Chen,Night
2024-12-25 17:18:00,L8,No issue,0.0,8646,7847,Chen,Day
2024-11-06 19:06:00,P1,No issue,0.0,8183,7325,Evan,Day
2024-06-03 12:51:00,T1,No issue,0.0,2344,2220,Evan,Day
2024-09-23 14:15:00,T1,Breakdown,0.0,10008,8642,Evan,Day
2024-04-13 14:06:00,L8,Breakdown,1.0,5327,4566,Asha,Day
2024-02-19 08:49:00,P1,Breakdown,3.0,10894,10773,Asha,Night
2024-08-31 12:46:00,T2,No issue,0.0,6502,6243,Evan,Day
2024-06-15 23:13:00,T1,PM,0.0,1807,1754,Chen,Day
2024-01-28 12:11:00,T1,Breakdown,1.0,7971,7357,Diya,Day
2024-04-17 15:11:00,T2,No issue,0.0,7353,6329,Ben,Day
2024-06-19 23:12:00,L8,No issue,0.0,10304,9686,Diya,Day
2024-09-17 16:33:00,T2,No issue,0.0,10347,9158,Chen,Day
2024-05-15 03:30:00,L9,Changeover,1.0,6401,6108,Diya,Night
2024-08-29 12:27:00,T1,No issue,0.0,7128,6664,Ben,Day
2024-05-12 05:29:00,L9,No issue,0.0,1707,1632,Ben,Day
2024-02-08 11:08:00,L8,Changeover,0.0,395,359,Chen,Night
2024-02-08 04:53:00,T1,No issue,0.0,403,394,Evan,Day
2024-03-24 04:20:00,P1,Changeover,0.0,10670,9468,Asha,Day
2024-09-20 17:11:00,L9,Breakdown,4.0,10921,10079,Ben,Night
2024-09-14 05:36:00,L8,No issue,0.0,8787,7599,Evan,Day
2024-05-29 16:52:00,L9,No issue,0.0,4564,4145,Diya,Night
2024-01-15 03:13:00,T2,Breakdown,4.0,10585,10069,Ben,Night
2024-07-27 03:49:00,P1,PM,0.0,5875,5532,Chen,Day
2024-02-28 05:01:00,P1,Changeover,2.0,903,897,Ben,Day
2024-09-17 05:19:00,L9,Breakdown,1.0,2379,2039,Chen,Day
2024-04-24 21:05:00,T1,Quality stop,0.0,11673,11130,Chen,Night
2024-03-23 19:02:00,T1,Breakdown,0.0,3969,3620,Asha,Day
2024-05-08 17:11:00,T1,No issue,0.0,8172,7912,Diya,Day
2024-10-19 09:56:00,P1,No issue,0.0,1283,1133,Chen,Day
2024-03-28 01:41:00,T2,Breakdown,3.0,3833,3345,Asha,Day
2024-03-09 14:09:00,L8,No issue,0.0,11224,10068,Diya,Day
2024-12-13 04:10:00,P1,Breakdown,0.0,732,659,Asha,Day
2024-08-12 14:16:00,L8,Quality stop,0.0,1425,1350,Diya,Day
2024-02-08 04:18:00,T2,Breakdown,0.0,8852,7677,Ben,Night
2024-09-16 21:00:00,T2,Breakdown,0.0,4009,3999,Asha,Day
2024-11-13 00:04:00,T1,PM,0.0,3189,3119,Chen,Night
2024-12-03 15:41:00,L8,Changeover,0.0,854,844,Ben,Night
2024-01-04 11:05:00,T1,Changeover,0.0,11294,10547,Chen,Day
2024-02-29 17:24:00,P1,No issue,0.0,858,857,Asha,Day
2024-10-22 20:50:00,T2,Breakdown,0.0,9573,8695,Diya,Day
2024-09-21 17:08:00,T1,No issue,0.0,715,633,Chen,Night
2024-05-14 14:22:00,T2,Changeover,2.0,2317,2046,Ben,Day
2024-06-25 00:47:00,P1,No issue,0.0,11611,10756,Ben,Day
2024-07-06 15:24:00,T1,PM,0.0,11830,11481,Asha,Night
2024-06-18 14:42:00,T1,Quality stop,1.0,9486,8764,Chen,Day
2024-10-15 20:18:00,T2,Breakdown,1.0,7739,7590,Evan,Day
2024-03-04 12:34:00,L8,Changeover,0.0,1706,1473,Chen,Night
2024-06-22 04:55:00,L8,Breakdown,1.0,118,110,Evan,Day
2024-02-12 15:26:00,T1,No issue,0.0,8348,7407,Diya,Day
2024-08-03 03:44:00,T2,PM,1.0,2933,2927,Chen,Day
2024-01-22 15:53:00,P1,Quality stop,0.0,3200,3014,Diya,Day
2024-09-18 21:01:00,L8,Breakdown,0.0,9619,8204,Chen,Day
2024-10-22 11:26:00,T2,PM,0.0,1396,1322,Asha,Day
2024-02-09 20:49:00,L9,Quality stop,1.0,4259,3943,Diya,Day
2024-03-03 12:12:00,T1,No issue,0.0,7122,6310,Asha,Night
2024-03-25 13:27:00,P1,No issue,0.0,5045,4796,Chen,Day
2024-05-07 01:25:00,L9,No issue,0.0,5071,4811,Diya,Night
2024-02-24 12:34:00,T1,No issue,0.0,1072,936,Ben,Night
2024-11-27 10:00:00,L9,Quality stop,0.0,4422,3818,Chen,Day
2024-01-01 06:19:00,P1,No issue,0.0,11009,9380,Asha,Day
2024-08-08 16:41:00,T1,PM,0.0,11318,10898,Ben,Day
2024-08-01 11:05:00,L9,No issue,0.0,4335,4025,Asha,Day
2024-12-08 17:20:00,P1,Breakdown,4.0,9736,9505,Chen,Day
2024-10-31 03:01:00,P1,No issue,0.0,11663,11259,Diya,Day
2024-09-06 20:00:00,L8,No issue,0.0,3977,3843,Ben,Day
2024-06-09 07:30:00,P1,Breakdown,1.0,2115,1814,Unknown,Day
2024-12-02 17:36:00,L8,No issue,0.0,8955,8567,Evan,Day
2024-03-06 18:14:00,L9,Breakdown,1.0,10475,9569,Chen,Night
2024-10-22 23:41:00,T2,Breakdown,0.0,11858,11464,Chen,Night
2024-06-27 13:36:00,T1,Breakdown,1.0,4978,4288,Diya,Night
2024-11-11 04:24:00,T2,PM,0.0,6796,6214,Evan,Day
2024-09-24 23:35:00,T2,PM,1.0,5110,4728,Chen,Night
2024-04-22 13:50:00,P1,No issue,0.0,8107,7969,Unknown,Day
2024-12-30 10:11:00,L9,Breakdown,1.0,8380,7236,Chen,Day
2024-10-03 14:01:00,L8,No issue,0.0,3867,3387,Ben,Day
2024-05-03 05:33:00,T2,Breakdown,0.0,4206,4203,Asha,Day
2024-06-13 21:30:00,L8,Quality stop,0.0,7247,6503,Diya,Day
2024-02-12 05:46:00,L8,No issue,0.0,4997,4519,Diya,Night
2024-12-07 02:23:00,P1,No issue,0.0,1757,1549,Ben,Day
2024-02-12 08:59:00,T2,Breakdown,1.0,10873,9932,Diya,Day
2024-10-27 11:29:00,L9,Quality stop,0.0,11017,10488,Chen,Night
2024-01-15 04:13:00,T2,Quality stop,0.0,9512,9043,Diya,Night
2024-12-26 17:20:00,L8,Breakdown,2.0,6053,5475,Diya,Night
2024-03-19 04:33:00,T2,Breakdown,0.0,11654,9933,Chen,Day
2024-09-19 03:44:00,L8,No issue,0.0,7110,7028,Diya,Night
2024-11-04 00:21:00,L9,Changeover,0.0,4859,4653,Ben,Day
2024-10-09 01:14:00,P1,Changeover,1.0,4496,4283,Diya,Day
2024-02-11 09:54:00,P1,Breakdown,2.0,548,483,Ben,Day
2024-03-08 02:17:00,T2,No issue,0.0,5285,5244,Asha,Day
2024-08-03 08:37:00,L8,No issue,0.0,7035,6413,Evan,Night
2024-06-02 21:59:00,P1,No issue,0.0,8053,7316,Chen,Night
2024-04-24 06:21:00,P1,No issue,0.0,4337,4013,Asha,Night
2024-09-29 21:41:00,P1,Changeover,0.0,773,687,Diya,Day
2024-11-19 08:06:00,T1,No issue,0.0,633,614,Chen,Day
2024-02-04 11:33:00,P1,Breakdown,0.0,10305,9842,Ben,Night
2024-06-03 16:12:00,P1,Breakdown,1.0,2561,2374,Diya,Day
2024-01-13 10:39:00,L9,Breakdown,0.0,9695,9692,Ben,Night
2024-05-23 00:01:00,L8,Changeover,1.0,1893,1772,Asha,Day
2024-07-30 08:46:00,T2,Breakdown,2.0,4622,4354,Ben,Day
2024-01-17 07:32:00,L9,No issue,0.0,4566,4418,Diya,Night
2024-03-14 04:46:00,P1,No issue,0.0,1081,1044,Ben,Day
2024-01-29 04:38:00,T1,No issue,0.0,6854,5988,Evan,Night
2024-07-28 17:59:00,T1,Quality stop,0.0,8786,8333,Evan,Night
2024-09-09 16:21:00,T1,Breakdown,1.0,263,255,Asha,Night
2024-02-06 11:54:00,P1,Breakdown,2.0,4482,3910,Asha,Night
2024-03-31 21:25:00,L8,Breakdown,0.0,1917,1773,Chen,Day
2024-11-23 10:53:00,L8,Breakdown,0.0,2945,2708,Chen,Night
2024-11-15 00:56:00,T1,Breakdown,0.0,6270,5580,Chen,Night
2024-11-17 19:36:00,L9,No issue,0.0,8623,8518,Chen,Day
2024-11-26 13:44:00,L9,Quality stop,3.0,4840,4153,Evan,Day
2024-08-26 11:35:00,T2,No issue,0.0,9250,8038,Evan,Night
2024-02-08 21:14:00,L9,Breakdown,2.0,1756,1535,Chen,Day
2024-06-22 04:56:00,P1,Breakdown,1.0,3754,3463,Unknown,Day
2024-07-01 14:41:00,L9,Changeover,1.0,2868,2528,Asha,Day
2024-05-17 15:39:00,T1,Changeover,0.0,11521,11452,Diya,Day
2024-08-24 00:56:00,P1,Changeover,1.0,11603,10859,Diya,Night
2024-06-07 08:38:00,L9,No issue,0.0,6989,6903,Evan,Night
2024-07-11 09:34:00,T2,PM,2.0,655,625,Ben,Day
2024-06-28 04:48:00,T2,Changeover,1.0,538,515,Ben,Day
2024-07-05 20:20:00,L8,Breakdown,0.0,1958,1885,Asha,Night
2024-08-23 23:36:00,T2,No issue,0.0,491,425,Evan,Day
2024-08-25 21:45:00,T1,Breakdown,1.0,1842,1705,Diya,Day
2024-03-11 12:31:00,L8,Breakdown,2.0,2801,2417,Diya,Day
2024-04-29 07:31:00,L9,Breakdown,0.0,939,924,Chen,Day
2024-06-16 14:59:00,T1,Breakdown,0.0,7955,7407,Ben,Day
2024-09-19 04:11:00,L8,No issue,0.0,11535,10416,Ben,Day
2024-11-05 05:58:00,T2,No issue,0.0,476,444,Unknown,Day
2024-01-03 21:34:00,P1,No issue,0.0,6619,5656,Asha,Night
2024-03-22 10:23:00,P1,No issue,0.0,7867,7771,Diya,Night
2024-07-01 05:24:00,T1,PM,2.0,4205,3984,Ben,Night
2024-09-29 18:30:00,P1,No issue,0.0,2575,2573,Diya,Day
2024-06-16 09:07:00,T1,Breakdown,0.0,2210,2151,Evan,Day
2024-05-19 02:48:00,L8,PM,0.0,10239,9990,Ben,Day
2024-10-18 18:02:00,T2,Breakdown,0.0,5851,5178,Diya,Night
2024-06-12 07:36:00,T1,Breakdown,2.0,2851,2565,Chen,Night
2024-02-21 03:00:00,L8,Breakdown,1.0,10729,9619,Ben,Day
2024-06-30 20:54:00,L9,Breakdown,1.0,8375,7363,Asha,Day
2024-12-12 06:20:00,T1,No issue,0.0,3964,3506,Chen,Night
2024-12-28 01:39:00,L8,Changeover,0.0,1140,1014,Asha,Day
2024-02-17 16:49:00,L8,Quality stop,0.0,5457,4841,Ben,Day
2024-03-18 02:35:00,T2,No issue,0.0,11617,11127,Diya,Night
2024-01-02 12:10:00,T2,Breakdown,1.0,2039,1850,Chen,Day
2024-10-13 07:41:00,P1,Changeover,0.0,7186,6230,Diya,Night
2024-03-24 16:23:00,T2,Breakdown,0.0,2125,2105,Chen,Night
2024-02-20 19:24:00,T2,PM,0.0,2019,1740,Evan,Day
2024-06-23 22:56:00,L9,Breakdown,1.0,2219,2044,Diya,Night
2024-10-24 09:32:00,L8,Breakdown,2.0,3769,3704,Chen,Night
2024-05-31 16:34:00,P1,No issue,0.0,4754,4428,Chen,Day
2024-09-29 18:52:00,L9,PM,1.0,8189,7811,Chen,Night
2024-09-27 09:28:00,P1,PM,0.0,11346,10392,Diya,Day
2024-11-26 23:24:00,T2,Changeover,0.0,7999,7135,Evan,Day
2024-11-23 22:27:00,T1,No issue,0.0,6338,5575,Diya,Night
2024-09-22 04:46:00,T2,No issue,0.0,3842,3598,Ben,Day
2024-05-06 21:14:00,T2,Breakdown,0.0,11961,10237,Diya,Day
2024-02-09 04:03:00,L9,No issue,0.0,10013,9994,Ben,Night
2024-01-09 01:53:00,T1,PM,0.0,9257,8675,Unknown,Day
2024-02-23 19:55:00,L8,No issue,0.0,6759,6723,Evan,Day
2024-01-28 06:59:00,T2,No issue,0.0,5406,4891,Asha,Day
2024-05-26 08:59:00,L8,PM,1.0,8222,7028,Unknown,Night
2024-10-10 10:56:00,T1,Breakdown,0.0,11599,10284,Ben,Night
2024-04-08 00:21:00,P1,Breakdown,0.0,8932,8180,Evan,Day
2024-02-08 07:09:00,L8,PM,2.0,3182,2861,Evan,Day
2024-05-28 12:35:00,P1,Breakdown,0.0,5507,5370,Evan,Day
2024-03-14 14:12:00,L9,No issue,0.0,31,29,Chen,Day
2024-11-09 20:38:00,P1,PM,1.0,8483,7812,Evan,Day
2024-10-18 06:08:00,T1,No issue,0.0,8312,7696,Ben,Day
2024-09-05 04:11:00,L9,Quality stop,0.0,5632,5246,Evan,Night
2024-07-09 05:56:00,L9,Breakdown,0.0,7121,6398,Evan,Day
2024-06-14 06:29:00,T2,Breakdown,1.0,7975,6847,Diya,Day
2024-05-16 20:06:00,P1,No issue,0.0,5610,5368,Ben,Night
2024-08-30 17:22:00,L9,Quality stop,1.0,6175,5964,Chen,Day
2024-01-07 17:18:00,L9,Breakdown,2.0,6270,5578,Asha,Day
2024-10-24 09:18:00,L8,Breakdown,0.0,9760,9215,Ben,Day
2024-04-26 23:56:00,T2,Quality stop,4.0,8787,8320,Ben,Night
2024-10-06 10:46:00,T1,No issue,0.0,8789,8147,Chen,Day
2024-04-20 15:35:00,L9,Breakdown,1.0,2270,2020,Diya,Day
2024-02-28 20:36:00,L9,No issue,0.0,11646,11438,Diya,Day
2024-10-03 01:21:00,L8,No issue,0.0,1923,1653,Evan,Night
2024-04-19 03:30:00,L9,No issue,0.0,8267,7973,Diya,Day
2024-03-27 10:45:00,L8,No issue,0.0,4615,4400,Diya,Day
2024-09-07 17:07:00,P1,Changeover,2.0,3193,2736,Asha,Night
2024-01-10 07:31:00,L9,PM,0.0,8418,7960,Asha,Night
2024-10-09 01:09:00,T1,Breakdown,2.0,9023,8245,Diya,Night
2024-09-04 06:57:00,L8,Changeover,1.0,8253,7054,Diya,Night
2024-09-14 03:21:00,L9,Breakdown,2.0,5715,5679,Diya,Night
2024-10-11 00:57:00,L8,PM,0.0,8858,7826,Diya,Day
2024-01-25 00:11:00,P1,Breakdown,0.0,3132,3099,Asha,Night
2024-07-17 23:30:00,L8,Quality stop,0.0,2970,2801,Diya,Day
2024-03-03 21:56:00,P1,No issue,0.0,6628,5651,Ben,Day
2024-05-19 11:47:00,L9,Breakdown,0.0,11540,10823,Asha,Day
2024-03-05 06:28:00,P1,Quality stop,0.0,9576,8872,Ben,Night
2024-10-06 12:05:00,T2,PM,1.0,683,594,Chen,Day
2024-08-27 10:36:00,T1,Breakdown,0.0,807,727,Ben,Night
2024-02-14 14:29:00,L8,No issue,0.0,9386,8338,Asha,Day
2024-08-15 15:10:00,T2,PM,1.0,11352,9745,Evan,Day
2024-12-02 18:45:00,L9,Quality stop,0.0,5768,5723,Evan,Night
2024-02-17 20:41:00,L9,No issue,0.0,44,37,Diya,Day
2024-09-30 14:59:00,L9,No issue,0.0,1439,1242,Ben,Night
2024-04-02 06:30:00,T2,Quality stop,0.0,6973,6048,Chen,Day
2024-12-01 05:51:00,L9,Changeover,1.0,2736,2367,Chen,Day
2024-03-14 10:58:00,P1,Breakdown,1.0,6051,5592,Asha,Day
2024-03-03 02:08:00,T1,Quality stop,1.0,8942,7954,Evan,Day
2024-02-27 21:25:00,L9,Quality stop,1.0,2565,2451,Ben,Night
2024-07-29 20:01:00,L9,PM,4.0,8985,8496,Asha,Night
2024-12-02 07:43:00,T1,PM,0.0,8293,8169,Diya,Night
2024-02-12 14:06:00,P1,Breakdown,1.0,3823,3557,Asha,Day
2024-02-10 12:00:00,L9,Quality stop,1.0,10469,9023,Ben,Day
2024-11-07 00:15:00,L9,Breakdown,2.0,1053,909,Unknown,Night
2024-11-03 08:46:00,L8,No issue,0.0,8327,8120,Ben,Day
2024-02-23 07:30:00,T1,Quality stop,0.0,3462,3445,Chen,Night
2024-12-30 10:27:00,L8,Quality stop,2.0,1889,1694,Chen,Night
2024-10-26 00:38:00,L8,Quality stop,0.0,7320,6540,Chen,Day
2024-09-11 07:05:00,P1,Breakdown,0.0,2813,2673,Evan,Night
2024-10-12 12:53:00,T1,Quality stop,2.0,5680,5132,Diya,Day
2024-05-04 17:29:00,T2,No issue,0.0,7862,6872,Ben,Day
2024-03-09 08:46:00,L8,No issue,0.0,2616,2301,Diya,Night
2024-02-28 17:15:00,T2,No issue,0.0,9634,8193,Chen,Night
2024-09-10 16:44:00,T2,No issue,0.0,5681,5343,Unknown,Night
2024-07-17 03:07:00,P1,No issue,0.0,2066,2051,Asha,Day
2024-09-02 11:40:00,L8,Changeover,2.0,4509,4322,Unknown,Night
2024-01-10 07:11:00,T2,No issue,0.0,6186,5432,Ben,Night
2024-03-01 17:59:00,T1,No issue,0.0,11764,11235,Evan,Day
2024-06-18 10:53:00,P1,Breakdown,1.0,3173,2888,Ben,Night
2024-06-03 22:29:00,L8,Quality stop,1.0,3736,3260,Chen,Day
2024-06-05 04:04:00,T1,No issue,0.0,10720,9506,Chen,Day
2024-08-24 18:49:00,L8,No issue,0.0,4967,4270,Evan,Night
2024-09-18 15:33:00,T1,No issue,0.0,7477,6359,Evan,Day
2024-11-25 09:01:00,L9,Quality stop,2.0,4346,4230,Ben,Night
2024-01-15 18:50:00,L8,Breakdown,2.0,10503,10498,Ben,Day
2024-02-17 03:27:00,L8,No issue,0.0,597,586,Asha,Night
2024-06-07 08:30:00,L9,No issue,0.0,10069,9038,Asha,Day
2024-08-18 14:29:00,T2,No issue,0.0,2583,2337,Asha,Day
2024-10-08 14:20:00,T2,Changeover,1.0,10965,10805,Asha,Day
2024-10-29 20:26:00,T2,Quality stop,2.0,6737,6362,Unknown,Night
2024-12-18 07:58:00,T1,Quality stop,1.0,5245,4741,Diya,Day
2024-08-19 18:05:00,T1,No issue,0.0,10641,10558,Ben,Day
2024-05-01 18:04:00,L9,Quality stop,4.0,1689,1644,Chen,Night
2024-02-16 16:18:00,L9,Breakdown,1.0,1327,1178,Diya,Day
2024-07-09 10:37:00,L9,No issue,0.0,1783,1537,Asha,Night
2024-06-08 13:12:00,T2,Changeover,0.0,5300,4849,Diya,Day
2024-03-14 09:57:00,P1,No issue,0.0,10877,9611,Unknown,Day
2024-06-15 16:42:00,P1,No issue,0.0,1528,1411,Diya,Night
2024-03-10 16:56:00,P1,PM,2.0,5012,4541,Chen,Night
2024-07-26 14:57:00,P1,No issue,0.0,3210,2924,Ben,Day
2024-02-06 22:59:00,P1,Breakdown,4.0,11576,10819,Diya,Night
2024-11-25 03:52:00,P1,Quality stop,1.0,4954,4926,Chen,Night
2024-04-07 08:15:00,T1,No issue,0.0,4585,4259,Unknown,Night
2024-08-18 03:50:00,T1,No issue,0.0,9888,8861,Ben,Night
2024-03-23 19:30:00,T1,Breakdown,0.0,7129,7082,Diya,Day
2024-12-12 13:33:00,L8,No issue,0.0,4762,4136,Ben,Day
2024-03-21 09:41:00,P1,PM,0.0,1678,1662,Ben,Day
2024-10-17 16:22:00,L9,Changeover,3.0,11990,10841,Evan,Night
2024-08-19 18:24:00,P1,No issue,0.0,8562,8351,Chen,Day
2024-05-15 21:35:00,P1,Quality stop,4.0,10350,9348,Diya,Day
2024-12-26 11:48:00,T1,Breakdown,0.0,8567,8526,Diya,Night
2024-12-27 17:36:00,P1,Breakdown,0.0,4254,3855,Diya,Day
2024-07-17 00:23:00,T2,Breakdown,0.0,7619,7012,Diya,Day
2024-02-21 19:00:00,L9,PM,1.0,3577,3538,Diya,Day
2024-04-07 12:01:00,P1,Breakdown,1.0,3738,3678,Asha,Night
2024-04-28 11:32:00,L8,PM,3.0,11718,11533,Diya,Night
2024-09-20 11:41:00,L9,No issue,0.0,1021,927,Evan,Night
2024-09-13 03:37:00,T1,Quality stop,0.0,9788,9349,Diya,Day
2024-07-30 08:01:00,T2,Breakdown,2.0,1539,1438,Asha,Night
2024-04-03 07:12:00,P1,No issue,0.0,3250,2981,Diya,Day
2024-08-26 07:02:00,T2,PM,1.0,5898,5876,Ben,Day
2024-11-15 18:54:00,P1,Quality stop,1.0,9325,8640,Chen,Day
2024-12-07 08:37:00,T1,Breakdown,1.0,3557,3375,Diya,Day
2024-02-22 12:50:00,P1,Breakdown,2.0,9845,9698,Unknown,Night
2024-01-22 22:49:00,P1,No issue,0.0,2492,2190,Chen,Day
2024-08-07 13:55:00,L8,No issue,0.0,9114,8751,Asha,Night
2024-09-12 08:27:00,T2,Changeover,1.0,10665,10245,Chen,Day
2024-06-21 21:39:00,L9,No issue,0.0,7522,6634,Asha,Day
2024-11-25 03:47:00,P1,No issue,0.0,9615,9156,Evan,Day
2024-04-15 15:28:00,T1,No issue,0.0,11587,10161,Chen,Night
2024-06-29 09:14:00,T2,Quality stop,1.0,11907,11435,Chen,Day
2024-05-13 23:45:00,P1,No issue,0.0,1138,1091,Ben,Day
2024-11-14 09:53:00,T1,Breakdown,1.0,1033,958,Unknown,Day
2024-12-26 20:14:00,L8,PM,3.0,1518,1388,Evan,Day
2024-01-01 06:04:00,P1,No issue,0.0,8964,7798,Diya,Day
2024-08-13 02:42:00,T2,Breakdown,1.0,4218,3756,Asha,Day
2024-01-07 02:53:00,T2,No issue,0.0,6942,6303,Asha,Day
2024-04-11 06:02:00,L8,No issue,0.0,9108,8976,Evan,Night
2024-03-11 16:55:00,P1,No issue,0.0,6504,5949,Asha,Night
2024-12-16 03:14:00,T1,PM,0.0,4114,3887,Ben,Night
2024-04-08 02:36:00,L9,Changeover,4.0,11807,10236,Evan,Day
2024-01-26 03:03:00,L9,PM,0.0,2229,2071,Ben,Day
2024-06-03 13:35:00,T2,Breakdown,2.0,4276,4241,Evan,Day
2024-10-23 00:46:00,L8,No issue,0.0,5733,5430,Asha,Day
2024-10-19 08:43:00,T1,Breakdown,0.0,6525,5669,Chen,Night
2024-10-21 22:11:00,P1,Breakdown,1.0,10244,10133,Chen,Day
2024-01-19 13:01:00,T2,PM,0.0,3487,3145,Chen,Night
2024-11-21 17:36:00,L9,PM,0.0,10659,10311,Ben,Day
2024-11-04 08:39:00,L8,No issue,0.0,3585,3217,Chen,Day
2024-02-09 04:02:00,T2,No issue,0.0,5688,5309,Diya,Day
2024-03-30 14:24:00,L8,No issue,0.0,10601,9562,Ben,Night
2024-12-27 09:05:00,L8,Breakdown,3.0,7698,6847,Diya,Day
2024-10-19 16:13:00,P1,Breakdown,1.0,5550,5322,Ben,Day
2024-08-22 03:05:00,P1,No issue,0.0,7223,6780,Chen,Night
2024-01-19 09:13:00,L9,Changeover,0.0,3469,3275,Evan,Day
2024-12-27 16:10:00,L8,PM,0.0,11016,10651,Unknown,Day
2024-01-18 10:54:00,T2,No issue,0.0,11580,10598,Unknown,Day
2024-03-17 21:27:00,P1,No issue,0.0,3372,3308,Chen,Night
2024-06-01 13:37:00,T2,Breakdown,1.0,3556,3219,Diya,Day
2024-11-11 21:54:00,L9,Breakdown,3.0,11661,10526,Ben,Night
2024-09-24 21:44:00,P1,Breakdown,1.0,7254,6435,Diya,Day
2024-05-18 16:20:00,P1,No issue,0.0,11534,10523,Asha,Day
2024-01-22 21:30:00,T1,Changeover,2.0,11085,10851,Ben,Day
2024-03-15 12:51:00,L9,No issue,0.0,6524,5745,Chen,Night
2024-08-29 12:49:00,P1,No issue,0.0,11628,11085,Ben,Day
2024-11-06 08:39:00,T2,No issue,0.0,1867,1615,Ben,Day
2024-07-03 03:33:00,T2,No issue,0.0,7612,6710,Asha,Night
2024-08-27 10:11:00,L8,Quality stop,0.0,9589,9138,Ben,Night
2024-07-02 11:25:00,L9,Breakdown,1.0,7889,7097,Evan,Day
2024-07-12 05:31:00,T1,No issue,0.0,4324,3986,Chen,Night
2024-04-27 11:56:00,L9,PM,0.0,11909,10789,Chen,Day
2024-08-08 05:18:00,P1,PM,0.0,10795,9577,Diya,Day
2024-03-03 02:54:00,L8,PM,2.0,2425,2136,Ben,Day
2024-05-29 17:38:00,L8,PM,2.0,4252,3755,Diya,Night
2024-11-04 17:41:00,P1,No issue,0.0,146,132,Diya,Night
2024-03-12 21:44:00,P1,Breakdown,1.0,3926,3422,Asha,Day
2024-09-17 07:03:00,P1,No issue,0.0,5388,5162,Chen,Day
2024-10-25 14:35:00,P1,No issue,0.0,6790,6079,Ben,Day
2024-02-28 10:01:00,T2,Changeover,1.0,512,509,Ben,Night
2024-09-18 18:47:00,L9,PM,4.0,10446,9463,Chen,Night
2024-01-20 13:20:00,T2,No issue,0.0,10488,9710,Diya,Night
2024-03-20 18:50:00,T2,Breakdown,1.0,2890,2675,Ben,Night
2024-08-28 01:25:00,L8,Breakdown,4.0,8941,8077,Ben,Night
2024-12-09 16:44:00,L9,Breakdown,0.0,9449,8438,Asha,Night
2024-08-28 13:34:00,P1,Breakdown,1.0,2122,2027,Chen,Day
2024-09-30 19:20:00,T2,No issue,0.0,2513,2313,Asha,Day
2024-10-13 20:16:00,T2,No issue,0.0,8869,7847,Ben,Day
2024-10-02 06:11:00,T2,PM,1.0,1200,1048,Unknown,Night
2024-09-14 06:37:00,L8,No issue,0.0,3793,3362,Ben,Day
2024-02-17 10:10:00,P1,Breakdown,1.0,9584,8154,Asha,Day
2024-01-07 09:15:00,L9,No issue,0.0,6362,5511,Asha,Night
2024-07-10 17:58:00,P1,No issue,0.0,3068,2813,Asha,Day
2024-08-08 20:21:00,T2,Breakdown,1.0,88,78,Asha,Night
2024-05-06 11:27:00,L9,Quality stop,0.0,8768,7454,Ben,Night
2024-03-27 02:49:00,P1,No issue,0.0,11780,10687,Ben,Day
2024-01-31 15:45:00,L9,PM,0.0,3645,3573,Ben,Night
2024-11-20 09:43:00,L9,No issue,0.0,4894,4679,Ben,Day
2024-01-18 23:15:00,T1,PM,0.0,10435,10039,Asha,Day
2024-07-22 04:49:00,L9,Changeover,1.0,8994,8238,Ben,Day
2024-04-24 06:51:00,T2,No issue,0.0,9919,9019,Asha,Day
2024-04-01 17:58:00,L9,PM,1.0,11565,10270,Evan,Night
2024-03-12 20:00:00,T1,No issue,0.0,6653,6204,Ben,Day
2024-02-20 01:07:00,T2,No issue,0.0,7870,7205,Chen,Night
2024-09-28 00:06:00,L9,Quality stop,0.0,5055,4799,Chen,Day
2024-11-05 09:48:00,T1,No issue,0.0,11971,11811,Asha,Day
2024-06-05 20:15:00,L9,PM,0.0,4489,3871,Evan,Day
2024-12-27 20:51:00,P1,No issue,0.0,5125,4729,Unknown,Day
2024-11-23 13:43:00,L9,Quality stop,1.0,8101,7536,Evan,Day
2024-01-04 01:14:00,L8,No issue,0.0,5321,5259,Ben,Night
2024-02-19 17:47:00,T1,No issue,0.0,11654,10436,Diya,Day
2024-01-17 02:28:00,T1,Changeover,0.0,243,233,Evan,Day
2024-02-25 09:13:00,T2,PM,0.0,9863,9052,Asha,Night
2024-05-27 10:34:00,T2,No issue,0.0,6306,5750,Diya,Day
2024-08-18 13:00:00,P1,No issue,0.0,5340,4863,Asha,Day
2024-02-25 17:57:00,P1,No issue,0.0,4811,4747,Ben,Day
2024-07-08 15:49:00,T1,No issue,0.0,9505,8355,Diya,Day
2024-01-24 23:31:00,L9,Quality stop,1.0,2809,2498,Diya,Night
2024-06-14 03:06:00,P1,Changeover,0.0,10857,10638,Evan,Day
2024-06-19 19:35:00,P1,Breakdown,0.0,5196,4568,Ben,Night
2024-03-31 04:52:00,T1,No issue,0.0,2982,2619,Evan,Day
2024-09-15 13:48:00,L9,Changeover,0.0,3702,3281,Ben,Day
2024-05-22 08:48:00,L9,PM,0.0,9012,7825,Diya,Day
2024-06-21 14:40:00,P1,No issue,0.0,5924,5662,Evan,Day
2024-04-30 08:28:00,P1,PM,4.0,10173,9509,Ben,Day
2024-11-05 21:44:00,T1,Breakdown,0.0,578,536,Ben,Night
2024-05-02 12:43:00,L8,Breakdown,2.0,517,464,Diya,Day
2024-05-03 08:38:00,T2,Breakdown,2.0,3102,2660,Asha,Night
2024-02-23 14:41:00,L9,No issue,0.0,8703,8562,Diya,Day
2024-08-05 06:23:00,P1,Changeover,1.0,3751,3483,Ben,Day
2024-09-08 01:53:00,T2,No issue,0.0,4619,4422,Ben,Night
2024-06-01 09:17:00,L9,Breakdown,1.0,166,154,Chen,Day
2024-10-23 09:36:00,T1,No issue,0.0,8089,7422,Evan,Day
2024-07-17 21:13:00,T1,Quality stop,1.0,9038,7880,Ben,Night
2024-10-15 20:40:00,T2,PM,2.0,7673,6911,Chen,Day
2024-10-11 12:57:00,L9,Quality stop,0.0,4441,4036,Asha,Day
2024-12-04 20:11:00,T1,Breakdown,2.0,1990,1699,Chen,Day
2024-04-29 07:40:00,P1,Breakdown,0.0,10025,9907,Chen,Day
2024-07-03 14:40:00,T2,Changeover,0.0,1818,1608,Diya,Day
2024-03-21 01:05:00,T1,Changeover,1.0,4187,3891,Asha,Day
2024-01-30 13:32:00,T1,PM,0.0,3182,3042,Evan,Night
2024-10-03 18:39:00,T1,No issue,0.0,8282,7142,Evan,Day
2024-04-27 01:43:00,L9,PM,0.0,3342,3183,Ben,Day
2024-08-06 04:26:00,L9,PM,0.0,5810,5189,Chen,Day
2024-02-18 18:58:00,T2,Breakdown,3.0,10638,10417,Unknown,Day
2024-09-17 16:57:00,T2,No issue,0.0,5140,4676,Asha,Day
2024-10-08 00:13:00,P1,Changeover,1.0,3852,3799,Evan,Night
2024-02-28 12:13:00,P1,Breakdown,2.0,11502,11009,Chen,Day
2024-04-25 04:21:00,T1,Changeover,4.0,6496,6167,Ben,Day
2024-02-15 15:48:00,L8,Changeover,3.0,11372,10850,Asha,Night
2024-08-31 08:55:00,T1,Quality stop,0.0,8353,8073,Evan,Night
2024-03-28 17:58:00,T1,PM,2.0,11919,11241,Diya,Day
2024-03-19 18:45:00,P1,No issue,0.0,661,569,Evan,Night
2024-02-25 00:17:00,P1,Breakdown,0.0,11059,10841,Chen,Night
2024-10-08 21:09:00,T1,No issue,0.0,8347,7155,Diya,Day
2024-08-05 11:31:00,T1,No issue,0.0,7887,7475,Diya,Night
2024-04-16 14:45:00,L8,Breakdown,1.0,5078,4782,Unknown,Night
2024-01-01 10:42:00,L9,Changeover,1.0,1410,1358,Ben,Night
2024-05-21 13:17:00,P1,Quality stop,4.0,2875,2793,Ben,Night
2024-06-19 19:42:00,T1,No issue,0.0,3624,3568,Asha,Night
2024-03-30 18:16:00,L9,Changeover,0.0,4953,4333,Unknown,Night
2024-10-15 04:16:00,T1,No issue,0.0,1942,1873,Ben,Day
2024-08-15 11:16:00,T2,No issue,0.0,5279,4578,Chen,Day
2024-05-01 22:57:00,T2,Quality stop,0.0,7992,7802,Asha,Day
2024-09-20 06:20:00,L9,Breakdown,0.0,5777,5288,Ben,Day
2024-07-22 00:50:00,T2,Breakdown,1.0,3541,3401,Chen,Day
2024-06-24 18:33:00,P1,No issue,0.0,11487,10346,Diya,Day
2024-05-28 04:54:00,T1,Changeover,0.0,6797,6788,Asha,Day
2024-12-20 01:09:00,L9,PM,1.0,5929,5137,Evan,Night
2024-04-09 02:17:00,L9,Breakdown,1.0,8605,7497,Chen,Day
2024-05-02 16:42:00,L8,Quality stop,1.0,8008,7988,Ben,Day
2024-07-01 16:28:00,T2,Changeover,0.0,7901,7572,Chen,Night
2024-02-25 10:46:00,L9,No issue,0.0,4550,4249,Ben,Day
2024-05-16 19:18:00,L9,No issue,0.0,386,340,Asha,Night
2024-10-27 11:07:00,L9,No issue,0.0,4025,3998,Chen,Night
2024-03-21 16:40:00,L8,PM,1.0,986,845,Unknown,Day
2024-10-07 10:12:00,P1,No issue,0.0,6424,6240,Chen,Day
2024-09-14 04:54:00,L9,No issue,0.0,1622,1398,Ben,Night
2024-04-13 02:05:00,P1,No issue,0.0,618,563,Diya,Day
2024-07-18 17:16:00,P1,PM,2.0,9529,8800,Unknown,Night
2024-06-17 08:10:00,P1,Quality stop,2.0,7071,6426,Chen,Night
2024-06-08 02:46:00,P1,PM,1.0,4535,4437,Chen,Night
2024-04-23 02:41:00,T1,No issue,0.0,6228,5324,Evan,Day
2024-08-27 13:02:00,L8,Breakdown,1.0,6875,5899,Chen,Day
2024-11-06 20:19:00,L9,Breakdown,1.0,4772,4363,Ben,Day
2024-06-19 00:49:00,T1,No issue,0.0,8397,7806,Diya,Day
2024-12-25 19:58:00,T1,Quality stop,0.0,1870,1646,Chen,Night
2024-08-06 04:39:00,L9,Breakdown,3.0,5406,4919,Asha,Day
2024-12-28 22:53:00,L8,No issue,0.0,1910,1719,Evan,Day
2024-09-27 23:21:00,P1,No issue,0.0,6554,6172,Diya,Night
2024-07-05 05:35:00,T1,No issue,0.0,5052,4635,Chen,Day
2024-10-18 13:43:00,L8,No issue,0.0,7313,6350,Evan,Night
2024-05-29 11:59:00,T1,PM,0.0,7853,6935,Ben,Day
2024-12-22 20:25:00,T1,Quality stop,1.0,748,669,Chen,Day
2024-04-17 15:58:00,T1,Breakdown,0.0,6943,5937,Diya,Day
2024-07-20 08:27:00,T1,Breakdown,4.0,7883,6717,Chen,Day
2024-07-28 23:19:00,P1,No issue,0.0,10160,9578,Evan,Night
2024-10-17 15:59:00,L8,Changeover,0.0,7347,6271,Evan,Night
2024-05-07 00:33:00,T1,Quality stop,4.0,4915,4188,Ben,Night
2024-12-03 01:09:00,P1,Breakdown,0.0,7369,7082,Chen,Day
2024-02-08 03:59:00,T1,Breakdown,0.0,6558,6440,Chen,Day
2024-08-16 17:29:00,L9,No issue,0.0,1167,1014,Ben,Day
2024-11-15 02:32:00,L9,No issue,0.0,2267,1998,Diya,Day
2024-02-25 19:34:00,T2,Breakdown,1.0,2243,2052,Asha,Night
2024-05-04 05:03:00,L8,No issue,0.0,5391,5132,Diya,Day
2024-10-31 14:23:00,P1,Breakdown,1.0,457,425,Asha,Day
2024-03-13 15:00:00,T1,No issue,0.0,9415,8157,Unknown,Night
2024-06-03 11:20:00,T1,Breakdown,0.0,9913,9011,Evan,Day
2024-01-15 04:26:00,T2,No issue,0.0,10955,10462,Unknown,Night
2024-03-23 11:06:00,P1,PM,0.0,9307,8073,Diya,Night
2024-03-29 13:34:00,L9,PM,1.0,9715,8523,Chen,Day
2024-02-01 03:17:00,T1,No issue,0.0,2069,1967,Evan,Day
2024-12-21 13:22:00,L9,No issue,0.0,8525,8265,Chen,Night
2024-09-06 06:21:00,T2,Breakdown,0.0,5140,4938,Diya,Night
2024-07-01 00:12:00,P1,No issue,0.0,1913,1798,Chen,Night
2024-07-22 18:26:00,T1,Breakdown,0.0,1050,988,Ben,Day
2024-08-11 04:48:00,T1,No issue,0.0,8908,8828,Asha,Day
2024-06-26 06:49:00,L9,PM,0.0,9905,8923,Ben,Day
2024-12-22 21:54:00,L9,Changeover,0.0,3253,3055,Evan,Day
2024-02-13 16:44:00,T1,No issue,0.0,3904,3421,Diya,Day
2024-02-14 05:48:00,T1,No issue,0.0,10215,10158,Evan,Night
2024-02-16 04:07:00,L8,No issue,0.0,4060,3696,Chen,Day
2024-10-05 18:04:00,T1,Breakdown,1.0,6603,5970,Ben,Night
2024-01-08 20:06:00,T2,PM,0.0,9211,8720,Diya,Day
2024-01-10 22:52:00,T2,No issue,0.0,9890,8636,Chen,Day
2024-09-19 21:24:00,T1,Breakdown,0.0,2906,2568,Diya,Night
2024-05-15 14:51:00,T2,Breakdown,0.0,5162,4724,Diya,Day
2024-04-29 06:09:00,T2,Changeover,0.0,8118,7603,Asha,Night
2024-07-20 06:39:00,T2,Breakdown,4.0,11948,11091,Ben,Day
2024-09-07 21:24:00,P1,No issue,0.0,2971,2931,Evan,Day
2024-02-02 01:29:00,T1,Breakdown,1.0,4131,3607,Evan,Day
2024-11-20 04:07:00,L8,Breakdown,2.0,4670,4262,Asha,Day
2024-01-16 14:29:00,T2,PM,0.0,1597,1548,Evan,Night
2024-05-23 19:39:00,L8,Breakdown,0.0,9035,7801,Ben,Night
2024-09-09 20:23:00,L8,Changeover,0.0,10341,9233,Chen,Night
2024-08-27 18:00:00,T1,Breakdown,0.0,9111,7834,Asha,Day
2024-01-19 16:03:00,T2,Quality stop,0.0,567,539,Ben,Night
2024-03-31 11:31:00,T2,Quality stop,2.0,2398,2188,Evan,Night
2024-08-02 02:09:00,T2,Breakdown,3.0,1038,960,Evan,Day
2024-02-02 04:08:00,L9,No issue,0.0,6024,5405,Ben,Day
2024-04-05 08:12:00,L9,PM,0.0,2599,2257,Evan,Day
2024-10-24 19:18:00,L8,PM,3.0,1949,1939,Chen,Day
2024-10-12 18:48:00,L9,No issue,0.0,7292,6922,Asha,Day
2024-07-06 12:17:00,L9,No issue,0.0,766,665,Ben,Night
2024-12-01 03:37:00,P1,No issue,0.0,3862,3339,Ben,Day
2024-08-03 15:37:00,T1,Breakdown,1.0,6354,5582,Diya,Day
2024-05-20 07:49:00,P1,Breakdown,1.0,9767,8683,Chen,Day
2024-11-14 10:59:00,P1,No issue,0.0,10148,9162,Ben,Night
2024-11-26 06:45:00,P1,No issue,0.0,7956,7954,Diya,Night
2024-12-13 17:19:00,L8,No issue,0.0,3813,3574,Diya,Night
2024-03-14 23:11:00,T2,No issue,0.0,9485,8889,Diya,Night
2024-08-09 13:16:00,L9,No issue,0.0,1592,1357,Unknown,Day
2024-03-30 11:53:00,L9,Quality stop,1.0,5504,4930,Evan,Night
2024-10-14 04:14:00,L9,PM,0.0,4231,3781,Chen,Night
2024-07-11 03:02:00,L8,Breakdown,0.0,699,647,Asha,Day
2024-06-23 21:17:00,L9,No issue,0.0,7143,6883,Chen,Day
2024-10-29 12:08:00,L9,PM,1.0,5277,4775,Diya,Night
2024-06-14 23:36:00,T2,No issue,0.0,11671,11456,Diya,Night
2024-09-23 21:15:00,L8,PM,0.0,8254,8049,Chen,Day
2024-08-15 00:01:00,T1,Changeover,1.0,6233,5857,Asha,Day
2024-10-26 04:10:00,L9,No issue,0.0,2586,2563,Ben,Night
2024-10-08 12:48:00,T1,Changeover,0.0,1076,1027,Chen,Day
2024-06-18 19:11:00,P1,Breakdown,1.0,7985,7512,Evan,Day
2024-02-02 22:03:00,T2,Quality stop,0.0,3034,2883,Diya,Night
2024-05-22 15:31:00,L8,PM,1.0,1433,1296,Chen,Night
2024-09-14 22:38:00,P1,No issue,0.0,6830,6283,Asha,Day
2024-04-22 22:20:00,L8,PM,0.0,6510,6037,Ben,Day
2024-08-04 23:25:00,L8,Changeover,0.0,3296,3027,Chen,Day
2024-03-04 09:29:00,L8,No issue,0.0,7858,7703,Asha,Night
2024-05-04 07:01:00,P1,No issue,0.0,2880,2528,Ben,Day
2024-04-25 10:58:00,T2,PM,1.0,4807,4091,Evan,Day
2024-09-18 14:12:00,T2,Quality stop,0.0,7766,6994,Diya,Day
2024-11-13 20:22:00,P1,Quality stop,1.0,9243,8126,Asha,Day
2024-04-05 17:04:00,P1,PM,2.0,1927,1875,Chen,Day
2024-09-10 23:46:00,P1,No issue,0.0,8143,8100,Asha,Day
2024-12-29 02:27:00,T1,No issue,0.0,5576,4868,Ben,Day
2024-11-27 01:15:00,T2,Breakdown,1.0,4342,3776,Chen,Day
2024-01-07 15:00:00,P1,Breakdown,0.0,2380,2067,Diya,Night
2024-12-21 09:59:00,L9,No issue,0.0,3920,3594,Ben,Night
2024-01-10 07:22:00,L9,No issue,0.0,5933,5714,Asha,Day
2024-10-17 14:56:00,T1,Quality stop,2.0,8360,7514,Chen,Day
2024-03-28 12:00:00,L8,Breakdown,0.0,637,551,Evan,Day
2024-08-18 16:12:00,T2,Breakdown,4.0,7015,6586,Evan,Night
2024-08-17 16:50:00,L8,No issue,0.0,1241,1064,Evan,Day
2024-10-26 00:35:00,L9,No issue,0.0,11823,10761,Asha,Day
2024-08-05 12:09:00,L8,Breakdown,1.0,8731,8477,Unknown,Night
2024-03-08 10:03:00,P1,No issue,0.0,4278,4243,Chen,Day
2024-06-03 02:50:00,P1,Breakdown,0.0,5353,5286,Chen,Night
2024-09-25 09:38:00,P1,Breakdown,0.0,4662,4489,Diya,Night
2024-12-12 07:28:00,P1,Breakdown,0.0,4342,3949,Unknown,Night
2024-09-19 17:28:00,P1,No issue,0.0,9242,8403,Diya,Day
2024-05-08 18:09:00,L9,No issue,0.0,7199,7063,Diya,Day
2024-12-02 19:57:00,T1,No issue,0.0,10810,9246,Ben,Day
2024-06-28 19:25:00,L8,No issue,0.0,1148,1128,Chen,Day
2024-06-30 15:02:00,T2,Quality stop,1.0,10367,10333,Chen,Night
2024-10-09 21:25:00,L9,No issue,0.0,2992,2601,Evan,Night
2024-11-26 23:23:00,T1,No issue,0.0,7137,6697,Evan,Night
2024-07-24 21:26:00,T2,Breakdown,0.0,762,710,Asha,Day
2024-01-16 20:18:00,T2,No issue,0.0,6292,5576,Evan,Day
2024-07-11 20:55:00,T1,PM,4.0,6012,5285,Diya,Night
2024-06-25 10:55:00,T2,Changeover,0.0,10193,8772,Chen,Night
2024-11-01 01:11:00,T1,No issue,0.0,3879,3659,Ben,Day
2024-02-26 02:36:00,P1,Breakdown,1.0,5299,4961,Diya,Day
2024-09-30 05:06:00,L9,No issue,0.0,5537,5182,Diya,Day
2024-02-02 22:21:00,L8,Quality stop,1.0,11551,10340,Ben,Day
2024-05-11 00:40:00,L8,PM,1.0,5019,4538,Diya,Day
2024-12-08 03:50:00,T1,Breakdown,1.0,3171,2965,Asha,Day
2024-01-02 18:48:00,L9,Breakdown,1.0,410,395,Ben,Day
2024-07-07 20:42:00,L8,Quality stop,0.0,11601,10685,Evan,Day
2024-08-25 08:30:00,L9,Breakdown,3.0,3108,2954,Asha,Day
2024-08-07 23:09:00,T2,PM,0.0,5605,5576,Diya,Day
2024-11-10 04:02:00,P1,Changeover,2.0,3727,3244,Chen,Day
2024-02-06 14:16:00,L9,No issue,0.0,1062,978,Ben,Day
2024-08-22 19:46:00,L9,Breakdown,1.0,11017,10929,Diya,Day
2024-07-15 03:39:00,T1,PM,0.0,3593,3172,Ben,Day
2024-12-23 15:37:00,L8,Breakdown,2.0,3692,3224,Diya,Day
2024-06-19 22:20:00,P1,No issue,0.0,3585,3277,Evan,Day
2024-07-04 10:23:00,T2,No issue,0.0,10351,9976,Chen,Day
2024-07-15 05:47:00,L9,PM,0.0,4294,4144,Chen,Night
2024-12-30 16:39:00,L9,Breakdown,0.0,7118,6721,Ben,Day
2024-02-15 05:10:00,T2,No issue,0.0,10024,9794,Chen,Day
2024-06-21 04:04:00,P1,Breakdown,1.0,4120,3614,Chen,Day
2024-10-30 12:49:00,T1,Breakdown,1.0,2837,2530,Unknown,Day
2024-04-28 07:14:00,L9,No issue,0.0,11695,11060,Asha,Day
2024-04-07 16:49:00,L8,Breakdown,4.0,185,178,Asha,Day
2024-11-19 23:39:00,L9,No issue,0.0,8048,7338,Asha,Night
2024-02-27 18:08:00,T1,No issue,0.0,1518,1342,Ben,Day
2024-04-23 01:53:00,L9,Breakdown,0.0,82,77,Ben,Day
2024-05-31 08:01:00,P1,Changeover,1.0,2016,1971,Evan,Day
2024-04-20 15:21:00,P1,No issue,0.0,8718,8359,Chen,Day
2024-08-26 02:01:00,T1,No issue,0.0,3089,2674,Evan,Day
2024-02-17 02:40:00,T1,No issue,0.0,4318,3813,Diya,Night
2024-06-30 01:50:00,L8,Changeover,2.0,2309,2196,Unknown,Day
2024-05-05 16:43:00,T1,No issue,0.0,11850,10179,Diya,Night
2024-10-03 04:14:00,P1,No issue,0.0,2477,2167,Unknown,Night
2024-11-03 17:11:00,T2,Breakdown,0.0,3865,3830,Diya,Day
2024-06-14 16:01:00,T2,PM,1.0,10971,10861,Asha,Day
2024-01-28 16:40:00,T2,No issue,0.0,3637,3380,Chen,Day
2024-07-04 00:05:00,T1,PM,4.0,6348,6243,Evan,Night
2024-10-25 15:55:00,L9,Breakdown,2.0,8840,8333,Unknown,Day
2024-11-03 10:24:00,L8,No issue,0.0,6846,6832,Chen,Night
2024-08-03 15:03:00,T2,Breakdown,1.0,6866,6540,Evan,Day
2024-07-21 03:39:00,L9,Quality stop,0.0,5236,5043,Unknown,Day
2024-08-13 06:55:00,L9,Breakdown,2.0,11766,11058,Diya,Day
2024-03-22 17:35:00,L9,Breakdown,0.0,4294,3720,Asha,Night
2024-10-31 18:16:00,L8,Breakdown,1.0,2298,2069,Diya,Day
2024-03-06 21:47:00,P1,No issue,0.0,6312,5367,Unknown,Day
2024-10-03 05:59:00,T1,Quality stop,0.0,1922,1697,Diya,Day
2024-04-14 04:26:00,L9,No issue,0.0,2166,2048,Ben,Day
2024-03-08 03:26:00,T2,No issue,0.0,4188,4052,Ben,Day
2024-11-22 22:30:00,T1,No issue,0.0,10747,10013,Diya,Day
2024-12-28 11:29:00,L8,Changeover,0.0,1246,1065,Chen,Night
2024-01-26 13:58:00,L9,PM,3.0,4600,4341,Diya,Night
2024-04-17 09:40:00,L8,Breakdown,4.0,413,392,Asha,Night
2024-03-12 05:50:00,L8,Breakdown,0.0,4211,4116,Evan,Day
2024-07-08 13:06:00,T2,Breakdown,4.0,5728,4895,Unknown,Day
2024-01-22 21:38:00,P1,No issue,0.0,6109,5387,Ben,Night
2024-01-14 16:10:00,T2,Quality stop,2.0,821,785,Ben,Day
2024-09-17 08:09:00,T2,No issue,0.0,3683,3456,Chen,Day
2024-04-27 00:55:00,L8,Changeover,0.0,3969,3569,Chen,Night
2024-03-03 07:20:00,L8,Breakdown,1.0,4046,3927,Asha,Day
2024-03-26 23:39:00,T2,No issue,0.0,8850,8025,Chen,Day
2024-05-31 13:59:00,T2,Breakdown,3.0,4957,4736,Asha,Night
2024-11-27 02:36:00,L9,Breakdown,1.0,1691,1450,Chen,Day
2024-08-18 03:58:00,L8,Breakdown,0.0,1567,1563,Chen,Night
2024-05-16 12:45:00,T2,No issue,0.0,11858,10748,Chen,Night
2024-12-13 16:34:00,T1,Breakdown,1.0,10719,9757,Asha,Night
2024-07-19 01:43:00,P1,Changeover,1.0,3470,3469,Asha,Day
2024-07-21 08:37:00,L9,Breakdown,0.0,3631,3230,Evan,Day
2024-08-03 08:25:00,P1,No issue,0.0,3127,3057,Diya,Day
2024-11-01 19:31:00,T2,Breakdown,4.0,391,368,Diya,Day
2024-10-14 00:19:00,L9,No issue,0.0,6483,6035,Asha,Day
2024-12-23 15:25:00,L8,Quality stop,0.0,7947,7459,Asha,Night
2024-04-28 05:48:00,P1,Breakdown,1.0,1699,1696,Ben,Day
2024-02-25 02:16:00,T1,No issue,0.0,6382,5466,Chen,Night
2024-03-14 11:51:00,L9,No issue,0.0,11523,10121,Ben,Day
2024-12-13 02:50:00,P1,Breakdown,2.0,11567,10870,Chen,Day
2024-02-02 09:28:00,L9,Changeover,0.0,2015,1906,Asha,Day
2024-05-10 15:24:00,T1,No issue,0.0,5297,4815,Ben,Day
2024-05-12 11:44:00,L9,PM,0.0,6493,6360,Evan,Night
2024-12-17 11:54:00,T2,No issue,0.0,6807,6019,Ben,Day
2024-10-04 10:19:00,L8,Changeover,3.0,9560,9538,Evan,Day
2024-09-29 04:57:00,L9,PM,1.0,5181,5014,Diya,Night
2024-11-20 05:38:00,P1,Changeover,1.0,2024,1853,Ben,Day
2024-07-07 13:45:00,L9,PM,1.0,7514,7036,Chen,Day
2024-11-25 00:56:00,T1,No issue,0.0,5192,4515,Chen,Day
2024-01-10 05:42:00,T1,Breakdown,2.0,5349,5103,Asha,Day
2024-02-16 05:41:00,P1,No issue,0.0,5577,5148,Evan,Night
2024-02-11 12:56:00,T1,Changeover,1.0,645,616,Ben,Night
2024-05-26 22:06:00,T2,Breakdown,1.0,10616,10003,Asha,Day
2024-06-13 11:15:00,L8,No issue,0.0,10462,8979,Ben,Night
2024-02-02 17:34:00,T1,No issue,0.0,5255,4512,Diya,Night
2024-04-12 21:54:00,T1,No issue,0.0,9690,8647,Diya,Day
2024-09-17 18:30:00,L8,No issue,0.0,5342,4990,Asha,Night
2024-04-05 17:01:00,P1,No issue,0.0,4620,4399,Ben,Day
2024-07-14 13:28:00,T1,No issue,0.0,7847,7537,Chen,Night
2024-10-26 21:12:00,T1,PM,2.0,3178,2792,Asha,Day
2024-04-29 11:15:00,L9,Breakdown,0.0,10627,10539,Diya,Night
2024-03-20 01:34:00,L8,Breakdown,2.0,296,294,Evan,Day
2024-06-22 05:32:00,T1,PM,0.0,2821,2433,Ben,Day
2024-09-01 21:28:00,T1,Breakdown,3.0,7947,7315,Unknown,Day
2024-03-26 04:16:00,L8,Changeover,1.0,7913,7748,Evan,Day
2024-10-04 12:29:00,P1,No issue,0.0,1077,1069,Asha,Day
2024-02-26 10:43:00,L8,Breakdown,2.0,7555,6909,Chen,Night
2024-10-01 05:47:00,L8,Quality stop,0.0,9586,9152,Asha,Night
2024-12-16 00:32:00,T1,Quality stop,4.0,560,491,Diya,Day
2024-08-27 21:14:00,P1,Breakdown,0.0,1771,1630,Ben,Day
2024-05-07 22:49:00,P1,Breakdown,1.0,3757,3211,Chen,Day
2024-06-22 18:44:00,P1,No issue,0.0,3885,3796,Diya,Day
2024-02-11 18:19:00,L8,No issue,0.0,11009,10424,Asha,Night
2024-05-26 03:13:00,T2,PM,2.0,2507,2310,Chen,Day
2024-02-02 21:39:00,T2,Breakdown,1.0,831,733,Diya,Night
2024-05-03 17:43:00,T2,No issue,0.0,9303,8907,Chen,Day
2024-09-02 03:57:00,L8,Changeover,1.0,938,867,Chen,Day
2024-08-04 06:57:00,L8,No issue,0.0,9490,8202,Asha,Day
2024-08-20 10:56:00,L8,No issue,0.0,8326,8089,Chen,Day
2024-07-17 01:28:00,L9,Breakdown,0.0,4796,4270,Chen,Day
2024-05-16 15:14:00,L8,Quality stop,1.0,1206,1119,Chen,Day
2024-05-28 08:40:00,P1,Changeover,2.0,5199,4798,Ben,Day
2024-12-26 02:06:00,L8,Breakdown,1.0,8020,8009,Ben,Night
2024-07-12 12:15:00,T1,No issue,0.0,2917,2513,Evan,Day
2024-02-14 16:49:00,L8,No issue,0.0,11484,10854,Diya,Day
2024-08-01 16:28:00,P1,Changeover,0.0,4742,4057,Diya,Night
2024-11-25 01:06:00,T2,PM,1.0,5706,5264,Diya,Day
2024-08-28 03:58:00,P1,Breakdown,0.0,6641,5704,Diya,Day
2024-11-27 13:00:00,L9,No issue,0.0,1678,1626,Asha,Day
2024-12-25 14:11:00,P1,Breakdown,1.0,236,232,Evan,Night
2024-03-24 06:05:00,T1,Quality stop,0.0,1242,1075,Diya,Day
2024-08-13 15:46:00,L8,Quality stop,2.0,5503,5147,Asha,Day
2024-12-02 17:19:00,T1,Quality stop,2.0,848,834,Chen,Night
2024-10-26 06:21:00,L9,Quality stop,1.0,2628,2263,Unknown,Day
2024-04-10 17:30:00,P1,Breakdown,2.0,7846,7136,Chen,Night
2024-03-16 03:27:00,T1,Changeover,2.0,7015,6305,Chen,Day
2024-04-07 15:22:00,T2,Breakdown,4.0,102,92,Evan,Night
2024-10-02 02:25:00,T2,Breakdown,0.0,11378,11181,Asha,Day
2024-09-19 03:36:00,L8,No issue,0.0,10254,9987,Ben,Day
2024-03-22 00:55:00,T2,No issue,0.0,1556,1488,Diya,Day
2024-07-17 03:12:00,P1,No issue,0.0,5982,5743,Asha,Day
2024-11-30 09:13:00,L9,No issue,0.0,3904,3343,Ben,Day
2024-01-16 23:57:00,L8,No issue,0.0,8019,7522,Ben,Day
2024-09-21 12:12:00,L9,Quality stop,3.0,5390,4782,Ben,Night
2024-07-28 16:15:00,T2,No issue,0.0,5732,4954,Chen,Day
2024-06-19 15:07:00,L8,No issue,0.0,5225,4961,Ben,Night
2024-01-06 20:58:00,L9,No issue,0.0,11445,11250,Diya,Day
2024-07-08 22:27:00,P1,PM,0.0,2380,2149,Evan,Night
2024-03-05 07:09:00,T1,PM,3.0,4339,3759,Asha,Day
2024-02-26 16:55:00,T2,PM,0.0,8217,8069,Chen,Day
2024-09-01 15:26:00,L9,Breakdown,0.0,7813,7778,Ben,Day
2024-03-01 10:06:00,L8,PM,1.0,6889,6151,Unknown,Night
2024-12-24 23:12:00,T2,No issue,0.0,7382,6922,Ben,Night
2024-08-30 06:01:00,P1,Breakdown,0.0,5477,5374,Asha,Night
2024-09-15 08:28:00,L8,Changeover,1.0,2147,1840,Asha,Day
2024-04-07 09:57:00,L9,Breakdown,0.0,6855,6589,Ben,Night
2024-03-09 05:20:00,T1,PM,3.0,670,636,Diya,Night
2024-08-31 23:56:00,T1,Quality stop,1.0,7675,6779,Evan,Night
2024-08-24 00:26:00,L9,Breakdown,4.0,6668,6328,Chen,Day
2024-04-29 19:21:00,L9,Changeover,3.0,3904,3477,Chen,Day
2024-11-20 19:15:00,L8,No issue,0.0,1345,1272,Chen,Night
2024-03-14 20:43:00,L9,Breakdown,1.0,1022,1008,Chen,Night
2024-03-28 08:07:00,T2,Changeover,1.0,11406,11323,Asha,Day
2024-12-20 01:27:00,T2,PM,0.0,5653,5068,Diya,Night
2024-07-11 23:08:00,L8,Quality stop,0.0,259,229,Ben,Night
2024-12-30 21:48:00,T1,No issue,0.0,5753,4990,Diya,Day
2024-08-17 10:27:00,T2,PM,3.0,5818,5658,Diya,Day
2024-05-11 20:48:00,T1,No issue,0.0,11691,10702,Ben,Day
2024-01-01 17:03:00,L8,Breakdown,1.0,439,419,Diya,Day
2024-04-13 03:30:00,P1,No issue,0.0,9208,9048,Asha,Day
2024-07-12 21:43:00,P1,Changeover,0.0,4686,4503,Diya,Day
2024-09-07 18:54:00,L8,No issue,0.0,10740,9473,Ben,Day
2024-12-11 17:11:00,T2,PM,1.0,7418,7218,Ben,Night
2024-10-14 14:42:00,T2,PM,0.0,11358,9989,Chen,Day
2024-09-30 01:34:00,P1,Quality stop,0.0,4951,4446,Diya,Day
2024-06-12 22:11:00,P1,Quality stop,0.0,1919,1703,Ben,Day
2024-08-20 14:44:00,L9,No issue,0.0,11128,10707,Asha,Night
2024-11-16 05:44:00,L9,No issue,0.0,6215,5947,Chen,Day
2024-12-19 01:06:00,T2,No issue,0.0,9485,9124,Asha,Night
2024-11-04 04:30:00,L9,No issue,0.0,8894,7985,Chen,Day
2024-10-15 22:17:00,T1,No issue,0.0,2391,2302,Diya,Night
2024-09-14 06:24:00,T1,Quality stop,1.0,5699,5273,Chen,Day
2024-08-12 01:59:00,P1,Changeover,0.0,3906,3649,Chen,Day
2024-10-22 05:32:00,T2,No issue,0.0,2529,2385,Evan,Day
2024-06-17 17:41:00,T2,No issue,0.0,2347,2133,Ben,Day
2024-07-09 16:01:00,P1,No issue,0.0,3731,3356,Asha,Night
2024-01-02 06:42:00,P1,No issue,0.0,6085,5817,Evan,Night
2024-11-25 07:30:00,T2,Breakdown,3.0,6807,6354,Diya,Day
2024-02-09 14:21:00,T1,Quality stop,2.0,2626,2286,Diya,Day
2024-05-09 16:56:00,L8,No issue,0.0,3417,3306,Asha,Day
2024-10-01 21:19:00,L9,PM,1.0,9829,8436,Ben,Day
2024-11-24 22:06:00,L8,No issue,0.0,2348,2328,Chen,Night
2024-01-03 09:45:00,T1,No issue,0.0,4403,3780,Asha,Day
2024-05-12 20:44:00,P1,Breakdown,0.0,6926,6261,Evan,Day
2024-01-19 21:25:00,P1,Breakdown,1.0,7622,6684,Chen,Night
2024-11-17 10:50:00,T2,Changeover,3.0,11179,10143,Ben,Night
2024-05-28 02:56:00,L8,PM,0.0,1189,1118,Chen,Day
2024-10-14 15:05:00,T1,Breakdown,0.0,1881,1877,Chen,Day
2024-02-20 01:54:00,L9,Changeover,0.0,9886,9353,Chen,Night
2024-12-28 01:16:00,T2,No issue,0.0,10651,9254,Unknown,Night
2024-12-12 07:59:00,T1,Changeover,0.0,286,259,Ben,Day
2024-06-28 22:05:00,T1,PM,3.0,9558,9229,Asha,Day
2024-03-21 10:16:00,L9,Quality stop,0.0,11325,10770,Evan,Night
2024-08-04 21:07:00,T2,PM,0.0,6061,6034,Ben,Night
2024-01-28 14:20:00,T1,Quality stop,0.0,497,482,Evan,Day
2024-09-09 02:53:00,T1,No issue,0.0,7947,7173,Asha,Day
2024-12-12 15:55:00,T1,Breakdown,2.0,7706,6777,Diya,Night
2024-01-13 22:57:00,L9,PM,1.0,517,504,Chen,Day
2024-01-27 10:44:00,L9,PM,0.0,4003,3439,Ben,Day
2024-11-29 22:58:00,P1,No issue,0.0,2664,2648,Diya,Night
2024-08-16 17:36:00,P1,No issue,0.0,6393,5437,Diya,Day
2024-04-10 00:23:00,L9,Quality stop,0.0,10707,10507,Chen,Night
2024-08-23 23:13:00,T2,PM,0.0,11945,11657,Ben,Night
2024-03-02 08:21:00,T2,Breakdown,1.0,4406,3842,Asha,Night
2024-10-06 23:06:00,L8,Quality stop,1.0,2649,2505,Chen,Day
2024-09-09 00:30:00,L9,Breakdown,0.0,7613,7291,Diya,Night
2024-10-22 11:28:00,T1,No issue,0.0,6731,6597,Diya,Day
2024-11-08 03:24:00,T2,Breakdown,0.0,5092,5070,Ben,Day
2024-03-01 14:10:00,P1,No issue,0.0,1922,1878,Ben,Night
2024-12-23 14:36:00,T2,Breakdown,0.0,5320,4639,Diya,Day
2024-09-23 21:20:00,T1,No issue,0.0,7759,6909,Asha,Day
2024-12-06 09:56:00,T2,PM,2.0,5935,5146,Ben,Day
2024-12-04 09:04:00,T1,No issue,0.0,9370,8550,Ben,Day
2024-08-25 00:20:00,T1,PM,0.0,9139,8655,Asha,Night
2024-02-04 13:10:00,T1,No issue,0.0,7174,7157,Ben,Day
2024-05-29 11:38:00,T2,Quality stop,0.0,3640,3445,Evan,Night
2024-10-21 17:15:00,L8,PM,0.0,3247,2810,Diya,Day
2024-05-07 05:42:00,L9,PM,1.0,1113,1053,Asha,Night
2024-02-16 15:40:00,T2,Breakdown,1.0,5376,4957,Diya,Night
2024-05-25 15:25:00,L9,Quality stop,1.0,7290,6869,Asha,Day
2024-03-22 15:36:00,T2,Quality stop,1.0,8724,8144,Chen,Day
2024-10-07 20:17:00,T2,Changeover,0.0,10037,8914,Ben,Day
2024-05-09 17:35:00,T2,No issue,0.0,7044,6774,Diya,Day
2024-09-29 14:10:00,L9,Breakdown,2.0,7970,7190,Chen,Day
2024-06-02 19:31:00,L8,No issue,0.0,149,138,Asha,Night
2024-03-16 19:35:00,T2,Quality stop,1.0,7105,6789,Evan,Night
2024-05-24 19:25:00,L8,Breakdown,0.0,4460,4397,Evan,Day
2024-01-25 14:51:00,L9,Quality stop,3.0,2692,2440,Evan,Night
2024-08-06 03:04:00,L9,Breakdown,0.0,9509,9312,Chen,Night
2024-06-23 14:53:00,P1,Breakdown,0.0,1847,1666,Evan,Day
2024-07-13 17:04:00,T2,PM,1.0,11992,11932,Chen,Day
2024-03-08 06:07:00,T2,Breakdown,0.0,401,380,Unknown,Night
2024-08-28 11:47:00,L9,Breakdown,3.0,3897,3877,Asha,Night
2024-03-05 19:57:00,T1,Breakdown,0.0,3632,3349,Asha,Night
2024-08-16 22:12:00,L9,PM,1.0,11463,10064,Asha,Day
2024-10-24 13:02:00,T1,No issue,0.0,9250,8750,Ben,Day
2024-03-27 08:23:00,T1,No issue,0.0,4404,3787,Asha,Day
2024-08-22 17:39:00,P1,Quality stop,1.0,10055,8743,Ben,Day
2024-08-19 15:10:00,L8,Breakdown,1.0,4660,4223,Unknown,Day
2024-04-20 03:50:00,L9,PM,2.0,405,369,Evan,Day
2024-05-25 17:27:00,L9,Changeover,0.0,8863,7937,Ben,Day
2024-01-07 12:11:00,P1,No issue,0.0,9900,8486,Diya,Day
2024-09-17 15:00:00,T1,PM,4.0,1330,1251,Evan,Day
2024-10-20 19:49:00,L8,No issue,0.0,618,608,Chen,Day
2024-09-21 02:45:00,P1,Quality stop,0.0,6980,5965,Chen,Day
2024-11-19 17:55:00,P1,Breakdown,0.0,10803,9962,Diya,Day
2024-11-30 20:06:00,T2,No issue,0.0,619,615,Asha,Day
2024-02-17 15:06:00,T2,Changeover,2.0,161,153,Chen,Day
2024-04-05 06:43:00,P1,No issue,0.0,2163,1891,Asha,Night
2024-02-19 14:45:00,T2,No issue,0.0,7245,6201,Ben,Night
2024-04-13 20:50:00,L8,PM,0.0,11791,10231,Diya,Day
2024-02-18 23:21:00,L9,PM,4.0,1704,1536,Unknown,Day
2024-07-31 11:20:00,L9,No issue,0.0,2012,1858,Asha,Day
2024-08-08 05:24:00,L9,PM,0.0,1723,1562,Ben,Night
2024-02-19 03:14:00,L8,No issue,0.0,4291,4015,Evan,Night
2024-02-05 23:06:00,L8,No issue,0.0,3195,3170,Diya,Day
2024-01-12 18:31:00,L8,No issue,0.0,10610,10444,Ben,Night
2024-12-02 00:50:00,T1,No issue,0.0,9692,8386,Evan,Night
2024-06-12 05:01:00,T1,No issue,0.0,5514,5112,Asha,Night
2024-01-14 14:36:00,P1,Breakdown,1.0,10984,9616,Asha,Day
2024-03-25 22:59:00,P1,No issue,0.0,9325,8274,Chen,Night
2024-10-23 09:40:00,T1,Quality stop,2.0,8222,7865,Diya,Day
2024-06-14 07:01:00,L9,Breakdown,0.0,6151,5500,Chen,Night
2024-11-19 22:08:00,L8,Quality stop,2.0,1530,1501,Asha,Day
2024-10-12 02:37:00,L8,Breakdown,0.0,2879,2805,Ben,Day
2024-09-15 10:50:00,P1,Breakdown,1.0,1113,1051,Chen,Day
2024-02-06 13:17:00,L8,Quality stop,1.0,2709,2394,Ben,Night
2024-01-10 17:54:00,P1,No issue,0.0,1067,988,Asha,Night
2024-03-06 18:16:00,T1,No issue,0.0,4477,4090,Diya,Day
2024-03-31 01:35:00,P1,Quality stop,0.0,11275,10969,Asha,Day
2024-02-23 18:43:00,T1,Changeover,1.0,8062,7171,Evan,Day
2024-07-26 00:19:00,P1,Breakdown,4.0,9460,8157,Asha,Day
2024-03-15 06:34:00,T2,Breakdown,1.0,11971,10819,Diya,Day
2024-02-14 22:46:00,L8,No issue,0.0,8503,8096,Ben,Night
2024-01-09 21:30:00,L9,No issue,0.0,9610,8789,Asha,Day
2024-06-23 07:12:00,P1,No issue,0.0,4348,3860,Chen,Night
2024-04-18 14:50:00,P1,No issue,0.0,5551,5273,Ben,Day
2024-07-11 07:34:00,L9,No issue,0.0,6938,6347,Ben,Night
2024-02-20 11:01:00,P1,No issue,0.0,3665,3191,Diya,Day
2024-02-16 14:52:00,L8,Changeover,1.0,5456,5328,Ben,Night
2024-10-23 21:16:00,L9,No issue,0.0,6942,6933,Asha,Night
2024-11-03 16:34:00,T1,Breakdown,1.0,10004,8714,Ben,Night
2024-10-17 12:12:00,T2,PM,0.0,10557,9737,Ben,Night
2024-12-16 00:17:00,P1,No issue,0.0,1053,1004,Evan,Day
2024-03-16 02:35:00,P1,Breakdown,0.0,369,355,Ben,Day
2024-03-18 17:45:00,T2,No issue,0.0,1838,1715,Asha,Day
2024-06-11 19:51:00,T2,No issue,0.0,11051,11009,Asha,Night
2024-11-11 21:16:00,T2,No issue,0.0,11528,9951,Diya,Day
2024-04-29 01:31:00,P1,Quality stop,0.0,9594,9235,Asha,Night
2024-03-09 10:55:00,T2,No issue,0.0,7868,6714,Ben,Night
2024-01-20 10:16:00,P1,No issue,0.0,4672,4615,Evan,Day
2024-05-13 01:59:00,T2,PM,1.0,5572,4891,Asha,Day
2024-12-14 18:08:00,L8,No issue,0.0,6067,5993,Asha,Night
2024-02-18 00:55:00,L8,Breakdown,0.0,1609,1527,Diya,Day
2024-05-09 17:38:00,T1,No issue,0.0,5660,5392,Chen,Day
2024-10-17 08:38:00,P1,Changeover,0.0,7594,6676,Chen,Night
2024-01-02 03:16:00,T2,Breakdown,1.0,7371,6535,Diya,Night
2024-12-08 13:19:00,L9,Changeover,1.0,7501,7352,Evan,Day
2024-05-03 12:54:00,P1,No issue,0.0,4467,4002,Chen,Night
2024-05-14 19:16:00,P1,No issue,0.0,8166,7344,Diya,Night
2024-09-14 07:15:00,L8,No issue,0.0,11909,11252,Evan,Night
2024-09-03 17:36:00,L8,No issue,0.0,512,478,Diya,Day
2024-01-14 17:56:00,T2,Changeover,2.0,984,965,Ben,Day
2024-05-18 10:15:00,L8,Breakdown,1.0,9279,8200,Diya,Day
2024-05-26 07:48:00,L8,Breakdown,3.0,8972,8771,Unknown,Night
2024-03-13 08:38:00,T1,Changeover,1.0,5742,5589,Asha,Night
2024-08-13 20:32:00,L8,PM,1.0,9560,9012,Asha,Day
2024-09-14 05:24:00,T2,PM,0.0,385,347,Chen,Day
2024-03-19 16:03:00,L8,No issue,0.0,4387,3749,Ben,Night
2024-12-25 10:15:00,T1,Breakdown,0.0,9673,8718,Chen,Night
2024-05-11 12:26:00,P1,Quality stop,1.0,4486,4038,Diya,Day
2024-11-12 07:39:00,T1,No issue,0.0,6909,6318,Asha,Day
2024-06-11 08:45:00,L9,Quality stop,1.0,3345,3023,Evan,Day
2024-11-29 09:28:00,T2,No issue,0.0,2113,2029,Chen,Day
2024-12-30 16:19:00,T2,Breakdown,0.0,1876,1684,Ben,Day
2024-05-15 11:25:00,P1,No issue,0.0,10902,9594,Chen,Night
2024-09-12 15:24:00,L8,PM,0.0,7809,7043,Chen,Day
2024-11-26 02:47:00,P1,PM,0.0,2014,1980,Unknown,Night
2024-06-12 10:44:00,L9,Breakdown,1.0,1894,1737,Chen,Night
2024-11-11 23:02:00,T1,PM,4.0,10939,9642,Asha,Night
2024-12-04 18:42:00,L9,PM,0.0,5610,4783,Evan,Day
2024-01-07 21:58:00,T2,Breakdown,1.0,9586,8197,Diya,Night
2024-02-01 19:33:00,L9,No issue,0.0,8698,8511,Evan,Day
2024-04-16 02:46:00,T2,PM,1.0,1009,875,Evan,Day
2024-01-15 23:12:00,L8,No issue,0.0,4045,3739,Asha,Day
2024-07-28 05:48:00,T2,Breakdown,2.0,7052,6703,Evan,Night
2024-06-06 17:20:00,L9,Quality stop,0.0,2357,2057,Ben,Day
2024-04-07 12:26:00,T2,No issue,0.0,6866,6519,Ben,Day
2024-05-31 11:54:00,T1,Breakdown,0.0,4812,4445,Asha,Night
2024-11-03 12:33:00,P1,No issue,0.0,8485,7861,Evan,Night
2024-05-14 10:20:00,T1,Breakdown,2.0,9348,9017,Chen,Day
2024-05-23 05:30:00,L9,Quality stop,1.0,6576,6532,Chen,Day
2024-12-29 21:07:00,P1,Breakdown,0.0,1540,1537,Ben,Day
2024-11-05 12:19:00,L9,Breakdown,1.0,8749,7696,Unknown,Day
2024-07-13 22:40:00,P1,No issue,0.0,10194,8665,Asha,Day
2024-11-12 12:40:00,P1,Breakdown,0.0,9811,8622,Ben,Night
2024-01-02 19:13:00,T2,No issue,0.0,5070,4675,Evan,Day
2024-09-04 10:30:00,T2,Breakdown,1.0,10724,10231,Evan,Day
2024-03-15 04:35:00,T2,No issue,0.0,2019,1841,Evan,Day
2024-11-04 00:49:00,P1,Breakdown,1.0,5319,5022,Chen,Day
2024-07-20 04:08:00,L9,No issue,0.0,4163,4017,Asha,Night
2024-03-23 17:53:00,T1,Changeover,1.0,687,640,Ben,Day
2024-10-14 16:01:00,L9,Breakdown,1.0,9195,8376,Evan,Day
2024-10-09 04:19:00,L9,No issue,0.0,4287,4124,Chen,Night
2024-07-26 06:51:00,L9,PM,0.0,6951,6327,Chen,Day
2024-10-06 08:17:00,L8,Quality stop,2.0,3664,3646,Diya,Day
2024-10-08 19:14:00,T1,No issue,0.0,11266,10874,Asha,Night
2024-06-11 00:00:00,T2,No issue,0.0,2871,2707,Diya,Day
2024-02-21 03:54:00,T1,Breakdown,0.0,11117,9483,Evan,Night
2024-03-06 18:02:00,T1,Changeover,0.0,4219,3805,Evan,Day
2024-04-01 16:10:00,L8,No issue,0.0,9111,8429,Unknown,Night
2024-11-11 02:10:00,T2,PM,1.0,8181,7714,Ben,Night
2024-12-16 01:27:00,T2,No issue,0.0,2706,2349,Ben,Night
2024-09-17 18:57:00,L8,Changeover,0.0,9086,8220,Evan,Day
2024-06-27 05:13:00,P1,Breakdown,2.0,2168,2054,Asha,Day
2024-06-07 00:36:00,P1,No issue,0.0,6716,5725,Chen,Day
2024-04-03 12:32:00,L8,PM,1.0,2926,2910,Evan,Day
2024-06-29 13:34:00,P1,Changeover,3.0,8387,8350,Ben,Night
2024-02-11 20:59:00,T1,PM,0.0,11930,11495,Chen,Night
2024-06-02 05:35:00,T2,PM,1.0,7468,6716,Chen,Night
2024-03-02 07:04:00,T1,Breakdown,4.0,8923,7641,Ben,Day
2024-12-06 05:14:00,L9,PM,0.0,220,203,Ben,Night
2024-12-30 11:28:00,L8,PM,0.0,380,357,Diya,Day
2024-02-15 09:52:00,T2,No issue,0.0,1127,1094,Ben,Day
2024-06-08 02:41:00,T1,Breakdown,3.0,4781,4354,Ben,Day
2024-08-22 03:28:00,T1,No issue,0.0,7447,7345,Evan,Day
2024-07-18 02:42:00,T1,Breakdown,0.0,7070,6490,Diya,Night
2024-12-08 12:09:00,T1,Breakdown,0.0,6151,5314,Diya,Night
2024-05-20 07:18:00,T1,Breakdown,1.0,3900,3873,Asha,Night
2024-12-15 13:34:00,L8,No issue,0.0,4444,4057,Ben,Night
2024-08-19 19:55:00,L8,No issue,0.0,869,821,Asha,Night
2024-08-18 06:12:00,T2,PM,0.0,2341,2107,Evan,Night
2024-04-22 19:19:00,T2,Breakdown,4.0,4161,3718,Asha,Night
2024-07-02 19:29:00,T1,No issue,0.0,7209,6381,Asha,Day
2024-11-01 18:47:00,L8,PM,3.0,11935,11249,Chen,Night
2024-11-30 07:57:00,L8,Changeover,0.0,7071,6782,Asha,Day
2024-06-30 16:34:00,T1,Changeover,1.0,5560,4982,Chen,Night
2024-12-20 09:51:00,T1,No issue,0.0,1052,1004,Asha,Day
2024-07-09 08:37:00,L8,Changeover,0.0,2246,2160,Asha,Day
2024-10-02 01:17:00,T1,No issue,0.0,8910,8194,Asha,Night
2024-10-07 23:43:00,L9,Breakdown,1.0,6352,5666,Asha,Day
2024-12-29 04:08:00,L9,No issue,0.0,8474,7739,Asha,Day
2024-10-24 17:04:00,P1,No issue,0.0,498,486,Evan,Day
2024-06-14 21:41:00,P1,No issue,0.0,10603,9850,Diya,Night
2024-04-11 10:58:00,T1,PM,0.0,9291,8335,Asha,Night
2024-08-30 09:02:00,L9,No issue,0.0,7311,6777,Evan,Night
2024-09-12 06:18:00,T1,No issue,0.0,5406,5244,Ben,Night
2024-01-09 12:00:00,L9,Breakdown,1.0,11263,10410,Evan,Day
2024-02-03 23:13:00,T2,No issue,0.0,10083,9255,Ben,Day
2024-07-27 07:34:00,L8,Changeover,1.0,9322,9198,Ben,Day
2024-10-20 23:40:00,T2,Changeover,0.0,11725,10515,Evan,Day
2024-02-15 15:00:00,T2,PM,1.0,642,606,Ben,Night
2024-12-29 08:42:00,P1,No issue,0.0,5729,5231,Ben,Night
2024-06-29 05:55:00,L8,No issue,0.0,8841,7728,Asha,Day
2024-02-01 00:48:00,P1,PM,0.0,9669,8544,Evan,Day
2024-11-05 05:44:00,L8,Changeover,0.0,10227,10075,Diya,Day
2024-08-19 19:26:00,P1,Breakdown,1.0,10736,10345,Evan,Day
2024-07-26 11:41:00,T2,No issue,0.0,11028,11025,Chen,Day
2024-12-21 23:31:00,L9,Changeover,2.0,9890,8982,Ben,Day
2024-08-14 09:23:00,P1,No issue,0.0,8089,7293,Diya,Day
2024-03-03 19:25:00,P1,PM,2.0,10401,10314,Diya,Night
2024-12-12 08:23:00,L9,Quality stop,2.0,6639,6466,Diya,Day
2024-02-01 16:50:00,T2,Changeover,1.0,21,18,Ben,Day
2024-12-16 22:37:00,T2,PM,0.0,8894,8813,Evan,Day
2024-02-05 01:19:00,T1,Quality stop,0.0,10782,9221,Ben,Day
2024-04-07 10:02:00,T1,PM,0.0,5810,5173,Evan,Day
2024-11-06 21:17:00,T2,No issue,0.0,1839,1766,Ben,Day
2024-12-17 17:31:00,P1,PM,0.0,3250,3237,Chen,Day
2024-11-25 16:41:00,T2,No issue,0.0,5983,5475,Ben,Night
2024-09-28 18:03:00,L9,Breakdown,1.0,752,652,Ben,Day
2024-08-19 18:04:00,T2,Breakdown,0.0,1200,1092,Diya,Day
2024-05-26 08:09:00,T1,No issue,0.0,7863,7623,Asha,Day
2024-08-12 16:04:00,L9,Quality stop,0.0,10868,9319,Ben,Day
2024-05-09 17:18:00,L9,No issue,0.0,7914,7128,Ben,Day
2024-11-24 06:30:00,L8,Quality stop,0.0,11043,10706,Chen,Night
2024-07-27 13:01:00,T2,PM,0.0,9638,8435,Chen,Night
2024-10-20 12:04:00,L9,Quality stop,0.0,11404,10525,Asha,Day
2024-12-04 13:40:00,T1,No issue,0.0,11867,10690,Asha,Day
2024-09-10 20:19:00,T1,Breakdown,1.0,1063,916,Ben,Night
2024-10-18 23:59:00,T2,PM,0.0,11784,11465,Asha,Day
2024-05-01 04:32:00,L9,Breakdown,2.0,3049,2747,Asha,Day
2024-03-04 08:11:00,T1,Changeover,0.0,8657,8104,Evan,Night
2024-06-27 08:43:00,T1,No issue,0.0,3515,3256,Diya,Night
2024-09-28 18:03:00,L9,No issue,0.0,6314,5612,Chen,Night
2024-10-26 16:34:00,T2,PM,2.0,9143,8540,Chen,Day
2024-07-29 18:20:00,L8,PM,4.0,588,511,Asha,Day
2024-11-14 02:12:00,T2,Changeover,3.0,5452,4716,Asha,Day
2024-09-20 14:29:00,L8,No issue,0.0,9603,8380,Ben,Day
2024-03-19 07:20:00,L8,Changeover,0.0,11288,9831,Evan,Night
2024-10-18 13:44:00,P1,Breakdown,3.0,474,419,Asha,Night
2024-07-15 05:32:00,T1,No issue,0.0,4737,4469,Diya,Night
2024-01-07 08:31:00,L9,PM,0.0,8904,8094,Evan,Day
2024-12-25 15:30:00,L8,PM,0.0,891,791,Ben,Day
2024-03-08 16:04:00,L9,PM,0.0,6500,5789,Chen,Day
2024-07-21 08:49:00,P1,No issue,0.0,2479,2399,Evan,Day
2024-01-11 07:40:00,T1,PM,2.0,3809,3546,Ben,Day
2024-01-30 05:00:00,T1,No issue,0.0,396,341,Ben,Night
2024-01-08 10:09:00,T2,Breakdown,4.0,9447,8260,Asha,Day
2024-12-24 01:56:00,T2,Changeover,4.0,1413,1263,Diya,Day
2024-06-03 01:17:00,P1,Changeover,0.0,11432,11056,Chen,Day
2024-02-19 04:06:00,L8,Breakdown,2.0,4874,4328,Evan,Night
2024-01-12 15:19:00,T1,No issue,0.0,11357,9749,Evan,Day
2024-09-25 08:27:00,L8,No issue,0.0,1055,1038,Ben,Day
2024-03-31 00:25:00,L9,Breakdown,0.0,1900,1809,Ben,Day
2024-05-27 15:52:00,L8,PM,0.0,2382,2031,Evan,Day
2024-10-18 17:43:00,L8,PM,2.0,9880,9340,Asha,Day
2024-02-15 17:59:00,T1,Breakdown,2.0,6293,5685,Evan,Day
2024-09-02 00:41:00,P1,No issue,0.0,1219,1099,Evan,Night
2024-09-18 18:51:00,P1,Breakdown,1.0,4585,4480,Chen,Day
2024-05-31 16:18:00,P1,Changeover,4.0,4657,4003,Unknown,Night
2024-12-01 03:20:00,L8,PM,1.0,11753,11572,Chen,Day
2024-06-16 17:37:00,T2,Changeover,1.0,7541,6781,Asha,Day
2024-06-23 04:35:00,T2,No issue,0.0,9974,9504,Asha,Day
2024-06-10 09:27:00,L9,Changeover,0.0,511,502,Unknown,Night
2024-06-29 20:02:00,L8,Breakdown,0.0,3664,3134,Asha,Night
2024-07-19 04:10:00,T1,Breakdown,0.0,11115,10711,Evan,Night
2024-07-23 03:02:00,P1,Changeover,0.0,11757,10565,Asha,Day
2024-09-02 13:19:00,P1,PM,0.0,11258,9958,Evan,Night
2024-09-08 03:28:00,L8,PM,0.0,8240,7727,Unknown,Day
2024-09-06 21:46:00,P1,PM,0.0,11714,10766,Asha,Day
2024-03-28 06:16:00,L9,No issue,0.0,3481,3011,Ben,Day
2024-12-16 13:08:00,T2,No issue,0.0,10506,9921,Ben,Night
2024-02-05 20:22:00,T2,PM,0.0,3643,3393,Ben,Day
2024-12-08 08:03:00,P1,No issue,0.0,6469,6032,Asha,Day
2024-11-19 00:32:00,T2,No issue,0.0,1828,1585,Asha,Night
2024-08-07 05:48:00,L8,No issue,0.0,1742,1714,Asha,Night
2024-04-25 23:19:00,T2,Breakdown,0.0,9264,8577,Evan,Night
2024-01-23 22:54:00,P1,Changeover,2.0,8003,7690,Unknown,Day
2024-09-10 17:47:00,T1,No issue,0.0,11237,9681,Chen,Day
2024-07-26 20:11:00,P1,PM,3.0,1223,1058,Asha,Day
2024-09-27 14:31:00,P1,Changeover,1.0,3907,3585,Asha,Day
2024-05-11 05:21:00,T1,PM,1.0,2167,2077,Asha,Night
2024-10-18 13:36:00,L8,Changeover,0.0,7390,7230,Ben,Night
2024-04-22 04:35:00,T2,No issue,0.0,9699,9015,Diya,Night
2024-05-18 20:43:00,L9,No issue,0.0,9572,8780,Chen,Day
2024-07-09 12:22:00,T2,Quality stop,1.0,9900,8459,Ben,Night
2024-06-08 17:01:00,T2,No issue,0.0,3532,3129,Unknown,Day
2024-04-21 19:38:00,L9,No issue,0.0,9848,9102,Asha,Day
2024-03-18 13:15:00,L8,Breakdown,1.0,1169,1037,Chen,Night
2024-10-29 17:05:00,L9,Breakdown,0.0,11381,10056,Asha,Day
2024-06-11 15:02:00,L8,PM,0.0,697,696,Ben,Day
2024-11-23 19:53:00,T1,PM,0.0,11831,11108,Asha,Night
2024-04-29 03:48:00,P1,Quality stop,0.0,3110,3074,Chen,Day
2024-06-22 08:18:00,T1,PM,1.0,8663,7734,Ben,Day
2024-06-17 19:07:00,T2,No issue,0.0,5228,4569,Diya,Day
2024-03-23 18:44:00,L8,Quality stop,0.0,5108,4435,Evan,Night
2024-09-17 04:42:00,L8,Breakdown,2.0,9522,8760,Evan,Day
2024-09-04 04:30:00,L9,Quality stop,0.0,4555,3992,Ben,Night
2024-05-26 07:45:00,P1,No issue,0.0,1114,992,Chen,Day
2024-03-27 07:13:00,L8,No issue,0.0,4019,3634,Ben,Night
2024-08-31 07:40:00,T1,Changeover,0.0,7111,6319,Chen,Day
2024-10-03 17:10:00,T2,PM,1.0,10045,9373,Diya,Day
2024-10-27 09:27:00,L8,No issue,0.0,1765,1527,Chen,Night
2024-04-08 14:13:00,P1,Changeover,1.0,11867,10226,Diya,Night
2024-06-03 15:05:00,P1,No issue,0.0,9031,8803,Asha,Day
2024-10-22 19:42:00,P1,No issue,0.0,233,212,Chen,Day
2024-06-19 23:36:00,T1,Breakdown,0.0,5869,5230,Ben,Day
2024-07-29 23:29:00,P1,No issue,0.0,1814,1612,Unknown,Day
2024-02-23 04:46:00,L8,No issue,0.0,11212,10891,Diya,Night
2024-02-09 21:24:00,L9,Changeover,4.0,9988,9430,Evan,Day
2024-07-05 09:09:00,T1,PM,0.0,6201,5366,Asha,Day
2024-02-26 22:55:00,T2,No issue,0.0,9898,8908,Evan,Day
2024-11-10 16:57:00,L9,Changeover,2.0,806,764,Chen,Day
2024-11-16 11:49:00,T1,Breakdown,1.0,11457,10433,Chen,Night
2024-12-19 20:56:00,L9,Breakdown,1.0,11586,11416,Ben,Day
2024-07-07 18:19:00,L8,PM,0.0,9339,9032,Ben,Day
2024-06-14 22:16:00,P1,No issue,0.0,11705,10030,Asha,Day
2024-04-22 13:26:00,T2,Breakdown,1.0,3818,3247,Ben,Day
2024-04-01 00:05:00,P1,Breakdown,0.0,2038,1746,Asha,Day
2024-09-30 22:20:00,P1,Changeover,0.0,6361,6298,Chen,Night
2024-03-14 11:23:00,P1,No issue,0.0,3265,3184,Diya,Day
2024-04-12 10:31:00,P1,No issue,0.0,10061,9921,Diya,Day
2024-06-05 08:28:00,T2,Changeover,0.0,7913,6928,Unknown,Day
2024-01-29 19:57:00,P1,PM,1.0,7922,7334,Ben,Night
2024-09-29 04:31:00,P1,No issue,0.0,10468,9363,Chen,Night
2024-11-27 03:23:00,L9,Changeover,3.0,6586,5613,Chen,Day
2024-06-17 15:51:00,L9,No issue,0.0,2794,2468,Ben,Day
2024-10-26 16:21:00,P1,Breakdown,1.0,9100,7888,Chen,Day
2024-06-27 23:02:00,T2,Breakdown,1.0,9226,8233,Diya,Day
2024-12-14 03:10:00,P1,Quality stop,2.0,11514,11337,Asha,Night
2024-06-27 15:08:00,T1,No issue,0.0,279,238,Asha,Day
2024-08-13 11:13:00,T2,No issue,0.0,1789,1681,Evan,Night
2024-12-16 18:19:00,L8,Changeover,0.0,5226,4848,Evan,Night
2024-05-23 06:00:00,L9,Breakdown,2.0,11357,10321,Ben,Night
2024-07-05 00:41:00,P1,Changeover,4.0,456,433,Chen,Day
2024-08-09 16:24:00,L9,Quality stop,2.0,11661,10891,Evan,Day
2024-12-01 05:01:00,L9,No issue,0.0,11736,10278,Diya,Day
2024-08-09 22:12:00,T1,PM,4.0,10852,9778,Unknown,Day
2024-05-31 11:08:00,L8,No issue,0.0,11835,11211,Diya,Night
2024-06-13 21:13:00,L9,Quality stop,0.0,10970,10083,Ben,Night
2024-05-06 06:56:00,L9,No issue,0.0,2131,1867,Evan,Day
2024-10-27 00:07:00,L9,No issue,0.0,9400,8276,Diya,Night
2024-08-26 20:32:00,P1,Breakdown,1.0,8322,8089,Evan,Night
2024-02-11 16:51:00,P1,Breakdown,2.0,7440,6459,Asha,Night
2024-08-10 00:05:00,L9,No issue,0.0,4237,4224,Chen,Day
2024-03-23 05:38:00,L8,Breakdown,1.0,8404,7574,Asha,Day
2024-11-14 03:02:00,T2,Quality stop,0.0,3280,3047,Diya,Night
2024-11-19 18:08:00,L9,Breakdown,0.0,3518,3146,Asha,Night
2024-03-28 08:25:00,P1,Breakdown,3.0,10912,9973,Evan,Night
2024-03-22 21:00:00,T1,PM,0.0,9195,8217,Evan,Day
2024-07-24 21:15:00,T1,PM,1.0,8434,7892,Ben,Day
2024-08-31 19:49:00,L8,No issue,0.0,5483,5318,Ben,Night
2024-08-28 11:18:00,L9,Quality stop,0.0,11949,11923,Evan,Day
2024-12-19 15:47:00,T1,No issue,0.0,5430,4727,Ben,Day
2024-01-08 23:15:00,T1,No issue,0.0,254,219,Ben,Day
2024-03-12 12:23:00,T2,No issue,0.0,6515,5914,Ben,Night
2024-02-16 07:50:00,L9,Changeover,2.0,876,870,Chen,Night
2024-12-18 03:08:00,T2,PM,1.0,11230,10824,Evan,Day
2024-08-10 15:02:00,P1,Breakdown,1.0,1458,1303,Ben,Night
2024-03-01 13:09:00,L8,Changeover,4.0,2796,2417,Evan,Night
2024-03-15 05:16:00,L8,Breakdown,0.0,1728,1593,Ben,Day
2024-04-27 02:35:00,P1,No issue,0.0,5369,4854,Asha,Night
2024-03-09 18:35:00,P1,No issue,0.0,11425,10909,Chen,Night
2024-10-04 23:54:00,P1,Breakdown,2.0,5855,5596,Ben,Day
2024-07-09 11:42:00,L9,No issue,0.0,721,654,Chen,Night
2024-01-24 21:36:00,P1,PM,1.0,6688,6530,Diya,Day
2024-07-28 07:45:00,L9,No issue,0.0,2970,2782,Evan,Day
2024-08-31 07:12:00,L8,Quality stop,0.0,4229,4160,Unknown,Day
2024-02-14 22:08:00,T2,Breakdown,0.0,3319,3248,Asha,Day
2024-11-03 11:21:00,T1,PM,1.0,9052,8182,Asha,Night
2024-03-01 13:47:00,T1,No issue,0.0,3938,3691,Diya,Night
2024-07-19 13:31:00,P1,Breakdown,2.0,1686,1530,Diya,Night
2024-09-10 21:06:00,P1,No issue,0.0,10743,9657,Ben,Night
2024-06-18 00:30:00,T1,No issue,0.0,11971,11789,Diya,Night
2024-11-25 03:07:00,T1,No issue,0.0,2727,2411,Diya,Day
2024-02-06 18:18:00,L8,PM,0.0,9661,9490,Asha,Day
2024-02-01 05:43:00,L8,No issue,0.0,11366,10777,Ben,Night
2024-11-01 09:01:00,L8,Quality stop,0.0,3497,3392,Diya,Day
2024-11-14 22:34:00,L8,Quality stop,0.0,9057,8532,Chen,Day
2024-04-15 10:24:00,L8,Quality stop,1.0,8440,8352,Evan,Day
2024-06-03 04:15:00,T1,PM,2.0,9624,8997,Asha,Night
2024-03-23 16:53:00,T2,No issue,0.0,10940,10030,Evan,Night
2024-10-14 07:48:00,T2,Quality stop,0.0,3503,3108,Ben,Night
2024-09-09 22:03:00,L9,No issue,0.0,1856,1629,Diya,Day
2024-04-16 16:50:00,L8,PM,0.0,7266,7021,Diya,Night
2024-12-22 05:16:00,L8,PM,0.0,6520,6081,Diya,Day
2024-11-10 02:25:00,L9,Quality stop,0.0,9000,8565,Evan,Day
2024-07-18 09:15:00,T2,No issue,0.0,9324,8218,Evan,Day
2024-11-11 16:51:00,L9,Breakdown,1.0,11287,10936,Diya,Day
2024-08-13 08:06:00,T1,No issue,0.0,1084,1063,Evan,Day
2024-01-17 17:59:00,P1,PM,3.0,4177,4032,Diya,Night
2024-05-21 22:07:00,P1,No issue,0.0,2855,2539,Diya,Night
2024-10-07 14:02:00,L9,Breakdown,0.0,7445,6530,Diya,Day
2024-08-24 18:20:00,L8,No issue,0.0,3470,3077,Evan,Night
2024-02-07 10:24:00,L9,Breakdown,1.0,9290,9211,Diya,Night
2024-04-10 15:43:00,L9,PM,3.0,349,348,Diya,Day
2024-02-18 02:15:00,T2,Breakdown,0.0,51,50,Diya,Day
2024-06-25 04:20:00,L9,No issue,0.0,5788,5356,Unknown,Day
2024-01-05 23:04:00,L9,Breakdown,2.0,3486,3281,Asha,Night
2024-01-08 18:45:00,P1,Breakdown,0.0,5608,5507,Chen,Day
2024-05-08 22:46:00,T1,No issue,0.0,11872,10520,Evan,Day
2024-12-17 12:31:00,T2,Changeover,1.0,7205,7164,Chen,Night
2024-05-21 07:01:00,L8,No issue,0.0,6846,6094,Asha,Night
2024-05-29 14:11:00,L8,Breakdown,0.0,6971,6229,Chen,Night
2024-04-05 04:08:00,L9,Breakdown,0.0,9966,9494,Asha,Night
2024-10-23 07:17:00,P1,Quality stop,1.0,1535,1384,Chen,Night
2024-07-05 23:58:00,L9,PM,1.0,11813,11029,Asha,Night
2024-12-12 06:39:00,L9,Breakdown,2.0,1127,1082,Diya,Night
2024-09-03 03:28:00,L8,No issue,0.0,6093,5591,Evan,Day
2024-07-19 22:01:00,T2,PM,1.0,5537,5137,Chen,Day
2024-07-26 16:40:00,T2,Breakdown,1.0,4205,3776,Diya,Night
2024-10-24 11:00:00,P1,Breakdown,3.0,8949,8507,Chen,Night
2024-08-22 11:59:00,P1,Changeover,1.0,6489,6037,Diya,Night
2024-05-02 04:41:00,L8,PM,0.0,7331,6917,Diya,Day
2024-04-25 22:27:00,P1,Breakdown,0.0,3480,3443,Diya,Night
2024-02-16 21:15:00,T1,No issue,0.0,8736,8172,Asha,Night
2024-07-02 17:35:00,T2,Breakdown,0.0,4954,4304,Asha,Night
2024-09-06 06:33:00,L9,Breakdown,4.0,4607,4495,Asha,Night
2024-08-03 22:05:00,P1,PM,1.0,3435,3323,Asha,Night
2024-12-16 09:53:00,L9,Breakdown,1.0,3356,3181,Ben,Day
2024-07-22 14:21:00,T1,No issue,0.0,10504,9256,Asha,Day
2024-12-21 13:58:00,T1,PM,3.0,6933,6793,Diya,Night
2024-05-27 01:53:00,L9,Breakdown,1.0,10407,10091,Diya,Day
2024-01-09 19:16:00,L8,Quality stop,1.0,11309,10123,Chen,Day
2024-05-20 08:26:00,T2,Changeover,0.0,1853,1691,Evan,Night
2024-06-07 13:16:00,T1,Quality stop,1.0,8903,7654,Ben,Day
2024-06-04 08:43:00,L9,Breakdown,1.0,7919,7148,Chen,Night
2024-12-10 13:52:00,L8,Breakdown,0.0,7553,7314,Evan,Day
2024-01-09 19:36:00,L9,No issue,0.0,8108,7244,Chen,Night
2024-02-29 06:07:00,L8,Changeover,0.0,11407,10292,Chen,Day
2024-07-19 22:24:00,P1,Quality stop,0.0,4328,3958,Chen,Day
2024-08-04 18:29:00,T2,Breakdown,3.0,9134,9132,Evan,Night
2024-03-29 15:02:00,L9,No issue,0.0,1756,1632,Chen,Day
2024-12-19 20:21:00,T1,PM,1.0,6603,6039,Asha,Day
2024-09-18 19:51:00,L8,No issue,0.0,3551,3336,Ben,Day
2024-08-15 12:14:00,T2,No issue,0.0,2203,1885,Chen,Night
2024-01-26 03:30:00,L9,Quality stop,1.0,5115,4379,Chen,Night
2024-04-09 07:29:00,L8,No issue,0.0,10348,10314,Diya,Day
2024-07-08 04:48:00,P1,No issue,0.0,8918,8893,Asha,Night
2024-09-01 09:20:00,T2,Breakdown,1.0,8475,7777,Diya,Day
2024-12-21 07:18:00,T1,Quality stop,1.0,8621,7644,Diya,Day
2024-01-29 05:08:00,L9,No issue,0.0,7552,6539,Asha,Day
2024-10-19 23:58:00,L8,No issue,0.0,8976,8879,Evan,Day
2024-11-24 14:07:00,L9,No issue,0.0,2427,2192,Diya,Night
2024-07-27 11:43:00,T2,Quality stop,1.0,8329,7092,Diya,Day
2024-08-11 18:33:00,L9,Quality stop,1.0,5615,5166,Chen,Day
2024-11-17 09:15:00,T2,No issue,0.0,6167,5985,Chen,Night
2024-05-05 03:01:00,T1,No issue,0.0,10454,9460,Ben,Night
2024-12-27 12:40:00,P1,No issue,0.0,2251,2083,Chen,Day
2024-10-25 18:20:00,P1,No issue,0.0,6307,6228,Asha,Night
2024-03-23 13:29:00,P1,Breakdown,2.0,296,283,Evan,Day
2024-06-01 17:57:00,L8,No issue,0.0,2620,2408,Diya,Night
2024-09-15 22:36:00,T2,Breakdown,1.0,11333,10523,Ben,Night
2024-02-29 03:52:00,T1,Quality stop,2.0,9484,8375,Ben,Day
2024-01-29 13:32:00,L9,Breakdown,2.0,8765,8229,Asha,Day
2024-08-27 06:17:00,T2,Breakdown,0.0,3522,3393,Evan,Day
2024-06-22 18:06:00,L8,Changeover,0.0,1061,997,Asha,Night
2024-12-29 04:37:00,T1,Breakdown,2.0,9075,8660,Asha,Night
2024-02-24 03:57:00,T1,Changeover,0.0,9687,8808,Asha,Night
2024-02-16 06:44:00,T2,No issue,0.0,10071,9327,Ben,Night
2024-04-21 15:12:00,L8,No issue,0.0,4565,4294,Diya,Day
2024-03-06 10:46:00,T1,No issue,0.0,10693,10517,Evan,Day
2024-10-14 14:48:00,P1,No issue,0.0,115,108,Ben,Day
2024-03-28 06:20:00,P1,Breakdown,0.0,8188,7042,Asha,Night
2024-04-22 20:00:00,P1,Quality stop,4.0,1119,1067,Chen,Day
2024-02-14 06:15:00,P1,No issue,0.0,4742,4211,Asha,Day
2024-11-03 21:21:00,T2,No issue,0.0,11834,10390,Ben,Night
2024-06-14 10:29:00,T1,Breakdown,0.0,7189,7142,Asha,Day
2024-08-31 10:17:00,T1,No issue,0.0,5909,5864,Asha,Night
2024-03-02 11:58:00,T1,PM,0.0,9686,8964,Diya,Day
2024-02-20 08:20:00,L8,Breakdown,4.0,11430,11282,Chen,Night
2024-03-18 12:01:00,T1,No issue,0.0,9404,9048,Unknown,Night
2024-03-26 08:25:00,P1,Breakdown,2.0,5990,5507,Asha,Day
2024-05-01 17:30:00,P1,PM,4.0,4599,4532,Ben,Night
2024-09-21 13:35:00,T1,No issue,0.0,11533,9967,Chen,Night
2024-02-03 13:26:00,L9,No issue,0.0,11359,10710,Chen,Day
2024-11-16 10:17:00,T2,PM,2.0,3576,3433,Evan,Day
2024-04-11 20:32:00,T1,No issue,0.0,6802,6584,Diya,Night
2024-08-28 14:27:00,T1,Quality stop,1.0,5388,5102,Ben,Day
2024-03-07 07:04:00,P1,Breakdown,1.0,4945,4337,Diya,Day
2024-07-17 01:17:00,T2,Breakdown,1.0,10218,9534,Ben,Day
2024-08-21 16:49:00,L8,No issue,0.0,5824,5379,Chen,Day
2024-10-23 05:05:00,P1,PM,1.0,7301,6687,Ben,Day
2024-11-08 06:20:00,L8,No issue,0.0,5146,4989,Diya,Day
2024-06-09 16:58:00,L8,No issue,0.0,10437,9809,Evan,Day
2024-05-20 22:56:00,L9,No issue,0.0,8654,7855,Diya,Day
2024-08-09 11:53:00,T2,Breakdown,0.0,8844,8356,Diya,Night
2024-02-07 12:50:00,T1,PM,1.0,2315,2106,Diya,Day
2024-07-07 05:39:00,L8,No issue,0.0,9835,9512,Evan,Day
2024-12-28 16:08:00,L9,PM,1.0,8123,7285,Evan,Night
2024-10-17 06:49:00,T2,No issue,0.0,2551,2505,Chen,Day
2024-11-13 09:17:00,L9,Breakdown,1.0,11635,11244,Evan,Night
2024-08-28 22:50:00,T2,No issue,0.0,1596,1363,Asha,Day
2024-04-12 22:30:00,L8,No issue,0.0,4249,3742,Ben,Day
2024-08-13 15:17:00,T1,Breakdown,1.0,7394,6429,Ben,Night
2024-02-13 09:17:00,T1,PM,0.0,10743,10401,Chen,Night
2024-11-23 06:27:00,T2,No issue,0.0,3782,3670,Asha,Night
2024-12-06 03:12:00,P1,No issue,0.0,2243,2140,Asha,Night
2024-12-29 20:10:00,L9,No issue,0.0,8912,8541,Evan,Night
2024-01-19 19:07:00,L9,Changeover,0.0,10322,10260,Chen,Night
2024-02-12 03:43:00,T2,No issue,0.0,9116,8730,Asha,Night
2024-07-17 06:06:00,L8,Changeover,2.0,5278,5054,Evan,Day
2024-07-21 16:15:00,L8,No issue,0.0,9722,9198,Chen,Night
2024-07-13 04:26:00,L9,No issue,0.0,905,785,Evan,Day
2024-01-17 12:38:00,T1,No issue,0.0,3672,3205,Diya,Day
2024-07-11 09:19:00,P1,Changeover,2.0,3348,3332,Asha,Day
2024-07-21 22:17:00,L8,No issue,0.0,4725,4283,Ben,Day
2024-11-11 14:12:00,T1,Breakdown,1.0,914,809,Asha,Day
2024-08-13 01:00:00,L9,No issue,0.0,1533,1329,Chen,Day
2024-07-16 05:02:00,T1,PM,0.0,4973,4939,Diya,Day
2024-05-30 07:30:00,L8,Quality stop,1.0,10647,9297,Unknown,Day
2024-09-01 03:15:00,L9,PM,1.0,3642,3123,Asha,Night
2024-07-13 00:56:00,L9,Changeover,1.0,309,304,Ben,Night
2024-06-25 05:56:00,T1,No issue,0.0,8679,7998,Diya,Night
2024-06-15 14:14:00,P1,PM,3.0,9539,8569,Chen,Day
2024-07-19 04:52:00,L8,Quality stop,0.0,3545,3297,Diya,Day
2024-01-15 07:30:00,T2,Quality stop,2.0,3010,2826,Chen,Night
2024-10-18 01:55:00,P1,Breakdown,0.0,3476,3226,Unknown,Night
2024-11-30 17:22:00,T2,Breakdown,1.0,286,277,Asha,Night
2024-08-14 21:15:00,L9,Breakdown,2.0,8348,7142,Evan,Day
2024-07-31 00:07:00,T2,No issue,0.0,5660,5118,Ben,Day
2024-10-16 04:23:00,L9,Quality stop,0.0,265,233,Ben,Day
2024-11-03 20:39:00,T2,No issue,0.0,11061,10489,Asha,Day
2024-06-29 02:32:00,T2,Breakdown,1.0,6089,5255,Asha,Day
2024-10-05 18:49:00,P1,Quality stop,1.0,5678,5466,Evan,Day
2024-10-01 05:58:00,T1,Breakdown,0.0,6046,5942,Diya,Day
2024-11-30 07:10:00,L8,Changeover,0.0,9596,8837,Evan,Day
2024-11-28 09:15:00,T1,Breakdown,2.0,10847,10749,Chen,Day
2024-09-18 22:01:00,T1,No issue,0.0,5687,5563,Ben,Night
2024-05-19 07:28:00,P1,No issue,0.0,1436,1254,Asha,Night
2024-10-31 13:54:00,P1,Breakdown,2.0,9137,8433,Evan,Night
2024-05-27 15:58:00,P1,Quality stop,3.0,5550,4819,Asha,Night
2024-06-20 01:05:00,T1,Breakdown,1.0,4196,4076,Asha,Night
2024-09-09 03:30:00,L8,No issue,0.0,1209,1182,Chen,Day
2024-12-08 15:47:00,P1,No issue,0.0,6549,5759,Diya,Night
2024-12-30 00:05:00,T1,No issue,0.0,1061,1027,Ben,Day
2024-07-27 00:48:00,L8,No issue,0.0,5360,4979,Chen,Day
2024-10-26 12:28:00,P1,No issue,0.0,7845,7414,Diya,Day
2024-07-20 01:07:00,L8,PM,2.0,1135,1005,Chen,Day
2024-06-29 18:06:00,T1,Breakdown,1.0,8929,7913,Asha,Day
2024-11-28 17:19:00,L8,No issue,0.0,2389,2065,Ben,Night
2024-05-14 20:02:00,L8,PM,0.0,3650,3150,Chen,Day
2024-05-23 02:35:00,T1,No issue,0.0,11622,10473,Asha,Night
2024-09-02 12:02:00,P1,No issue,0.0,10679,10674,Chen,Night
2024-10-21 01:15:00,P1,PM,0.0,10947,9379,Chen,Day
2024-07-21 22:42:00,L8,No issue,0.0,10928,9378,Evan,Night
2024-12-16 08:12:00,L9,No issue,0.0,1074,1066,Evan,Night
2024-03-27 06:56:00,T2,No issue,0.0,8909,7792,Asha,Night
2024-06-21 08:30:00,L8,PM,1.0,8159,7678,Chen,Night
2024-06-10 05:14:00,L9,Quality stop,1.0,1517,1307,Diya,Day
2024-08-23 04:35:00,T2,Breakdown,0.0,11179,9939,Chen,Day
2024-03-07 05:30:00,P1,No issue,0.0,5366,5064,Asha,Day
2024-06-01 08:05:00,L8,No issue,0.0,10648,10226,Chen,Night
2024-03-02 00:15:00,T1,PM,1.0,638,554,Chen,Night
2024-11-28 10:45:00,T1,Quality stop,3.0,8752,7904,Asha,Day
2024-01-21 05:23:00,L8,No issue,0.0,10719,9782,Chen,Day
2024-05-25 01:20:00,T1,No issue,0.0,11015,10347,Asha,Day
2024-01-05 21:40:00,T1,No issue,0.0,8733,7651,Evan,Day
2024-05-06 06:39:00,L8,Breakdown,1.0,10889,10075,Evan,Day
2024-11-18 11:30:00,L8,Changeover,1.0,1950,1889,Ben,Day
2024-05-29 07:22:00,T2,Breakdown,1.0,5203,5005,Unknown,Day
2024-06-30 21:24:00,L8,No issue,0.0,1375,1176,Diya,Day
2024-08-22 04:54:00,P1,Breakdown,1.0,3067,2759,Chen,Day
2024-10-31 20:17:00,L9,PM,2.0,3691,3561,Diya,Day
2024-06-12 03:39:00,T2,No issue,0.0,6947,6163,Asha,Day
2024-05-30 18:15:00,L8,No issue,0.0,3974,3559,Asha,Day
2024-02-10 22:39:00,T2,No issue,0.0,3829,3397,Chen,Day
2024-06-04 04:41:00,T1,Breakdown,3.0,9522,8733,Asha,Day
2024-11-11 11:26:00,L8,Breakdown,1.0,7174,6199,Diya,Day
2024-02-07 03:29:00,T1,No issue,0.0,2361,2254,Evan,Day
2024-11-19 03:22:00,P1,Breakdown,1.0,6288,5422,Asha,Night
2024-05-22 12:08:00,P1,PM,0.0,694,654,Chen,Night
2024-03-16 08:39:00,T2,Changeover,1.0,9693,8280,Diya,Day
2024-06-05 20:39:00,L8,No issue,0.0,10958,10359,Chen,Day
2024-12-01 00:04:00,L9,Changeover,1.0,241,214,Unknown,Day
2024-11-22 07:04:00,L9,No issue,0.0,11275,9901,Ben,Day
2024-02-01 05:27:00,T1,Changeover,0.0,9860,9077,Evan,Day
2024-03-20 19:54:00,T1,No issue,0.0,4845,4385,Asha,Day
2024-11-19 05:54:00,T1,No issue,0.0,10481,9150,Chen,Day
2024-11-10 06:17:00,L8,Breakdown,0.0,6418,6099,Unknown,Day
2024-02-01 09:24:00,T2,No issue,0.0,8305,7609,Diya,Night
2024-09-13 04:20:00,L9,No issue,0.0,3864,3760,Unknown,Day
2024-04-14 12:09:00,T1,PM,3.0,3661,3147,Asha,Day
2024-10-18 01:09:00,T2,No issue,0.0,677,647,Chen,Night
2024-07-29 08:21:00,L8,Breakdown,0.0,4932,4886,Ben,Day
2024-07-21 23:49:00,T1,Breakdown,1.0,3347,3153,Ben,Night
2024-03-17 11:48:00,P1,No issue,0.0,6233,5577,Asha,Day
2024-06-08 14:37:00,P1,Breakdown,1.0,9372,8406,Diya,Day
2024-03-24 23:15:00,T1,Breakdown,0.0,4920,4833,Asha,Day
2024-06-06 16:32:00,L8,No issue,0.0,3253,3147,Diya,Day
2024-12-04 14:44:00,T1,Breakdown,4.0,6376,6208,Unknown,Day
2024-09-22 03:27:00,T2,PM,0.0,8943,8639,Diya,Night
2024-01-23 01:48:00,L8,No issue,0.0,3134,2695,Diya,Day
2024-01-06 14:58:00,L8,Breakdown,0.0,11202,9601,Asha,Day
2024-03-31 04:43:00,L8,No issue,0.0,6573,5701,Chen,Day
2024-01-23 18:57:00,T1,Breakdown,2.0,9309,8517,Diya,Day
2024-09-11 04:41:00,L8,PM,2.0,5960,5645,Asha,Night
2024-09-28 04:51:00,L8,Breakdown,0.0,2005,1859,Ben,Night
2024-12-05 04:52:00,T2,No issue,0.0,3104,3063,Evan,Day
2024-09-17 10:50:00,T1,Quality stop,0.0,38,33,Asha,Day
2024-09-02 16:33:00,T1,Quality stop,3.0,4467,3881,Ben,Day
2024-04-11 14:58:00,P1,Quality stop,0.0,4230,3929,Evan,Night
2024-06-19 21:57:00,T1,Breakdown,2.0,271,252,Evan,Night
2024-03-20 20:28:00,T1,PM,2.0,100,94,Evan,Night
2024-10-04 15:01:00,L9,Breakdown,0.0,7751,6719,Evan,Day
2024-03-28 13:40:00,T2,Breakdown,1.0,2141,2134,Ben,Day
2024-03-22 02:09:00,T2,Breakdown,2.0,11706,9987,Chen,Day
2024-10-10 22:52:00,P1,No issue,0.0,239,204,Chen,Day
2024-01-21 19:19:00,T1,No issue,0.0,2148,2044,Asha,Day
2024-12-18 02:41:00,T2,No issue,0.0,5024,4430,Ben,Day
2024-01-19 22:27:00,L9,Breakdown,0.0,3015,2570,Diya,Night
2024-10-04 09:21:00,L9,Changeover,0.0,1050,992,Chen,Night
2024-01-14 19:52:00,T2,No issue,0.0,790,781,Diya,Night
2024-07-23 14:41:00,T2,No issue,0.0,10586,9345,Ben,Day
2024-07-31 01:15:00,L9,PM,1.0,11159,10854,Evan,Day
2024-02-21 20:29:00,P1,No issue,0.0,2663,2477,Diya,Night
2024-08-10 15:57:00,P1,No issue,0.0,5798,5188,Chen,Day
2024-05-14 17:40:00,P1,Quality stop,1.0,7745,7663,Evan,Night
2024-09-04 20:13:00,T1,No issue,0.0,5461,5182,Evan,Day
2024-03-10 00:30:00,L9,Breakdown,4.0,8967,8055,Chen,Day
2024-04-28 11:04:00,T2,Breakdown,0.0,2131,1981,Diya,Day
2024-07-31 06:25:00,L9,Breakdown,1.0,8955,8650,Evan,Night
2024-03-24 17:27:00,T1,Breakdown,3.0,1991,1786,Asha,Night
2024-06-02 13:01:00,P1,Breakdown,0.0,4606,4354,Asha,Night
2024-02-20 21:58:00,L8,No issue,0.0,7362,7051,Chen,Night
2024-11-08 17:27:00,T1,Breakdown,0.0,2972,2755,Ben,Night
2024-12-08 09:42:00,L9,PM,1.0,431,372,Evan,Night
2024-09-22 07:27:00,L9,Breakdown,2.0,5778,5507,Asha,Night
2024-03-02 12:58:00,T1,No issue,0.0,10134,9355,Chen,Day
2024-03-28 11:59:00,T1,No issue,0.0,3847,3688,Ben,Day
2024-10-05 08:30:00,T1,PM,1.0,3514,3343,Asha,Night
2024-11-03 02:29:00,P1,No issue,0.0,10027,9678,Chen,Night
2024-01-19 15:20:00,L9,PM,0.0,3526,3461,Ben,Night
2024-05-03 12:05:00,T1,No issue,0.0,11328,9708,Asha,Day
2024-09-12 17:06:00,P1,Breakdown,2.0,6946,5926,Chen,Day
2024-12-26 13:14:00,T2,No issue,0.0,4673,4617,Ben,Day
2024-06-21 10:12:00,L9,Quality stop,1.0,3324,2977,Evan,Night
2024-04-24 15:31:00,P1,No issue,0.0,3707,3345,Chen,Day
2024-11-30 09:57:00,L9,No issue,0.0,8837,8819,Asha,Day
2024-09-18 04:16:00,T1,Changeover,1.0,4427,3773,Diya,Day
2024-12-15 08:06:00,P1,No issue,0.0,3150,2974,Ben,Night
2024-04-06 17:21:00,P1,Changeover,1.0,5897,5317,Unknown,Day
2024-09-29 22:14:00,T1,No issue,0.0,732,721,Ben,Night
2024-12-21 07:57:00,T1,Quality stop,0.0,8426,7256,Evan,Night
2024-07-01 10:36:00,T2,No issue,0.0,7823,6872,Asha,Day
2024-10-27 12:55:00,T1,Quality stop,1.0,10483,9025,Evan,Night
2024-12-14 05:01:00,P1,No issue,0.0,1785,1522,Evan,Night
2024-10-29 06:11:00,L9,PM,1.0,2420,2196,Chen,Day
2024-10-19 19:56:00,L9,Breakdown,0.0,11533,10514,Ben,Day
2024-02-22 23:57:00,L8,No issue,0.0,11703,10513,Unknown,Day
2024-04-01 06:19:00,L8,PM,2.0,7761,7495,Asha,Day
2024-05-26 11:27:00,T1,Changeover,0.0,8837,8679,Ben,Day
2024-06-11 12:12:00,T1,No issue,0.0,8821,7848,Asha,Night
2024-02-02 07:20:00,L9,PM,0.0,10336,9964,Asha,Day
2024-06-21 02:15:00,L9,PM,0.0,1177,1032,Diya,Day
2024-08-17 04:09:00,P1,Breakdown,1.0,9771,8514,Chen,Night
2024-05-14 21:29:00,T2,Changeover,0.0,2129,2097,Evan,Day
2024-11-30 21:09:00,L9,No issue,0.0,1562,1413,Diya,Day
2024-03-10 13:22:00,T1,Quality stop,1.0,10001,9047,Evan,Day
2024-03-14 11:59:00,P1,No issue,0.0,171,151,Evan,Day
2024-11-09 15:54:00,P1,PM,1.0,11601,10594,Asha,Night
2024-06-01 07:22:00,L8,No issue,0.0,1715,1529,Evan,Day
2024-12-08 20:25:00,P1,No issue,0.0,7365,7079,Ben,Day
2024-04-06 05:34:00,L8,No issue,0.0,2703,2619,Asha,Day
2024-11-29 23:24:00,P1,Breakdown,0.0,2531,2243,Evan,Night
2024-05-24 09:46:00,P1,Breakdown,0.0,7778,7307,Asha,Day
2024-06-01 09:07:00,T1,PM,2.0,11982,10870,Asha,Night
2024-03-27 08:31:00,T1,No issue,0.0,5070,4666,Evan,Day
2024-06-06 18:06:00,L8,Breakdown,0.0,4355,4342,Unknown,Night
2024-12-28 23:26:00,T2,Breakdown,1.0,3994,3869,Chen,Day
2024-11-02 12:21:00,L8,No issue,0.0,5709,5086,Diya,Day
2024-02-20 16:18:00,P1,No issue,0.0,170,145,Diya,Night
2024-06-22 09:58:00,L8,Changeover,0.0,10712,10456,Evan,Night
2024-01-25 22:14:00,L8,Breakdown,0.0,9033,8224,Asha,Night
2024-04-13 08:35:00,T1,Breakdown,3.0,2776,2511,Chen,Day
2024-05-13 21:26:00,L8,No issue,0.0,8105,8102,Ben,Day
2024-11-11 15:21:00,T1,No issue,0.0,9775,9235,Ben,Day
2024-04-29 22:55:00,P1,Breakdown,1.0,2190,2156,Evan,Day
2024-04-03 07:34:00,P1,Breakdown,1.0,9979,8829,Ben,Day
2024-10-05 20:36:00,L8,No issue,0.0,11316,10395,Evan,Day
2024-03-23 04:54:00,L8,No issue,0.0,515,491,Ben,Day
2024-10-04 22:43:00,L8,Quality stop,1.0,8247,7758,Asha,Day
2024-03-29 13:11:00,P1,Quality stop,2.0,3242,2921,Asha,Night
2024-07-24 15:15:00,T2,Breakdown,1.0,11988,10736,Ben,Night
2024-05-19 22:50:00,T2,No issue,0.0,9147,7819,Ben,Day
2024-04-22 10:32:00,L8,Changeover,1.0,978,917,Diya,Day
2024-10-06 03:01:00,P1,PM,0.0,9401,8578,Chen,Day
2024-04-24 04:16:00,T2,Breakdown,1.0,1382,1210,Chen,Night
2024-05-06 09:24:00,T1,PM,2.0,5127,4998,Asha,Day
2024-07-05 22:04:00,T2,No issue,0.0,4063,3989,Asha,Day
2024-11-11 03:12:00,L9,PM,0.0,9770,9336,Diya,Day
2024-05-03 06:35:00,L9,No issue,0.0,3514,3453,Asha,Day
2024-09-30 22:02:00,L9,Breakdown,4.0,11502,9965,Ben,Day
2024-05-11 13:49:00,L9,No issue,0.0,11390,10866,Evan,Day
2024-01-10 04:13:00,P1,Breakdown,0.0,4802,4179,Diya,Day
2024-08-07 15:09:00,L8,Breakdown,0.0,2278,1969,Ben,Night
2024-03-25 02:29:00,P1,PM,0.0,1115,992,Chen,Day
2024-06-03 14:46:00,L9,Quality stop,4.0,11742,11233,Chen,Day
2024-05-19 00:30:00,P1,No issue,0.0,10700,9304,Evan,Day
2024-03-28 02:36:00,T1,Breakdown,0.0,10519,9601,Evan,Night
2024-07-18 21:14:00,T2,PM,0.0,8154,7767,Ben,Day
2024-11-01 01:25:00,L8,Breakdown,1.0,6157,5670,Evan,Night
2024-07-31 15:34:00,T2,No issue,0.0,2914,2849,Ben,Night
2024-10-30 11:22:00,L9,No issue,0.0,9670,9554,Diya,Day
2024-01-06 02:29:00,P1,No issue,0.0,10295,9239,Chen,Day
2024-08-07 13:07:00,T2,Breakdown,1.0,9792,9314,Asha,Day
2024-11-21 23:51:00,L8,Breakdown,1.0,11985,10515,Chen,Day
2024-12-14 17:32:00,T2,Quality stop,3.0,3149,3003,Diya,Day
2024-04-12 19:06:00,L8,PM,1.0,9031,8430,Asha,Day
2024-11-27 04:47:00,P1,No issue,0.0,4696,4366,Chen,Night
2024-05-27 17:09:00,L8,Breakdown,1.0,764,747,Unknown,Day
2024-07-02 17:17:00,P1,Breakdown,0.0,4247,3983,Ben,Day
2024-05-04 00:49:00,T2,Breakdown,3.0,3011,2832,Ben,Night
2024-01-11 11:27:00,P1,Quality stop,1.0,4555,4131,Diya,Day
2024-08-16 03:45:00,L9,No issue,0.0,9635,8849,Diya,Night
2024-11-20 07:20:00,L9,PM,1.0,1165,1065,Diya,Day
2024-10-29 04:41:00,P1,Breakdown,0.0,6378,5555,Ben,Day
2024-09-14 03:47:00,L9,Changeover,0.0,5086,4797,Diya,Day
2024-01-13 13:29:00,P1,No issue,0.0,6336,5968,Evan,Day
2024-04-28 17:35:00,P1,Breakdown,1.0,11743,11093,Diya,Day
2024-09-11 21:57:00,P1,Changeover,2.0,5156,4929,Evan,Day
2024-02-12 08:51:00,L8,No issue,0.0,7557,7330,Asha,Night
2024-02-07 01:10:00,T1,No issue,0.0,11710,11516,Chen,Night
2024-07-22 19:54:00,L9,PM,1.0,1802,1578,Ben,Night
2024-02-18 16:43:00,L9,No issue,0.0,3663,3152,Unknown,Night
2024-05-23 02:10:00,L8,Changeover,3.0,10218,9853,Ben,Day
2024-09-11 01:48:00,T1,No issue,0.0,11991,11693,Evan,Day
2024-09-09 18:33:00,P1,PM,0.0,8500,7556,Asha,Day
2024-01-04 17:08:00,L9,Quality stop,0.0,5146,4764,Unknown,Day
2024-12-21 22:18:00,P1,No issue,0.0,10960,10639,Diya,Day
2024-03-17 18:23:00,T2,Quality stop,0.0,7102,6935,Asha,Day
2024-09-16 12:19:00,P1,Breakdown,1.0,5109,5031,Diya,Day
2024-04-08 02:26:00,L9,PM,0.0,8036,7009,Diya,Night
2024-08-22 04:49:00,T2,Quality stop,0.0,5190,5190,Asha,Day
2024-06-27 01:22:00,T1,Breakdown,1.0,507,465,Chen,Day
2024-06-09 04:34:00,T1,Breakdown,1.0,1432,1325,Ben,Day
2024-04-10 19:16:00,T1,No issue,0.0,11025,10286,Ben,Night
2024-01-11 16:01:00,T1,No issue,0.0,11758,11498,Asha,Night
2024-10-28 01:46:00,L9,No issue,0.0,3251,3025,Diya,Night
2024-07-05 03:04:00,P1,No issue,0.0,8567,7657,Asha,Day
2024-11-17 04:24:00,P1,Breakdown,0.0,10269,10071,Asha,Day
2024-04-30 02:54:00,P1,Changeover,0.0,2765,2710,Unknown,Night
2024-04-17 18:26:00,L8,No issue,0.0,5168,4931,Unknown,Day
2024-10-05 05:54:00,L8,Breakdown,0.0,3119,2911,Asha,Night
2024-02-22 10:28:00,L8,Quality stop,2.0,300,264,Asha,Night
2024-07-09 19:48:00,P1,Breakdown,0.0,6727,6674,Asha,Night
2024-07-07 11:40:00,L9,No issue,0.0,6330,5460,Chen,Day
2024-09-28 15:24:00,P1,Breakdown,1.0,8315,7506,Diya,Day
2024-02-23 08:48:00,T1,No issue,0.0,11489,10275,Diya,Day
2024-03-31 15:49:00,T1,Breakdown,0.0,6280,5783,Evan,Night
2024-05-20 02:58:00,T2,No issue,0.0,4106,3629,Ben,Night
2024-09-10 18:41:00,T2,Breakdown,1.0,3961,3540,Chen,Day
2024-06-05 21:35:00,P1,No issue,0.0,7726,6905,Diya,Night
2024-01-25 03:01:00,P1,No issue,0.0,3604,3072,Evan,Day
2024-08-03 07:49:00,L8,PM,0.0,7819,6944,Diya,Day
2024-11-09 18:41:00,T1,PM,0.0,5896,5157,Asha,Day
2024-01-26 02:29:00,L9,Quality stop,0.0,9204,7830,Diya,Day
2024-10-20 20:05:00,L9,Breakdown,0.0,7512,7109,Ben,Day
2024-08-07 01:57:00,T2,No issue,0.0,5865,5446,Chen,Day
2024-01-14 21:26:00,L8,Breakdown,3.0,8110,6929,Asha,Day
2024-12-07 12:08:00,T2,No issue,0.0,7784,7311,Asha,Night
2024-04-09 03:18:00,T1,Breakdown,0.0,1991,1931,Ben,Day
2024-12-05 10:09:00,T2,Changeover,0.0,11268,10477,Diya,Day
2024-07-24 07:09:00,T1,No issue,0.0,3666,3160,Asha,Day
2024-10-24 14:10:00,P1,Changeover,2.0,1787,1655,Chen,Day
2024-09-06 10:10:00,T1,Breakdown,0.0,6254,5380,Chen,Night
2024-10-08 18:54:00,P1,No issue,0.0,8315,7719,Diya,Night
2024-07-12 04:16:00,T2,Breakdown,2.0,6500,5687,Chen,Day
2024-07-24 20:57:00,T2,PM,0.0,9262,7920,Chen,Night
2024-09-09 20:12:00,L9,Breakdown,2.0,10014,9040,Ben,Day
2024-09-19 08:59:00,T1,PM,0.0,4586,4113,Evan,Day
2024-12-05 14:34:00,L8,Changeover,0.0,9195,8693,Chen,Day
2024-11-21 02:31:00,L8,No issue,0.0,10033,8897,Chen,Night
2024-01-31 04:42:00,T1,Breakdown,0.0,4080,3691,Ben,Night
2024-06-06 05:56:00,L8,No issue,0.0,7564,7360,Ben,Night
2024-03-22 14:46:00,L8,PM,1.0,10628,9502,Diya,Day
2024-09-17 15:43:00,L8,Breakdown,0.0,2333,2154,Ben,Night
2024-12-22 22:26:00,L8,No issue,0.0,9691,9406,Ben,Day
2024-08-13 09:57:00,L9,No issue,0.0,5711,5084,Diya,Night
2024-03-27 01:50:00,P1,Breakdown,0.0,11492,10962,Diya,Night
2024-05-10 05:39:00,T1,No issue,0.0,968,866,Ben,Day
2024-07-03 20:57:00,T1,No issue,0.0,4953,4783,Ben,Night
2024-05-10 17:42:00,T1,Breakdown,0.0,7274,6632,Chen,Day
2024-04-30 12:51:00,L9,Quality stop,1.0,2146,1824,Chen,Night
2024-05-25 06:13:00,T1,No issue,0.0,10868,9798,Diya,Day
2024-07-16 15:30:00,L9,No issue,0.0,9900,8902,Diya,Day
2024-09-12 18:03:00,T2,Quality stop,0.0,6554,5605,Asha,Day
2024-03-05 15:55:00,L8,Breakdown,1.0,4821,4202,Asha,Day
2024-12-08 23:15:00,P1,Breakdown,3.0,7742,7215,Diya,Night
2024-02-27 23:03:00,L9,No issue,0.0,7488,6930,Asha,Day
2024-12-13 14:21:00,T1,No issue,0.0,10566,10357,Diya,Night
2024-02-13 20:23:00,P1,No issue,0.0,6852,5982,Diya,Night
2024-03-26 02:21:00,L8,No issue,0.0,2169,1996,Asha,Day
2024-01-23 05:28:00,L8,No issue,0.0,7469,6919,Diya,Day
2024-09-19 20:10:00,T1,No issue,0.0,2029,1886,Asha,Day
2024-07-04 20:57:00,L8,Breakdown,0.0,6087,5209,Unknown,Day
2024-01-28 06:24:00,P1,No issue,0.0,6370,5544,Evan,Night
2024-04-16 15:14:00,P1,No issue,0.0,645,641,Ben,Night
2024-08-22 21:32:00,T1,No issue,0.0,2113,1995,Chen,Day
2024-09-07 06:59:00,T1,PM,1.0,11836,11235,Diya,Night
2024-12-14 03:57:00,T2,No issue,0.0,5954,5554,Ben,Day
2024-08-05 04:51:00,T1,No issue,0.0,4578,3956,Unknown,Day
2024-01-28 23:50:00,P1,Breakdown,1.0,8477,7585,Diya,Night
2024-12-23 00:03:00,L8,Breakdown,2.0,4788,4700,Chen,Night
2024-07-16 10:48:00,T2,No issue,0.0,2875,2835,Ben,Night
2024-07-12 17:40:00,T2,Breakdown,1.0,2952,2541,Ben,Night
2024-11-06 17:21:00,T2,No issue,0.0,11659,11039,Evan,Night
2024-10-05 08:36:00,T1,Quality stop,0.0,2925,2820,Asha,Day
2024-02-27 09:36:00,T2,Breakdown,1.0,7114,6526,Evan,Night
2024-03-27 00:10:00,T1,No issue,0.0,11558,9917,Chen,Night
2024-01-09 11:29:00,T2,No issue,0.0,5029,4732,Asha,Night
2024-09-06 10:57:00,T2,No issue,0.0,10597,10522,Diya,Night
2024-01-16 15:45:00,L8,No issue,0.0,8126,6926,Diya,Night
2024-04-29 00:05:00,P1,Breakdown,0.0,10750,10034,Diya,Day
2024-03-24 18:03:00,T2,Breakdown,0.0,2701,2559,Unknown,Night
2024-08-13 03:40:00,P1,Breakdown,0.0,9097,9080,Asha,Day
2024-11-22 10:10:00,L8,No issue,0.0,8733,8068,Ben,Night
2024-04-28 08:42:00,L8,Quality stop,1.0,9306,8396,Diya,Day
2024-05-03 10:13:00,P1,Breakdown,0.0,636,593,Ben,Day
2024-11-11 15:45:00,P1,PM,0.0,6598,5745,Asha,Day
2024-06-12 02:57:00,T1,Breakdown,4.0,6903,6528,Diya,Night
2024-07-29 01:22:00,P1,PM,0.0,10480,9470,Diya,Day
2024-05-12 00:53:00,L8,Breakdown,1.0,4032,3839,Ben,Night
2024-12-07 20:17:00,L8,PM,1.0,1769,1761,Ben,Day
2024-05-21 16:02:00,L8,Breakdown,2.0,8227,7645,Asha,Day
2024-11-27 11:40:00,L9,Quality stop,0.0,5336,4939,Ben,Day
2024-04-01 07:28:00,T2,Quality stop,1.0,3867,3789,Chen,Night
2024-10-26 11:03:00,L9,PM,0.0,5649,4848,Unknown,Night
2024-05-29 17:01:00,T2,Changeover,1.0,10060,9086,Evan,Night
2024-06-08 13:20:00,P1,Breakdown,0.0,1308,1278,Evan,Night
2024-03-23 17:47:00,L8,No issue,0.0,578,568,Diya,Day
2024-04-06 02:36:00,P1,No issue,0.0,5621,5614,Ben,Day
2024-09-26 20:29:00,T1,PM,1.0,10905,9784,Asha,Day
2024-07-02 19:27:00,P1,PM,4.0,609,573,Chen,Day
2024-04-02 14:39:00,T2,Breakdown,0.0,10164,8773,Chen,Night
2024-06-19 08:15:00,L9,No issue,0.0,11364,10897,Diya,Night
2024-03-10 05:32:00,T1,Quality stop,1.0,4998,4646,Asha,Day
2024-07-14 21:10:00,L8,No issue,0.0,9802,9776,Evan,Day
2024-06-07 07:54:00,L8,PM,0.0,2462,2360,Asha,Day
2024-06-30 18:34:00,T1,PM,3.0,11726,10156,Ben,Night
2024-02-29 00:22:00,T1,Quality stop,0.0,5689,5265,Asha,Night
2024-06-10 11:34:00,T2,No issue,0.0,7016,6426,Asha,Day
2024-12-04 18:04:00,L8,No issue,0.0,3352,3327,Asha,Night
2024-03-16 22:48:00,T1,No issue,0.0,11251,10950,Chen,Day
2024-10-01 05:50:00,T2,Breakdown,1.0,127,117,Diya,Day
2024-06-04 06:41:00,P1,Changeover,1.0,5931,5048,Ben,Night
2024-06-05 15:04:00,L8,No issue,0.0,5393,4715,Ben,Day
2024-07-28 03:17:00,T2,PM,1.0,3023,2740,Asha,Night
2024-09-18 04:38:00,T1,Breakdown,0.0,4,3,Diya,Day
2024-04-26 05:21:00,T2,Breakdown,1.0,1227,1072,Diya,Day
2024-02-29 07:39:00,L8,Breakdown,1.0,10517,10151,Chen,Night
2024-06-12 08:14:00,L9,Breakdown,4.0,8812,7649,Chen,Day
2024-07-29 23:48:00,T2,Breakdown,0.0,1842,1686,Evan,Day
2024-01-21 11:23:00,P1,PM,2.0,1864,1598,Chen,Day
2024-02-21 11:15:00,T1,Breakdown,0.0,4829,4502,Diya,Night
2024-07-17 16:01:00,P1,Quality stop,2.0,11327,10321,Asha,Day
2024-10-01 22:43:00,P1,Quality stop,1.0,1407,1406,Asha,Night
2024-01-23 10:09:00,P1,Quality stop,0.0,4048,3571,Evan,Day
2024-11-04 08:43:00,T1,Changeover,0.0,8714,8236,Ben,Night
2024-08-18 22:28:00,L8,Breakdown,1.0,917,913,Ben,Day
2024-04-19 04:30:00,L8,Breakdown,0.0,782,666,Unknown,Night
2024-09-11 05:40:00,T1,No issue,0.0,8727,8253,Diya,Day
2024-08-29 00:03:00,L9,Breakdown,0.0,5897,5754,Chen,Night
2024-10-07 15:20:00,L9,No issue,0.0,9611,8769,Chen,Night
2024-10-20 22:31:00,L9,Quality stop,0.0,28,26,Diya,Day
2024-07-05 19:45:00,L9,PM,2.0,5272,4746,Ben,Night
2024-11-26 01:37:00,L9,No issue,0.0,9495,9435,Asha,Day
2024-02-04 11:57:00,P1,No issue,0.0,2369,2362,Evan,Day
2024-06-12 08:34:00,T2,No issue,0.0,8301,7945,Asha,Night
2024-03-27 21:43:00,T2,Changeover,0.0,1352,1159,Evan,Day
2024-06-01 10:39:00,T1,PM,2.0,6152,5678,Ben,Day
2024-06-23 10:10:00,L8,PM,4.0,11031,10850,Evan,Day
2024-01-19 03:26:00,L8,PM,4.0,654,623,Ben,Day
2024-11-03 14:44:00,P1,No issue,0.0,6786,6181,Evan,Day
2024-07-15 10:44:00,L9,No issue,0.0,9556,9048,Chen,Night
2024-09-26 06:37:00,P1,Changeover,2.0,9170,7963,Asha,Day
2024-02-02 03:41:00,T1,Breakdown,1.0,6589,6483,Asha,Night
2024-05-22 09:41:00,T2,No issue,0.0,6173,5458,Ben,Day
2024-11-19 04:55:00,T2,No issue,0.0,5415,4638,Chen,Night
2024-06-29 16:54:00,P1,No issue,0.0,833,710,Unknown,Day
2024-12-06 10:49:00,L9,Changeover,2.0,10625,10025,Asha,Day
2024-05-05 00:19:00,P1,Breakdown,0.0,5441,4885,Asha,Night
2024-05-27 04:09:00,L9,PM,1.0,10720,9318,Diya,Night
2024-11-19 07:30:00,L9,No issue,0.0,3046,2637,Diya,Day
2024-02-16 18:06:00,T2,No issue,0.0,5226,4556,Ben,Day
2024-02-24 23:33:00,T2,PM,2.0,2423,2205,Unknown,Day
2024-04-16 11:58:00,T1,Changeover,0.0,62,58,Chen,Night
2024-05-30 07:10:00,P1,Breakdown,0.0,5862,5140,Ben,Night
2024-05-25 04:52:00,P1,No issue,0.0,4431,4013,Evan,Night
2024-09-09 00:49:00,T2,No issue,0.0,8765,7646,Asha,Night
2024-09-25 17:51:00,T1,PM,0.0,1669,1467,Evan,Night
2024-09-25 13:40:00,L8,No issue,0.0,8886,7844,Asha,Day
2024-01-23 11:40:00,L8,PM,1.0,9104,9038,Asha,Night
2024-01-08 11:28:00,P1,Changeover,0.0,7493,7293,Evan,Day
2024-08-26 03:42:00,L9,PM,0.0,7947,6760,Evan,Day
2024-04-14 23:15:00,L8,Changeover,1.0,4016,3604,Chen,Night
2024-05-09 14:07:00,T1,No issue,0.0,8844,8202,Asha,Night
2024-10-08 17:30:00,L9,Breakdown,0.0,7573,7535,Diya,Night
2024-03-27 20:34:00,P1,Breakdown,0.0,9652,8690,Asha,Day
2024-02-06 15:29:00,T2,PM,1.0,2832,2788,Asha,Night
2024-11-05 02:38:00,L9,Changeover,0.0,5828,5819,Asha,Night
2024-03-01 00:14:00,T1,No issue,0.0,10335,10192,Asha,Day
2024-02-01 14:15:00,P1,No issue,0.0,7364,6456,Ben,Day
2024-12-29 03:23:00,P1,No issue,0.0,6097,5850,Ben,Day
2024-07-10 00:10:00,L8,Breakdown,4.0,10306,9676,Evan,Day
2024-04-17 04:35:00,L9,No issue,0.0,3086,2878,Unknown,Night
2024-09-15 18:49:00,T1,No issue,0.0,5906,5896,Chen,Day
2024-02-27 04:37:00,T1,No issue,0.0,10419,10236,Diya,Day
2024-05-11 18:50:00,T1,No issue,0.0,4958,4322,Ben,Day
2024-03-10 15:07:00,P1,No issue,0.0,2776,2477,Chen,Night
2024-12-05 05:08:00,P1,No issue,0.0,7789,6625,Ben,Night
2024-05-16 18:44:00,T2,No issue,0.0,3279,2879,Chen,Day
2024-06-08 19:13:00,P1,PM,0.0,5224,5026,Evan,Night
2024-04-30 17:49:00,T1,No issue,0.0,8488,7587,Chen,Day
2024-02-13 03:37:00,P1,Quality stop,0.0,4202,3615,Unknown,Day
2024-09-12 05:50:00,P1,Quality stop,0.0,1226,1104,Diya,Day
2024-09-12 15:00:00,T2,No issue,0.0,2370,2113,Diya,Day
2024-11-08 05:25:00,T2,No issue,0.0,11103,10769,Diya,Night
2024-04-23 03:18:00,L9,Breakdown,0.0,7518,6892,Chen,Day
2024-02-13 18:08:00,L8,No issue,0.0,863,846,Chen,Night
2024-01-05 15:15:00,T2,PM,1.0,7781,7709,Diya,Night
2024-11-14 05:34:00,P1,Quality stop,0.0,6360,5879,Asha,Day
2024-02-26 19:48:00,L8,No issue,0.0,4359,4256,Chen,Day
2024-12-02 09:33:00,L8,Changeover,3.0,8935,8700,Chen,Night
2024-02-11 06:57:00,L8,No issue,0.0,673,596,Asha,Night
2024-02-17 23:08:00,L8,No issue,0.0,11185,10908,Diya,Day
2024-10-12 08:23:00,P1,Breakdown,4.0,10211,8986,Ben,Night
2024-08-20 12:02:00,P1,Breakdown,0.0,11723,11563,Chen,Night
2024-04-13 01:45:00,P1,Breakdown,0.0,10781,9723,Evan,Day
2024-05-24 09:35:00,T2,Quality stop,4.0,7194,7027,Ben,Day
2024-08-30 00:00:00,L9,No issue,0.0,3045,2997,Ben,Day
2024-08-30 16:53:00,T2,Breakdown,0.0,7335,6667,Chen,Night
2024-09-11 13:52:00,T1,No issue,0.0,6283,6118,Ben,Day
2024-05-07 02:51:00,P1,No issue,0.0,10923,10132,Evan,Day
2024-09-07 06:45:00,T2,PM,1.0,6321,6234,Diya,Day
2024-07-27 18:05:00,L8,PM,0.0,8920,8425,Diya,Night
2024-12-19 23:22:00,P1,PM,0.0,2305,2129,Chen,Day
2024-01-18 01:05:00,T1,No issue,0.0,1557,1539,Asha,Day
2024-07-27 03:52:00,L8,No issue,0.0,1484,1402,Asha,Day
2024-05-24 05:26:00,T1,PM,0.0,9882,8702,Diya,Day
2024-12-23 07:16:00,L9,PM,0.0,10283,9766,Asha,Day
2024-08-14 19:04:00,P1,PM,0.0,9264,9227,Ben,Day
2024-07-13 19:17:00,T1,Quality stop,1.0,5491,5365,Ben,Night
2024-04-05 19:48:00,T2,Breakdown,1.0,6385,6351,Diya,Day
2024-05-02 06:34:00,L8,Quality stop,2.0,5186,4862,Asha,Night
2024-07-15 06:38:00,L9,Breakdown,2.0,11811,10914,Ben,Day
2024-04-24 13:32:00,T2,Breakdown,0.0,11822,11523,Ben,Night
2024-02-09 18:42:00,T1,Breakdown,0.0,2280,2171,Asha,Day
2024-04-01 09:03:00,T2,Breakdown,0.0,923,803,Ben,Day
2024-10-19 17:23:00,L9,Quality stop,0.0,10826,9448,Ben,Day
2024-07-07 14:53:00,T2,Breakdown,4.0,8301,7512,Evan,Day
2024-03-22 00:38:00,T2,No issue,0.0,8090,7664,Diya,Night
2024-08-09 22:29:00,P1,No issue,0.0,10371,9800,Ben,Day
2024-11-08 06:38:00,L9,No issue,0.0,7541,6988,Ben,Day
2024-01-18 04:40:00,L8,Quality stop,1.0,5420,5343,Evan,Day
2024-11-01 06:53:00,P1,PM,4.0,2256,2191,Asha,Night
2024-08-03 19:32:00,P1,No issue,0.0,9505,8113,Chen,Day
2024-05-23 01:42:00,L9,No issue,0.0,3831,3668,Ben,Night
2024-10-20 09:17:00,T1,No issue,0.0,9275,9149,Asha,Night
2024-07-07 02:31:00,T1,Changeover,1.0,3232,3011,Asha,Day
2024-08-01 13:04:00,T2,Changeover,2.0,5317,4697,Asha,Night
2024-03-25 23:15:00,T2,PM,1.0,3751,3375,Evan,Night
2024-06-12 03:10:00,T2,No issue,0.0,2525,2165,Chen,Day
2024-01-30 14:35:00,L8,No issue,0.0,8276,7236,Unknown,Night
2024-01-18 08:54:00,L8,No issue,0.0,6255,5581,Evan,Day
2024-08-24 07:08:00,L8,Breakdown,4.0,3850,3285,Asha,Night
2024-12-16 09:02:00,T1,PM,3.0,4961,4676,Ben,Night
2024-08-07 10:03:00,T1,Breakdown,0.0,8095,7784,Chen,Night
2024-11-13 22:35:00,T1,Quality stop,2.0,1259,1112,Evan,Night
2024-05-16 22:24:00,L8,No issue,0.0,3207,2988,Ben,Day
2024-06-12 00:09:00,L9,Changeover,1.0,956,840,Chen,Day
2024-06-12 19:12:00,L9,Changeover,2.0,1035,888,Ben,Day
2024-08-31 17:26:00,L8,No issue,0.0,9341,8161,Asha,Day
2024-08-21 14:56:00,L8,Breakdown,1.0,3338,3158,Ben,Night
2024-05-13 13:53:00,L9,No issue,0.0,905,821,Asha,Night
2024-03-25 07:43:00,P1,Breakdown,0.0,10302,9450,Unknown,Day
2024-02-11 12:10:00,T1,PM,4.0,8328,7921,Chen,Day
2024-12-18 06:27:00,L8,Quality stop,1.0,4759,4103,Ben,Day
2024-05-17 01:28:00,P1,Breakdown,1.0,8747,8178,Evan,Night
2024-12-10 01:48:00,L8,No issue,0.0,3442,3027,Unknown,Night
2024-05-16 08:44:00,T2,Quality stop,0.0,4355,3736,Ben,Day
2024-05-15 23:53:00,L9,Breakdown,0.0,1906,1751,Unknown,Day
2024-09-30 16:41:00,P1,Quality stop,2.0,754,738,Diya,Day
2024-06-21 21:50:00,L9,Changeover,2.0,8120,7696,Asha,Day
2024-06-08 17:01:00,L9,PM,2.0,7460,6509,Diya,Night
2024-03-01 18:19:00,L9,Breakdown,0.0,3736,3298,Diya,Night
2024-06-09 03:58:00,L8,No issue,0.0,597,544,Asha,Night
2024-09-25 01:15:00,L8,Breakdown,0.0,9539,8114,Evan,Night
2024-09-26 01:21:00,T1,Breakdown,1.0,6564,6514,Chen,Night
2024-10-01 21:57:00,T2,Breakdown,0.0,11774,11770,Evan,Day
2024-11-25 18:37:00,L9,Breakdown,1.0,6588,6134,Chen,Night
2024-11-16 09:03:00,L9,Changeover,0.0,3407,3312,Evan,Day
2024-02-14 02:15:00,P1,No issue,0.0,2342,2015,Evan,Night
2024-03-12 19:12:00,T1,No issue,0.0,2297,1967,Ben,Day
2024-08-25 00:21:00,T1,No issue,0.0,11645,10089,Asha,Day
2024-07-28 08:47:00,P1,Changeover,2.0,5939,5295,Ben,Day
2024-10-11 17:28:00,T1,Quality stop,0.0,8691,8203,Asha,Day
2024-04-14 22:38:00,L9,No issue,0.0,156,152,Evan,Day
2024-07-02 07:08:00,T2,PM,2.0,10414,9204,Asha,Day
2024-10-05 17:26:00,P1,Breakdown,1.0,6715,6013,Ben,Day
2024-10-11 04:15:00,T1,No issue,0.0,1509,1293,Diya,Day
2024-01-11 07:32:00,T2,No issue,0.0,7488,7179,Ben,Day
2024-01-01 01:51:00,L8,No issue,0.0,10318,9350,Evan,Night
2024-05-01 12:15:00,L8,Breakdown,1.0,3914,3506,Diya,Day
2024-06-08 09:53:00,P1,No issue,0.0,9147,8889,Chen,Day
2024-03-28 09:55:00,L8,PM,0.0,4639,4200,Chen,Night
2024-03-20 04:44:00,T2,Breakdown,0.0,11851,10495,Diya,Day
2024-02-03 16:07:00,T2,No issue,0.0,9976,9554,Evan,Day
2024-12-03 09:35:00,P1,Breakdown,2.0,9802,9501,Chen,Day
2024-07-15 07:03:00,P1,Quality stop,0.0,5754,5101,Asha,Day
2024-06-30 09:18:00,T1,Changeover,0.0,8184,7009,Chen,Day
2024-05-05 22:05:00,L9,No issue,0.0,11721,11006,Asha,Night
2024-12-21 14:18:00,T1,PM,1.0,11756,11617,Chen,Night
2024-06-27 09:32:00,L9,Changeover,0.0,9038,8836,Asha,Day
2024-01-05 00:00:00,L8,Breakdown,1.0,3089,2828,Chen,Day
2024-11-18 06:33:00,P1,Breakdown,1.0,11634,11391,Asha,Day
2024-04-18 22:28:00,T1,Changeover,1.0,3663,3186,Chen,Day
2024-06-22 20:39:00,L9,Breakdown,1.0,10,9,Asha,Day
2024-11-26 16:48:00,T1,Breakdown,1.0,1420,1302,Ben,Day
2024-12-05 05:08:00,P1,No issue,0.0,10824,9251,Diya,Night
2024-12-23 20:53:00,P1,Quality stop,1.0,8280,7963,Evan,Day
2024-11-15 10:18:00,L9,No issue,0.0,2118,2081,Asha,Night
2024-12-08 00:54:00,T2,Changeover,1.0,7376,6916,Diya,Night
2024-04-04 10:05:00,T1,No issue,0.0,7599,6783,Evan,Night
2024-10-05 19:54:00,L9,No issue,0.0,3427,3347,Asha,Night
2024-03-25 18:20:00,P1,Changeover,0.0,4828,4701,Chen,Day
2024-04-08 04:45:00,L9,Quality stop,0.0,7879,7313,Diya,Day
2024-04-03 17:34:00,P1,No issue,0.0,8426,7298,Diya,Day
2024-05-14 03:44:00,L8,Quality stop,4.0,7704,6890,Ben,Day
2024-06-14 20:12:00,P1,Quality stop,1.0,3968,3626,Ben,Night
2024-08-11 18:30:00,T1,No issue,0.0,2264,2119,Ben,Day
2024-02-19 14:39:00,T2,Breakdown,1.0,11379,10936,Asha,Night
2024-04-06 12:05:00,L8,No issue,0.0,11161,10304,Evan,Night
2024-11-01 05:40:00,L9,No issue,0.0,8621,7539,Chen,Day
2024-09-20 04:41:00,L9,Changeover,1.0,7025,6835,Ben,Night
2024-06-11 23:58:00,T2,No issue,0.0,11498,11001,Chen,Day
2024-07-27 12:48:00,L9,No issue,0.0,4038,3639,Chen,Night
2024-02-20 20:24:00,T1,Breakdown,1.0,3879,3763,Diya,Day
2024-08-23 19:47:00,L8,Breakdown,1.0,558,516,Diya,Night
2024-07-29 15:22:00,T2,Breakdown,2.0,10200,9120,Asha,Day
2024-12-29 00:26:00,P1,No issue,0.0,4429,4126,Asha,Night
2024-08-02 07:07:00,T1,Breakdown,1.0,3692,3654,Diya,Night
2024-12-07 21:29:00,T1,Quality stop,1.0,4173,3555,Diya,Day
2024-08-13 16:51:00,L8,Quality stop,0.0,6509,5818,Asha,Night
2024-06-22 21:14:00,T2,Quality stop,3.0,578,533,Chen,Day
2024-09-07 22:18:00,L8,Changeover,0.0,2818,2660,Diya,Night
2024-04-21 16:12:00,T2,PM,1.0,3426,3146,Chen,Day
2024-07-14 09:59:00,L9,Breakdown,3.0,4405,4395,Ben,Day
2024-09-08 07:57:00,T2,Breakdown,3.0,882,793,Diya,Day
2024-04-22 04:00:00,T2,No issue,0.0,11232,10068,Diya,Day
2024-10-06 05:45:00,T2,No issue,0.0,9804,9201,Chen,Day
2024-05-17 16:43:00,T2,No issue,0.0,4085,3956,Chen,Night
2024-12-30 13:45:00,L9,Breakdown,1.0,76,70,Diya,Night
2024-06-05 18:11:00,L8,No issue,0.0,10558,10505,Asha,Night
2024-08-28 08:15:00,P1,Breakdown,0.0,6372,5523,Chen,Day
2024-11-27 21:24:00,P1,PM,1.0,2780,2622,Evan,Day
2024-12-05 03:11:00,L9,Quality stop,1.0,11936,10701,Diya,Day
2024-02-03 10:20:00,P1,Breakdown,4.0,3737,3352,Unknown,Day
2024-05-15 10:08:00,P1,No issue,0.0,11761,11134,Chen,Night
2024-08-12 01:07:00,T1,PM,1.0,5558,5386,Unknown,Day
2024-10-27 07:17:00,T1,Changeover,2.0,6352,5459,Diya,Night
2024-01-24 03:33:00,P1,Breakdown,2.0,5086,4960,Ben,Day
2024-11-22 12:30:00,L9,No issue,0.0,7040,6144,Evan,Day
2024-06-22 03:45:00,L8,Changeover,1.0,1133,974,Asha,Day
2024-02-28 07:17:00,T2,Changeover,0.0,5877,5463,Ben,Day
2024-04-14 03:46:00,L8,Breakdown,0.0,7768,7693,Asha,Day
2024-10-20 07:00:00,P1,Quality stop,1.0,5571,4793,Evan,Night
2024-07-30 06:50:00,T2,Breakdown,0.0,8038,7856,Chen,Night
2024-10-21 14:07:00,T1,Breakdown,0.0,6176,5663,Ben,Day
2024-05-18 06:38:00,T2,PM,2.0,9618,8454,Asha,Day
2024-03-19 10:55:00,L8,Breakdown,2.0,2105,2034,Evan,Day
2024-03-13 07:53:00,L8,PM,1.0,7480,6435,Chen,Night
2024-04-23 07:46:00,L9,Changeover,1.0,4978,4835,Chen,Night
2024-02-26 02:28:00,L8,Breakdown,1.0,5815,5280,Asha,Night
2024-04-28 10:19:00,T1,No issue,0.0,7756,6746,Ben,Day
2024-07-30 12:17:00,P1,Breakdown,1.0,1575,1378,Asha,Day
2024-11-24 01:35:00,T2,Breakdown,0.0,4584,4516,Asha,Day
2024-05-02 00:36:00,L8,No issue,0.0,6679,6564,Diya,Day
2024-09-26 17:37:00,P1,Breakdown,0.0,3252,2801,Evan,Night
2024-05-08 02:39:00,L9,Breakdown,0.0,5246,5183,Diya,Night
2024-05-17 10:47:00,P1,No issue,0.0,7275,6834,Ben,Night
2024-03-30 10:35:00,L9,Breakdown,1.0,804,799,Asha,Night
2024-12-21 18:56:00,L8,Breakdown,2.0,9673,8382,Asha,Day
2024-12-18 15:28:00,L9,No issue,0.0,252,247,Unknown,Day
2024-02-17 04:56:00,L9,Changeover,0.0,7269,6495,Asha,Day
2024-03-16 01:45:00,L8,Changeover,1.0,2841,2475,Asha,Day
2024-02-08 21:15:00,P1,PM,2.0,11825,11435,Unknown,Day
2024-10-13 19:56:00,L9,No issue,0.0,9102,8334,Ben,Night
2024-03-05 06:13:00,T1,PM,0.0,678,663,Asha,Day
2024-09-15 06:37:00,L9,Breakdown,0.0,11028,10223,Chen,Day
2024-06-03 01:11:00,T2,PM,1.0,9547,9104,Ben,Day
2024-11-10 00:41:00,T1,Breakdown,4.0,333,319,Evan,Night
2024-09-22 07:43:00,T2,PM,1.0,4926,4533,Ben,Day
2024-10-23 22:26:00,P1,Changeover,0.0,428,392,Asha,Day
2024-08-28 07:59:00,T1,Quality stop,1.0,2355,2310,Asha,Night
2024-08-17 20:31:00,T1,Changeover,2.0,8772,7937,Chen,Night
2024-11-26 17:02:00,P1,Breakdown,0.0,6135,5547,Diya,Day
2024-07-10 05:08:00,L8,No issue,0.0,3826,3542,Evan,Day
2024-02-20 04:30:00,P1,No issue,0.0,4440,4392,Ben,Night
2024-10-16 21:42:00,L8,No issue,0.0,6685,6470,Diya,Day
2024-09-20 18:25:00,T1,No issue,0.0,6954,6423,Chen,Day
2024-09-28 21:19:00,P1,Quality stop,4.0,7542,7142,Chen,Night
2024-09-06 21:30:00,L9,No issue,0.0,11846,10424,Asha,Night
2024-11-14 21:30:00,T1,No issue,0.0,4198,3947,Diya,Day
2024-01-24 08:47:00,L9,No issue,0.0,10840,10350,Ben,Night
2024-08-01 11:50:00,T2,No issue,0.0,2794,2790,Chen,Day
2024-06-30 05:18:00,L8,No issue,0.0,2176,2061,Chen,Day
2024-03-04 05:59:00,T2,Breakdown,1.0,5092,4789,Evan,Day
2024-06-14 18:56:00,L8,Quality stop,4.0,3014,3005,Ben,Day
2024-04-10 21:32:00,L9,Breakdown,0.0,8330,8116,Diya,Day
2024-07-13 13:24:00,L9,Breakdown,0.0,8562,7517,Diya,Day
2024-11-15 19:26:00,L9,No issue,0.0,35,31,Unknown,Day
2024-06-09 20:35:00,L9,Quality stop,1.0,7757,7476,Asha,Night
2024-07-03 03:50:00,P1,Breakdown,4.0,7575,6586,Diya,Night
2024-04-11 04:55:00,L8,No issue,0.0,6765,6026,Diya,Night
2024-03-26 06:33:00,P1,Breakdown,2.0,43,39,Chen,Day
2024-02-28 22:41:00,L8,No issue,0.0,2813,2716,Evan,Night
2024-09-04 21:13:00,L9,No issue,0.0,3903,3758,Chen,Day
2024-04-16 11:40:00,P1,Quality stop,0.0,8603,8548,Evan,Night
2024-07-01 07:55:00,L8,PM,2.0,4357,4249,Evan,Day
2024-03-26 00:07:00,T2,Breakdown,2.0,8246,8045,Ben,Night
2024-09-22 22:18:00,L9,Quality stop,1.0,1491,1452,Evan,Day
2024-04-29 05:42:00,L9,No issue,0.0,3833,3367,Diya,Day
2024-02-26 22:49:00,T2,No issue,0.0,614,544,Asha,Day
2024-05-23 09:04:00,P1,No issue,0.0,6402,5907,Diya,Day
2024-07-16 22:08:00,L9,Breakdown,1.0,11626,11122,Diya,Day
2024-10-12 23:40:00,L8,Breakdown,3.0,8962,8509,Chen,Day
2024-02-04 06:25:00,T1,No issue,0.0,1547,1530,Chen,Night
2024-10-15 01:23:00,L9,Quality stop,0.0,5940,5273,Asha,Night
2024-12-23 16:01:00,L9,Breakdown,0.0,8433,8133,Evan,Day
2024-07-09 15:02:00,T1,Breakdown,0.0,735,626,Chen,Day
2024-12-01 06:05:00,T1,No issue,0.0,3545,3526,Chen,Night
2024-08-16 23:57:00,L8,Breakdown,0.0,6106,6086,Ben,Night
2024-08-10 21:30:00,T1,No issue,0.0,10005,9695,Chen,Day
2024-06-02 18:52:00,P1,No issue,0.0,8291,8235,Asha,Day
2024-02-21 06:14:00,T2,Quality stop,1.0,582,511,Chen,Day
2024-03-14 03:34:00,T1,PM,2.0,8406,7597,Diya,Day
2024-10-07 08:41:00,T2,PM,0.0,9037,7864,Chen,Day
2024-08-29 22:27:00,T2,PM,1.0,7855,7717,Asha,Day
2024-05-30 15:57:00,P1,PM,0.0,4973,4596,Diya,Night
2024-02-09 11:19:00,L8,Breakdown,3.0,5726,5497,Ben,Day
2024-08-03 02:35:00,L8,No issue,0.0,11062,10810,Asha,Day
2024-11-20 18:14:00,T1,Changeover,0.0,3269,3097,Ben,Day
2024-11-24 19:12:00,T1,Breakdown,2.0,5277,5268,Evan,Night
2024-05-18 15:20:00,L8,Changeover,1.0,1843,1640,Diya,Day
2024-07-23 05:21:00,L9,PM,4.0,5868,4992,Asha,Day
2024-12-27 11:56:00,P1,No issue,0.0,5828,5682,Chen,Day
2024-05-31 23:44:00,T1,PM,2.0,10475,9224,Chen,Day
2024-03-22 10:22:00,T2,No issue,0.0,11248,10373,Ben,Day
2024-12-16 02:10:00,L9,Breakdown,0.0,6595,6169,Evan,Night
2024-10-04 15:09:00,P1,No issue,0.0,7356,6936,Asha,Day
2024-06-02 16:10:00,P1,Breakdown,1.0,7564,7259,Chen,Night
2024-08-21 21:18:00,T2,Changeover,4.0,4521,4289,Asha,Day
2024-11-09 12:35:00,L8,Changeover,0.0,11405,11290,Asha,Day
2024-02-18 22:36:00,L8,Changeover,4.0,8788,8065,Evan,Day
2024-04-20 01:53:00,L9,Breakdown,1.0,2305,2108,Chen,Night
2024-10-18 22:57:00,L8,Quality stop,4.0,9335,9068,Evan,Night
2024-08-04 12:13:00,P1,Changeover,1.0,5476,5054,Unknown,Day
2024-02-21 05:21:00,T1,No issue,0.0,11927,10870,Ben,Night
2024-06-30 11:01:00,T2,Quality stop,0.0,3901,3582,Diya,Day
2024-05-09 09:37:00,L8,Breakdown,0.0,3131,2960,Chen,Night
2024-01-03 18:51:00,L8,No issue,0.0,10418,10045,Asha,Day
2024-09-13 05:01:00,T1,Changeover,0.0,5288,4706,Ben,Day
2024-03-19 10:14:00,L8,Breakdown,4.0,2748,2580,Evan,Day
2024-12-27 23:05:00,T2,No issue,0.0,4109,3622,Unknown,Day
2024-06-05 22:19:00,T1,Breakdown,1.0,9591,8154,Diya,Day
2024-08-08 19:20:00,L9,Breakdown,1.0,6721,6499,Asha,Night
2024-01-28 12:42:00,L9,PM,1.0,11926,11115,Ben,Night
2024-03-04 08:17:00,L9,Breakdown,0.0,9735,9357,Chen,Day
2024-06-13 11:32:00,L9,No issue,0.0,6336,5721,Chen,Day
2024-08-25 14:25:00,L8,No issue,0.0,3453,3034,Ben,Night
2024-05-16 22:50:00,T2,No issue,0.0,2428,2247,Ben,Day
2024-09-02 15:55:00,T2,No issue,0.0,4037,3506,Chen,Night
2024-04-01 05:52:00,L8,Breakdown,2.0,23,20,Diya,Night
2024-07-06 07:29:00,L8,PM,0.0,7473,7236,Unknown,Day
2024-06-15 08:04:00,L9,Quality stop,1.0,7786,7498,Chen,Day
2024-07-07 07:09:00,T2,No issue,0.0,10126,9350,Chen,Night
2024-01-11 12:02:00,L8,Changeover,1.0,8731,8203,Diya,Day
2024-12-16 13:29:00,P1,Changeover,4.0,5061,5029,Ben,Day
2024-02-12 09:49:00,P1,PM,0.0,10628,10597,Ben,Night
2024-05-07 03:33:00,P1,No issue,0.0,7439,7085,Ben,Day
2024-10-11 04:18:00,T2,No issue,0.0,10577,9483,Chen,Night
2024-08-13 05:29:00,L8,Breakdown,3.0,7111,6340,Ben,Day
2024-04-26 21:34:00,P1,Changeover,0.0,8707,8707,Chen,Day
2024-12-17 19:15:00,T1,Changeover,1.0,10930,9798,Ben,Night
2024-03-28 10:24:00,P1,PM,0.0,11007,10746,Diya,Day
2024-05-16 02:18:00,P1,PM,1.0,9973,9568,Ben,Day
2024-04-02 04:37:00,T2,Breakdown,1.0,3426,3312,Evan,Day
2024-01-21 17:09:00,L8,PM,1.0,2045,2012,Chen,Day
2024-04-27 06:08:00,L9,Breakdown,1.0,1671,1491,Unknown,Day
2024-10-16 02:00:00,T2,No issue,0.0,5965,5951,Asha,Day
2024-06-13 23:50:00,T1,Quality stop,2.0,11702,11581,Ben,Day
2024-10-13 05:45:00,P1,Breakdown,1.0,8592,7612,Asha,Day
2024-12-17 20:23:00,P1,Quality stop,2.0,2033,1917,Asha,Night
2024-06-27 14:37:00,L9,No issue,0.0,6021,5916,Chen,Day
2024-09-28 08:10:00,T1,Breakdown,0.0,7258,6839,Asha,Day
2024-09-01 13:05:00,T1,PM,0.0,11028,10224,Asha,Day
2024-09-23 04:18:00,L9,Quality stop,1.0,3667,3199,Diya,Day
2024-08-14 21:55:00,T2,No issue,0.0,6027,5572,Chen,Day
2024-03-16 09:39:00,L8,Quality stop,0.0,1951,1897,Diya,Day
2024-04-18 03:54:00,L8,Breakdown,2.0,7195,7043,Ben,Night
2024-10-07 03:31:00,L9,Breakdown,0.0,3824,3309,Ben,Night
2024-03-25 15:48:00,L8,No issue,0.0,5245,5146,Evan,Night
2024-12-14 06:43:00,T2,Quality stop,2.0,4182,3613,Evan,Day
2024-01-15 18:00:00,T1,PM,0.0,2405,2144,Diya,Day
2024-05-09 10:44:00,T2,Breakdown,0.0,3811,3544,Diya,Day
2024-06-15 03:01:00,T1,No issue,0.0,7414,7305,Chen,Day
2024-04-28 05:12:00,P1,No issue,0.0,10089,9221,Evan,Day
2024-09-26 00:38:00,P1,No issue,0.0,7277,6194,Chen,Night
2024-09-07 09:33:00,P1,Breakdown,0.0,9558,9327,Unknown,Day
2024-05-10 04:20:00,L8,PM,3.0,4690,4060,Ben,Day
2024-06-09 04:45:00,T1,Quality stop,0.0,7249,7032,Evan,Night
2024-04-29 22:09:00,T2,PM,0.0,2511,2179,Asha,Day
2024-06-10 13:12:00,T2,Quality stop,1.0,2911,2587,Ben,Night
2024-03-04 20:16:00,L9,No issue,0.0,9055,8782,Asha,Day
2024-12-29 09:43:00,P1,No issue,0.0,8924,8317,Ben,Day
2024-08-18 08:48:00,L8,Quality stop,4.0,3788,3263,Ben,Day
2024-07-22 21:24:00,P1,Breakdown,1.0,4989,4906,Evan,Night
2024-10-16 09:40:00,L8,Breakdown,1.0,496,468,Asha,Day
2024-06-08 21:05:00,L8,Breakdown,4.0,3855,3536,Diya,Night
2024-09-29 16:38:00,T2,No issue,0.0,8400,7793,Ben,Day
2024-12-21 16:30:00,L9,No issue,0.0,3732,3555,Diya,Day
2024-11-11 09:07:00,L9,No issue,0.0,2764,2640,Evan,Night
2024-11-12 21:36:00,L8,Changeover,0.0,2557,2203,Asha,Day
2024-11-10 09:09:00,P1,No issue,0.0,2231,2056,Diya,Day
2024-05-30 04:33:00,P1,Breakdown,0.0,9884,9366,Chen,Day
2024-10-14 11:08:00,T2,Changeover,1.0,1609,1556,Ben,Day
2024-12-28 22:45:00,L8,No issue,0.0,10467,9404,Diya,Night
2024-10-23 12:39:00,T1,PM,1.0,575,573,Asha,Night
2024-06-13 22:38:00,L8,Breakdown,0.0,1439,1415,Unknown,Night
2024-06-30 07:06:00,P1,No issue,0.0,4259,3960,Chen,Day
2024-07-09 07:50:00,T2,Breakdown,0.0,5262,4740,Evan,Day
2024-09-19 16:27:00,P1,PM,2.0,2297,2055,Chen,Night
